Character ID,Character,Rush Attack damage,Smash Attack damage,Combo attack damage,Throw damage,Counter damage,Follow-up attack damage,Normal Ki-blast damage,Charged Ki-blast damage,Skill attack damage,Super damage,Ultimate damage,Physical resistance,Energy resistance,Separate Blast resistance,Melee charge,Ki-shot charge,Ki recovery,Ki charge,Sparking charge,Pre-Sparking drain,Sparking drain,Ki gained from attacks,Skill-stock recovery speed,Ki-blast energy cost
0000_00,Goku (Z - Early),0,0,0,0,0,0,0,0,0,0,0,0,0,0,0,0,0,0,0,0,0,0,0,0
0000_10,Goku (Z - Mid),0,0,0,0,0,0,0,0,0,0,0,0,0,0,0,0,0,0,0,0,0,0,0,0
0000_11,"Goku (Z - Mid), Super Saiyan",0.119999997318,0.119999997318,0.119999997318,0.10000000149,0.10000000149,0.10000000149,0.119999997318,0.119999997318,0.10000000149,0.10000000149,0.10000000149,0,0,0,0.10000000149,0.10000000149,-0.10000000149,0.10000000149,0,-0.10000000149,0,-0.10000000149,0,0
0000_20,Goku (Z - End),0,0,0,0,0,0,0,0,0,0,0,0,0,0,0,0,0,0,0,0,0,0,0,0
0000_21,"Goku (Z - End), Super Saiyan",0.119999997318,0.119999997318,0.119999997318,0.10000000149,0.10000000149,0.10000000149,0.119999997318,0.119999997318,0.10000000149,0.10000000149,0.10000000149,0,0,0,0.10000000149,0.10000000149,-0.10000000149,0.10000000149,0,-0.10000000149,0,-0.10000000149,0,0
0000_22,"Goku (Z - End), Super Saiyan 2",0.119999997318,0.119999997318,0.119999997318,0.10000000149,0.10000000149,0.10000000149,0.119999997318,0.119999997318,0.10000000149,0.10000000149,0.10000000149,0,0,0,0.10000000149,0.10000000149,-0.10000000149,0.10000000149,0,-0.10000000149,0,-0.10000000149,0,0
0000_23,"Goku (Z - End), Super Saiyan 3",0.119999997318,0.119999997318,0.119999997318,0.10000000149,0.10000000149,0.10000000149,0.119999997318,0.119999997318,0.10000000149,0.10000000149,0.10000000149,0,0,0,0.10000000149,0.10000000149,-0.10000000149,0.10000000149,0,-0.10000000149,0,-0.10000000149,0,0
0000_33,"Goku (GT), Super Saiyan 4",0.119999997318,0.119999997318,0.119999997318,0.10000000149,0.10000000149,0.10000000149,0.119999997318,0.119999997318,0.10000000149,0.10000000149,0.10000000149,0,0,0,0.10000000149,0.10000000149,-0.10000000149,0.10000000149,0,-0.10000000149,0,-0.10000000149,0,0
0000_40,Goku (Super),0,0,0,0,0,0,0,0,0,0,0,0,0,0,0,0,0,0,0,0,0,0,0,0
0000_41,"Goku (Super), Super Saiyan",0.119999997318,0.119999997318,0.119999997318,0.10000000149,0.10000000149,0.10000000149,0.119999997318,0.119999997318,0.10000000149,0.10000000149,0.10000000149,0,0,0,0.10000000149,0.10000000149,-0.10000000149,0.10000000149,0,-0.10000000149,0,-0.10000000149,0,0
0000_43,"Goku (Super), Super Saiyan God Super Saiyan",0.119999997318,0.119999997318,0.119999997318,0.10000000149,0.10000000149,0.10000000149,0.119999997318,0.119999997318,0.10000000149,0.10000000149,0.10000000149,0,0,0,0.10000000149,0.10000000149,-0.10000000149,0.10000000149,0,-0.10000000149,0,-0.10000000149,0,0
0000_50,"Goku (Super), Ultra Instinct -Sign-",0.15000000596,0.15000000596,0.15000000596,0.15000000596,0.15000000596,0.15000000596,0,0,0,0.15000000596,0.15000000596,0,0,0,0.20000000298,0.20000000298,-0.10000000149,0.10000000149,0.20000000298,-0.0500000007451,0,0,-0.0500000007451,0
0000_51,"Goku (Super), Ultra Instinct",0.15000000596,0.15000000596,0.15000000596,0.15000000596,0.15000000596,0.15000000596,0,0,0,0.15000000596,0.15000000596,0,0,0,0.20000000298,0.20000000298,-0.10000000149,0.10000000149,0.20000000298,-0.0500000007451,0,0,-0.0500000007451,0
0001_42,"Goku (Super), Super Saiyan God",0.119999997318,0.119999997318,0.119999997318,0.10000000149,0.10000000149,0.10000000149,0.119999997318,0.119999997318,0.10000000149,0.10000000149,0.10000000149,0,0,0,0.10000000149,0.10000000149,-0.10000000149,0.10000000149,0,-0.10000000149,0,-0.10000000149,0,0
0002_30,Goku (GT),0,0,0,0,0,0,0,0,0,0,0,0,0,0,0,0,0,0,0,0,0,0,0,0
0002_31,"Goku (GT), Super Saiyan",0.119999997318,0.119999997318,0.119999997318,0.10000000149,0.10000000149,0.10000000149,0.119999997318,0.119999997318,0.10000000149,0.10000000149,0.10000000149,0,0,0,0.10000000149,0.10000000149,-0.10000000149,0.10000000149,0,-0.10000000149,0,-0.10000000149,0,0
0002_32,"Goku (GT), Super Saiyan 3",0.119999997318,0.119999997318,0.119999997318,0.10000000149,0.10000000149,0.10000000149,0.119999997318,0.119999997318,0.10000000149,0.10000000149,0.10000000149,0,0,0,0.10000000149,0.10000000149,-0.10000000149,0.10000000149,0,-0.10000000149,0,-0.10000000149,0,0
0002_50,Goku (Teen),0,0,0,0,0,0,0,0,0,0,0,0,0,0,0,0,0,0,0,0,0,0,0,0
0020_00,Vegeta (Z - Scouter),-0.10000000149,-0.10000000149,-0.10000000149,-0.10000000149,-0.10000000149,-0.10000000149,-0.10000000149,0.15000000596,0,0,0,-0.0500000007451,-0.0500000007451,0,-0.25,0.10000000149,0.10000000149,0.10000000149,-0.10000000149,0,0.0500000007451,0,0,-0.20000000298
0020_10,Vegeta (Z - Early),-0.10000000149,-0.10000000149,-0.10000000149,-0.10000000149,-0.10000000149,-0.10000000149,-0.10000000149,0.15000000596,0,0,0,-0.0500000007451,-0.0500000007451,0,-0.25,0.10000000149,0.10000000149,0.10000000149,-0.10000000149,0,0.0500000007451,0,0,-0.20000000298
0020_11,"Vegeta (Z - Early), Super Saiyan",0.119999997318,0.119999997318,0.119999997318,0.10000000149,0.10000000149,0.10000000149,-0.0799999982119,0.119999997318,0.10000000149,0.10000000149,0.10000000149,0,0,0,0.10000000149,0.10000000149,-0.10000000149,0.10000000149,0,-0.10000000149,0,-0.10000000149,0,0
0020_30,Vegeta (Z - End),-0.10000000149,-0.10000000149,-0.10000000149,-0.10000000149,-0.10000000149,-0.10000000149,-0.10000000149,0.15000000596,0,0,0,-0.0500000007451,-0.0500000007451,0,-0.25,0.10000000149,0.10000000149,0.10000000149,-0.10000000149,0,0.0500000007451,0,0,-0.20000000298
0020_31,"Vegeta (Z - End), Super Saiyan",0.119999997318,0.119999997318,0.119999997318,0.10000000149,0.10000000149,0.10000000149,-0.0799999982119,0.119999997318,0.10000000149,0.10000000149,0.10000000149,0,0,0,0.10000000149,0.10000000149,-0.10000000149,0.10000000149,0,-0.10000000149,0,-0.10000000149,0,0
0020_32,"Vegeta (Z - End), Super Saiyan 2",0.119999997318,0.119999997318,0.119999997318,0.10000000149,0.10000000149,0.10000000149,-0.0799999982119,0.119999997318,0.10000000149,0.10000000149,0.10000000149,0,0,0,0.10000000149,0.10000000149,-0.10000000149,0.10000000149,0,-0.10000000149,0,-0.10000000149,0,0
0020_40,Majin Vegeta,0.10000000149,0.10000000149,0.10000000149,0.10000000149,0.10000000149,0.10000000149,-0.10000000149,0.10000000149,0.10000000149,0.10000000149,0.10000000149,0,0,0,0.15000000596,0,0,-0.10000000149,0.10000000149,0,0.10000000149,0,0,0
0020_50,"Vegeta (GT), Super Saiyan 4",0.119999997318,0.119999997318,0.119999997318,0.10000000149,0.10000000149,0.10000000149,-0.0799999982119,0.119999997318,0.10000000149,0.10000000149,0.10000000149,0,0,0,0.10000000149,0.10000000149,-0.10000000149,0.10000000149,0,-0.10000000149,0,-0.10000000149,0,0
0020_60,Vegeta (Super),-0.10000000149,-0.10000000149,-0.10000000149,-0.10000000149,-0.10000000149,-0.10000000149,-0.10000000149,0.15000000596,0,0,0,-0.0500000007451,-0.0500000007451,0,-0.25,0.10000000149,0.10000000149,0.10000000149,-0.10000000149,0,0.0500000007451,0,0,-0.20000000298
0020_61,"Vegeta (Super), Super Saiyan",0.119999997318,0.119999997318,0.119999997318,0.10000000149,0.10000000149,0.10000000149,-0.0799999982119,0.119999997318,0.10000000149,0.10000000149,0.10000000149,0,0,0,0.10000000149,0.10000000149,-0.10000000149,0.10000000149,0,-0.10000000149,0,-0.10000000149,0,0
0020_63,"Vegeta (Super), Super Saiyan God Super Saiyan",0.119999997318,0.119999997318,0.119999997318,0.10000000149,0.10000000149,0.10000000149,-0.0799999982119,0.119999997318,0.10000000149,0.10000000149,0.10000000149,0,0,0,0.10000000149,0.10000000149,-0.10000000149,0.10000000149,0,-0.10000000149,0,-0.10000000149,0,0
0021_20,Super Vegeta,0.119999997318,0.119999997318,0.119999997318,0.10000000149,0.10000000149,0.10000000149,-0.0799999982119,0.119999997318,0.10000000149,0.10000000149,0.10000000149,0,0,0,0.10000000149,0.10000000149,-0.10000000149,0.10000000149,0,-0.10000000149,0,-0.10000000149,0,0
0022_62,"Vegeta (Super), Super Saiyan God",0.119999997318,0.119999997318,0.119999997318,0.10000000149,0.10000000149,0.10000000149,-0.0799999982119,0.119999997318,0.10000000149,0.10000000149,0.10000000149,0,0,0,0.10000000149,0.10000000149,-0.10000000149,0.10000000149,0,-0.10000000149,0,-0.10000000149,0,0
0023_00,Great Ape Vegeta,0.10000000149,1.5,-0.10000000149,2.5,-0.10000000149,0.15000000596,-0.10000000149,-0.10000000149,0,0.10000000149,0.10000000149,0.15000000596,-0.10000000149,0,-0.25,-0.15000000596,0,0,0,0,0,0.0500000007451,0,0
0030_00,Gohan (Kid),0,0,0,0,0,0,0,0,0,0,0,0,0,0,0,0,0,0,0,0,0,0,0,0
0031_00,Gohan (Teen),0,0,0,0,0,0,0,0,0,0,0,0,0,0,0,0,0,0,0,0,0,0,0,0
0031_01,"Gohan (Teen), Super Saiyan",0.119999997318,0.119999997318,0.119999997318,0.10000000149,0.10000000149,0.10000000149,0.119999997318,0.119999997318,0.10000000149,0.10000000149,0.10000000149,0,0,0,0.10000000149,0.10000000149,-0.10000000149,0.10000000149,0,-0.10000000149,0,-0.10000000149,0,0
0031_02,"Gohan (Teen), Super Saiyan 2",0.119999997318,0.119999997318,0.119999997318,0.10000000149,0.10000000149,0.10000000149,0.119999997318,0.119999997318,0.10000000149,0.10000000149,0.10000000149,0,0,0,0.10000000149,0.10000000149,-0.10000000149,0.10000000149,0,-0.10000000149,0,-0.10000000149,0,0
0032_00,Gohan (Adult),0,0,0,0,0,0,0,0,0,0,0,0,0,0,0,0,0,0,0,0,0,0,0,0
0032_01,"Gohan (Adult), Super Saiyan",0.119999997318,0.119999997318,0.119999997318,0.10000000149,0.10000000149,0.10000000149,0.119999997318,0.119999997318,0.10000000149,0.10000000149,0.10000000149,0,0,0,0.10000000149,0.10000000149,-0.10000000149,0.10000000149,0,-0.10000000149,0,-0.10000000149,0,0
0032_02,"Gohan (Adult), Super Saiyan 2",0.119999997318,0.119999997318,0.119999997318,0.10000000149,0.10000000149,0.10000000149,0.119999997318,0.119999997318,0.10000000149,0.10000000149,0.10000000149,0,0,0,0.10000000149,0.10000000149,-0.10000000149,0.10000000149,0,-0.10000000149,0,-0.10000000149,0,0
0032_10,Great Saiyaman,0,0,0,0,0,0,0,0,0,0,0,0,0,0,0,0,0,0,0,0,0,0,0,0
0032_20,Ultimate Gohan,0.10000000149,0.10000000149,0.10000000149,0.10000000149,0.10000000149,0.10000000149,0.10000000149,0.10000000149,0.10000000149,0.10000000149,0.10000000149,0,0,0,0.15000000596,0,0,-0.10000000149,0.10000000149,0,0.10000000149,0,0,0
0032_30,Gohan (Future),0,0,0,0,0,0,0,0,0,0,0,0,0,0,0,0,0,0,0,0,0,0,0,0
0032_31,"Gohan (Future), Super Saiyan",0.119999997318,0.119999997318,0.119999997318,0.10000000149,0.10000000149,0.10000000149,0.119999997318,0.119999997318,0.10000000149,0.10000000149,0.10000000149,0,0,0,0.10000000149,0.10000000149,-0.10000000149,0.10000000149,0,-0.10000000149,0,-0.10000000149,0,0
0040_00,Piccolo,0,0,0,0,0,0,0,0,0,0,0,0,0,0,0,0,0,0,0,0,0,0,0,0
0040_10,Piccolo (Fused with Kami),0,0,0,0,0,0,0,0,0,0,0,0,0,0,0,0,0,0,0,0,0,0,0,0
0040_20,Nail,0,0,0,0,0,0,0,0,0,0,0,0,0,0,0,0,0,0,0,0,0,0,0,0
0050_00,Krillin,0,0,0,0,0,0,0,0,0,0,0,0,0,0,0,0,0,0,0,0,0,0,0,0
0060_00,Yamcha,0,0,0,0,0,0,0,0,0,0,0,0,0,0,0,0,0,0,0,0,0,0,0,0
0070_00,Tien,0.10000000149,0,0.10000000149,-0.0500000007451,0.10000000149,-0.0500000007451,0.10000000149,0,0.10000000149,0.10000000149,0,0,0,0,-0.0500000007451,-0.0500000007451,0,0.10000000149,0,0,0,0,0,0
0080_00,Trunks (Sword),0,0,0,0,0,0,0,0,0,0,0,0,0,0,0,0,0,0,0,0,0,0,0,0
0080_01,"Trunks (Sword), Super Saiyan",0.119999997318,0.119999997318,0.119999997318,0.10000000149,0.10000000149,0.10000000149,0.119999997318,0.119999997318,0.10000000149,0.10000000149,0.10000000149,0,0,0,0.10000000149,0.10000000149,-0.10000000149,0.10000000149,0,-0.10000000149,0,-0.10000000149,0,0
0080_10,Trunks (Melee),0,0,0,0,0,0,0,0,0,0,0,0,0,0,0,0,0,0,0,0,0,0,0,0
0080_11,"Trunks (Melee), Super Saiyan",0.119999997318,0.119999997318,0.119999997318,0.10000000149,0.10000000149,0.10000000149,0.119999997318,0.119999997318,0.10000000149,0.10000000149,0.10000000149,0,0,0,0.10000000149,0.10000000149,-0.10000000149,0.10000000149,0,-0.10000000149,0,-0.10000000149,0,0
0080_30,Future Trunks,0,0,0,0,0,0,0,0,0,0,0,0,0,0,0,0,0,0,0,0,0,0,0,0
0080_31,"Future Trunks, Super Saiyan",0.119999997318,0.119999997318,0.119999997318,0.10000000149,0.10000000149,0.10000000149,0.119999997318,0.119999997318,0.10000000149,0.10000000149,0.10000000149,0,0,0,0.10000000149,0.10000000149,-0.10000000149,0.10000000149,0,-0.10000000149,0,-0.10000000149,0,0
0081_20,Super Trunks,0.15000000596,0.15000000596,0.15000000596,0.15000000596,0.15000000596,0.15000000596,-0.15000000596,-0.15000000596,-0.0500000007451,-0.0500000007451,-0.0500000007451,0.0500000007451,0.0500000007451,0,0.300000011921,-0.15000000596,-0.10000000149,-0.10000000149,0.20000000298,0,0,0,0,0.10000000149
0082_00,Trunks (Kid),0,0,0,0,0,0,0,0,0,0,0,0,0,0,0,0,0,0,0,0,0,0,0,0
0082_01,"Trunks (Kid), Super Saiyan",0.119999997318,0.119999997318,0.119999997318,0.10000000149,0.10000000149,0.10000000149,0.119999997318,0.119999997318,0.10000000149,0.10000000149,0.10000000149,0,0,0,0.10000000149,0.10000000149,-0.10000000149,0.10000000149,0,-0.10000000149,0,-0.10000000149,0,0
0090_00,Goten,0,0,0,0,0,0,0,0,0,0,0,0,0,0,0,0,0,0,0,0,0,0,0,0
0090_01,"Goten, Super Saiyan",0.119999997318,0.119999997318,0.119999997318,0.10000000149,0.10000000149,0.10000000149,0.119999997318,0.119999997318,0.10000000149,0.10000000149,0.10000000149,0,0,0,0.10000000149,0.10000000149,-0.10000000149,0.10000000149,0,-0.10000000149,0,-0.10000000149,0,0
0100_00,Vegito,0.129999995232,0.129999995232,0.129999995232,0.10000000149,0.10000000149,0.10000000149,0.129999995232,0.129999995232,0.10000000149,0.10000000149,0.10000000149,0.0500000007451,0.0500000007451,0,0.15000000596,0.15000000596,-0.15000000596,0.10000000149,0.10000000149,-0.15000000596,0.10000000149,-0.15000000596,0,0.10000000149
0100_01,Super Vegito,0.129999995232,0.129999995232,0.129999995232,0.10000000149,0.10000000149,0.10000000149,0.129999995232,0.129999995232,0.10000000149,0.10000000149,0.10000000149,0.0500000007451,0.0500000007451,0,0.15000000596,0.15000000596,-0.15000000596,0.10000000149,0.10000000149,-0.15000000596,0.10000000149,-0.15000000596,0,0.10000000149
0100_02,"Vegito, Super Saiyan God Super Saiyan",0.129999995232,0.129999995232,0.129999995232,0.10000000149,0.10000000149,0.10000000149,0.129999995232,0.129999995232,0.10000000149,0.10000000149,0.10000000149,0.0500000007451,0.0500000007451,0,0.15000000596,0.15000000596,-0.15000000596,0.10000000149,0.10000000149,-0.15000000596,0.10000000149,-0.15000000596,0,0.10000000149
0110_00,Gogeta (Super),0.129999995232,0.129999995232,0.129999995232,0.10000000149,0.10000000149,0.10000000149,0.129999995232,0.129999995232,0.10000000149,0.10000000149,0.10000000149,0.0500000007451,0.0500000007451,0,0.15000000596,0.15000000596,-0.15000000596,0.10000000149,0.10000000149,-0.15000000596,0.10000000149,-0.15000000596,0,0.10000000149
0110_01,"Gogeta (Super), Super Saiyan",0.129999995232,0.129999995232,0.129999995232,0.10000000149,0.10000000149,0.10000000149,0.129999995232,0.129999995232,0.10000000149,0.10000000149,0.10000000149,0.0500000007451,0.0500000007451,0,0.15000000596,0.15000000596,-0.15000000596,0.10000000149,0.10000000149,-0.15000000596,0.10000000149,-0.15000000596,0,0.10000000149
0110_02,"Gogeta (GT), Super Saiyan 4",0.129999995232,0.129999995232,0.129999995232,0.10000000149,0.10000000149,0.10000000149,0.129999995232,0.129999995232,0.10000000149,0.10000000149,0.10000000149,0.0500000007451,0.0500000007451,0,0.15000000596,0.15000000596,-0.15000000596,0.10000000149,0.10000000149,-0.15000000596,0.10000000149,-0.15000000596,0,0.10000000149
0110_03,"Gogeta (Super), Super Saiyan God Super Saiyan",0.129999995232,0.129999995232,0.129999995232,0.10000000149,0.10000000149,0.10000000149,0.129999995232,0.129999995232,0.10000000149,0.10000000149,0.10000000149,0.0500000007451,0.0500000007451,0,0.15000000596,0.15000000596,-0.15000000596,0.10000000149,0.10000000149,-0.15000000596,0.10000000149,-0.15000000596,0,0.10000000149
0110_04,Super Gogeta (Z),0.129999995232,0.129999995232,0.129999995232,0.10000000149,0.10000000149,0.10000000149,0.129999995232,0.129999995232,0.10000000149,0.10000000149,0.10000000149,0.0500000007451,0.0500000007451,0,0.15000000596,0.15000000596,-0.15000000596,0.10000000149,0.10000000149,-0.15000000596,0.10000000149,-0.15000000596,0,0.10000000149
0120_00,Gotenks,0.129999995232,0.129999995232,0.129999995232,0.10000000149,0.10000000149,0.10000000149,0.129999995232,0.129999995232,0.10000000149,0.10000000149,0.10000000149,0.0500000007451,0.0500000007451,0,0.15000000596,0.15000000596,-0.15000000596,0.10000000149,0.10000000149,-0.15000000596,0.10000000149,-0.15000000596,0,0.10000000149
0120_01,"Gotenks, Super Saiyan",0.129999995232,0.129999995232,0.129999995232,0.10000000149,0.10000000149,0.10000000149,0.129999995232,0.129999995232,0.10000000149,0.10000000149,0.10000000149,0.0500000007451,0.0500000007451,0,0.15000000596,0.15000000596,-0.15000000596,0.10000000149,0.10000000149,-0.15000000596,0.10000000149,-0.15000000596,0,0.10000000149
0120_02,"Gotenks, Super Saiyan 3",0.129999995232,0.129999995232,0.129999995232,0.10000000149,0.10000000149,0.10000000149,0.129999995232,0.129999995232,0.10000000149,0.10000000149,0.10000000149,0.0500000007451,0.0500000007451,0,0.15000000596,0.15000000596,-0.15000000596,0.10000000149,0.10000000149,-0.15000000596,0.10000000149,-0.15000000596,0,0.10000000149
0121_00,Mighty Mask,0,0,0,0,0,0,0,0,0,0,0,0,0,0,0,0,0,0,0,0,0,0,0,0
0130_00,Videl,0,0,0,0,0,0,0,0,0,0,0,0,0,0,0,0,0,0,0,0,0,0,0,0
0140_00,Master Roshi,-0.119999997318,-0.119999997318,-0.119999997318,-0.119999997318,-0.119999997318,-0.119999997318,-0.119999997318,-0.119999997318,0,-0.119999997318,-0.10000000149,0,0,0,-0.15000000596,0,0.34999999404,0.0500000007451,0.0500000007451,0,0,0,0.300000011921,0
0141_00,"Master Roshi, Max Power",0.15000000596,0.15000000596,0.15000000596,0.15000000596,0.15000000596,0.15000000596,-0.15000000596,-0.15000000596,-0.0500000007451,-0.0500000007451,-0.0500000007451,0.0500000007451,0.0500000007451,0,0.300000011921,-0.15000000596,-0.10000000149,-0.10000000149,0.20000000298,0,0,0,0,0.10000000149
0150_00,"Frieza (Z), 1st Form",-0.10000000149,-0.10000000149,-0.10000000149,-0.10000000149,-0.10000000149,-0.10000000149,0.15000000596,0.15000000596,0,0,0,-0.0500000007451,-0.0500000007451,0,-0.25,0.10000000149,0.10000000149,0.10000000149,-0.10000000149,0,0.0500000007451,0,0,-0.20000000298
0151_00,"Frieza (Z), 2nd Form",0.15000000596,0.15000000596,0.15000000596,0.15000000596,0.15000000596,0.15000000596,-0.15000000596,-0.15000000596,-0.0500000007451,-0.0500000007451,-0.0500000007451,0.0500000007451,0.0500000007451,0,0.300000011921,-0.15000000596,-0.10000000149,-0.10000000149,0.20000000298,0,0,0,0,0.10000000149
0152_00,"Frieza (Z), 3rd Form",0,0,0,0.15000000596,0,0.15000000596,0,0,0.10000000149,0.17499999702,0.17499999702,0,0,0,0,0,-0.10000000149,0.10000000149,0,-0.10000000149,0,-0.10000000149,0,0
0153_00,"Frieza (Z), 4th Form",0,0,0,0.15000000596,0,0.15000000596,0,0,0.10000000149,0.17499999702,0.17499999702,0,0,0,0,0,-0.10000000149,0.10000000149,0,-0.10000000149,0,-0.10000000149,0,0
0153_10,Mecha Frieza,-0.10000000149,-0.10000000149,-0.10000000149,-0.10000000149,-0.10000000149,-0.10000000149,0.15000000596,0.15000000596,0,0,0,-0.0500000007451,-0.0500000007451,0,-0.25,0.10000000149,0.10000000149,0.10000000149,-0.10000000149,0,0.0500000007451,0,0,-0.20000000298
0153_20,Frieza (Super),0,0,0,0,0,0,0,0,0,0,0,0,0,0,0,0,0,0,0,0,0,0,0,0
0154_00,"Frieza (Z), Full Power",0,0,0,0.15000000596,0,0.15000000596,0,0,0.10000000149,0.17499999702,0.17499999702,0,0,0,0,0,-0.10000000149,0.10000000149,0,-0.10000000149,0,-0.10000000149,0,0
0155_00,Golden Frieza,0.10000000149,0.10000000149,0.10000000149,0.10000000149,0.10000000149,0.10000000149,0.10000000149,0.10000000149,0.10000000149,0.10000000149,0.10000000149,0,0,0,0.15000000596,0,0,-0.10000000149,0.10000000149,0,0.10000000149,0,0,0
0160_00,"Cell, 1st Form",0,0,0,0,0,0,0,0,0,0,0,0,0,0,0,0,0,0,0,0,0,0,0,0
0161_00,"Cell, 2nd Form",0,0,0,0,0,0,0,0,0,0,0,0,0,0,0,0,0,0,0,0,0,0,0,0
0162_00,"Cell, Perfect Form",0,0,0,0.15000000596,0,0.15000000596,0,0,0.10000000149,0.17499999702,0.17499999702,0,0,0,0,0,-0.10000000149,0.10000000149,0,-0.10000000149,0,-0.10000000149,0,0
0162_01,Perfect Cell,0.10000000149,0.10000000149,0.10000000149,0.10000000149,0.10000000149,0.10000000149,0.10000000149,0.10000000149,0.10000000149,0.10000000149,0.10000000149,0,0,0,0.15000000596,0,0,-0.10000000149,0.10000000149,0,0.10000000149,0,0,0
0163_00,Cell Jr.,0,0,0,0,0,0,0,0,0,0,0,0,0,0,0,0,0,0,0,0,0,0,0,0
0170_00,Majin Buu,0.15000000596,0.15000000596,0.15000000596,0.15000000596,0.15000000596,0.15000000596,-0.15000000596,-0.15000000596,-0.0500000007451,-0.0500000007451,-0.0500000007451,0.0500000007451,0.0500000007451,0,0.300000011921,-0.15000000596,-0.10000000149,-0.10000000149,0.20000000298,0,0,0,0,0.10000000149
0171_00,Majin Buu (Evil),-0.0500000007451,-0.20000000298,-0.20000000298,-0.10000000149,-0.10000000149,-0.10000000149,0,0,0,0,0,-0.10000000149,-0.10000000149,0,-0.25,0.10000000149,0,0,0,0,0.0500000007451,0,0.0500000007451,0.20000000298
0172_00,Super Buu,0,0,0,0.15000000596,0,0.15000000596,0,0,0.10000000149,0.17499999702,0.17499999702,0,0,0,0,0,-0.10000000149,0.10000000149,0,-0.10000000149,0,-0.10000000149,0,0
0172_10,Super Buu (Gotenks Absorbed),0.10000000149,0.10000000149,0.10000000149,0.10000000149,0.10000000149,0.10000000149,0.10000000149,0.10000000149,0.10000000149,0.10000000149,0.10000000149,0,0,0,0.15000000596,0,0,-0.10000000149,0.10000000149,0,0.10000000149,0,0,0
0172_11,Super Buu (Gohan Absorbed),0.10000000149,0.10000000149,0.10000000149,0.10000000149,0.10000000149,0.10000000149,0.10000000149,0.10000000149,0.10000000149,0.10000000149,0.10000000149,0,0,0,0.15000000596,0,0,-0.10000000149,0.10000000149,0,0.10000000149,0,0,0
0173_00,Kid Buu,0.10000000149,0.10000000149,0.10000000149,0.10000000149,0.10000000149,0.10000000149,0.10000000149,0.10000000149,0.10000000149,0.10000000149,0.10000000149,0,0,0,0.15000000596,0,0,-0.10000000149,0.10000000149,0,0.10000000149,0,0,0
0180_00,Mr. Satan,-0.370000004768,-0.370000004768,-0.370000004768,-0.370000004768,-0.370000004768,-0.370000004768,-0.370000004768,-0.370000004768,0,-0.20000000298,-0.155000001192,0,0,0,-0.15000000596,0,0.34999999404,0.0500000007451,0.0500000007451,0,0,0,0.300000011921,0
0190_00,Chiaotzu,-0.10000000149,-0.10000000149,-0.10000000149,-0.10000000149,-0.10000000149,-0.10000000149,0.15000000596,0.15000000596,0,0,0,-0.0500000007451,-0.0500000007451,0,-0.25,0.10000000149,0.10000000149,0.10000000149,-0.10000000149,0,0.0500000007451,0,0,-0.20000000298
0210_00,Yajirobe,-0.119999997318,-0.119999997318,-0.119999997318,-0.119999997318,-0.119999997318,-0.119999997318,-0.119999997318,-0.119999997318,0,-0.119999997318,-0.10000000149,0,0,0,-0.15000000596,0,0.34999999404,0.0500000007451,0.0500000007451,0,0,0,0,0
0220_00,Pikkon,0,0,0,0,0,0,0,0,0,0,0,0,0,0,0,0,0,0,0,0,0,0,0,0
0230_00,Pan (GT),0,0,0,0,0,0,0,0,0,0,0,0,0,0,0,0,0,0,0,0,0,0,0,0
0240_00,Uub (GT),0,0,0,0,0,0,0,0,0,0,0,0,0,0,0,0,0,0,0,0,0,0,0,0
0240_01,Majuub (GT),0,0,0,0,0,0,0,0,0,0,0,0,0,0,0,0,0,0,0,0,0,0,0,0
0260_00,Grandpa Gohan,-0.119999997318,-0.119999997318,-0.119999997318,-0.119999997318,-0.119999997318,-0.119999997318,-0.119999997318,-0.119999997318,0,-0.119999997318,-0.10000000149,0,0,0,-0.15000000596,0,0.34999999404,0.0500000007451,0.0500000007451,0,0,0,0.300000011921,0
0270_00,Nam,-0.119999997318,-0.119999997318,-0.119999997318,-0.119999997318,-0.119999997318,-0.119999997318,-0.119999997318,-0.119999997318,0,-0.119999997318,-0.10000000149,0,0,0,-0.15000000596,0,0.34999999404,0.0500000007451,0.0500000007451,0,0,0,0.300000011921,0
0280_00,Eighter,0,0,0,0,0,0,0,0,0,0,0,0,0,0,0,0,0,0,0,0,0,0.300000011921,0,0
0301_00,Chi-Chi,-0.119999997318,-0.119999997318,-0.119999997318,-0.119999997318,-0.119999997318,-0.119999997318,-0.119999997318,-0.119999997318,0,-0.119999997318,-0.10000000149,0,0,0,-0.15000000596,0,0.34999999404,0.0500000007451,0.0500000007451,0,0,0,0.300000011921,0
0310_00,Bardock,0,0,0,0,0,0,0,0,0,0,0,0,0,0,0,0,0,0,0,0,0,0,0,0
0310_01,"Bardock, Super Saiyan",0.119999997318,0.119999997318,0.119999997318,0.10000000149,0.10000000149,0.10000000149,0.119999997318,0.119999997318,0.10000000149,0.10000000149,0.10000000149,0,0,0,0.10000000149,0.10000000149,-0.10000000149,0.10000000149,0,-0.10000000149,0,-0.10000000149,0,0
0320_00,Raditz,0,0,0,0,0,0,0,0,0,0,0,0,0,0,0,0,0,0,0,0,0,0,0,0
0330_00,Saibaman,0,0,0,0,0,0,0,0,0,0,0,0,0,0,0,0,0,0,0,0,0,0,0,0
0340_00,Nappa,0.15000000596,0.15000000596,0.15000000596,0.15000000596,0.15000000596,0.15000000596,-0.15000000596,-0.15000000596,-0.0500000007451,-0.0500000007451,-0.0500000007451,0.0500000007451,0.0500000007451,0,0.300000011921,-0.15000000596,-0.10000000149,-0.10000000149,0.20000000298,0,0,0,0,0.10000000149
0350_00,Zarbon,-0.0500000007451,-0.20000000298,-0.20000000298,-0.10000000149,-0.10000000149,-0.10000000149,0,0,0,0,0,-0.10000000149,-0.10000000149,0,-0.25,0.10000000149,0,0,0,0,0.0500000007451,0,0.0500000007451,0.20000000298
0351_00,Super Zarbon,0.15000000596,0.15000000596,0.15000000596,0.15000000596,0.15000000596,0.15000000596,-0.15000000596,-0.15000000596,-0.0500000007451,-0.0500000007451,-0.0500000007451,0.0500000007451,0.0500000007451,0,0.300000011921,-0.15000000596,-0.10000000149,-0.10000000149,0.20000000298,0,0,0,0,0.10000000149
0360_00,Dodoria,0.15000000596,0.15000000596,0.15000000596,0.15000000596,0.15000000596,0.15000000596,-0.15000000596,-0.15000000596,-0.0500000007451,-0.0500000007451,-0.0500000007451,0.0500000007451,0.0500000007451,0,0.300000011921,-0.15000000596,-0.10000000149,-0.10000000149,0.20000000298,0,0,0,0,0.10000000149
0370_00,Cui,0,0,0,0,0,0,0,0,0,0,0,0,0,0,0,0,0,0,0,0,0,0,0,0
0380_00,Captain Ginyu,0,0,0,0,0,0,0,0,0,0,0,0,0,0,0,0,0,0,0,0,0,0,0,0
0390_00,Recoome,0.15000000596,0.15000000596,0.15000000596,0.15000000596,0.15000000596,0.15000000596,-0.15000000596,-0.15000000596,-0.0500000007451,-0.0500000007451,-0.0500000007451,0.0500000007451,0.0500000007451,0,0.300000011921,-0.15000000596,-0.10000000149,-0.10000000149,0.20000000298,0,0,0,0,0.10000000149
0400_00,Burter,-0.0500000007451,-0.20000000298,-0.20000000298,-0.10000000149,-0.10000000149,-0.10000000149,0,0,0,0,0,-0.10000000149,-0.10000000149,0,-0.25,0.10000000149,0,0,0,0,0.0500000007451,0,0.0500000007451,0.20000000298
0410_00,Jeice,0,0,0,0,0,0,0,0,0,0,0,0,0,0,0,0,0,0,0,0,0,0,0,0
0420_00,Guldo,0,0,0,0,0,0,0,0,0,0,0,0,0,0,0,0,0,0,0,0,0,0,0,0
0430_00,King Cold,0.15000000596,0.15000000596,0.15000000596,0.15000000596,0.15000000596,0.15000000596,-0.15000000596,-0.15000000596,-0.0500000007451,-0.0500000007451,-0.0500000007451,0.0500000007451,0.0500000007451,0,0.300000011921,-0.15000000596,-0.10000000149,-0.10000000149,0.20000000298,0,0,0,0,0.10000000149
0440_00,Android 16,0.15000000596,0.15000000596,0.15000000596,0.15000000596,0.15000000596,0.15000000596,-0.15000000596,-0.15000000596,-0.0500000007451,-0.0500000007451,-0.0500000007451,0.0500000007451,0.0500000007451,0,0.300000011921,-0.15000000596,-0.10000000149,-0.10000000149,0.20000000298,0,0,0.300000011921,0,0.10000000149
0450_00,Android 17 (Z),-0.10000000149,-0.10000000149,-0.10000000149,-0.10000000149,-0.10000000149,-0.10000000149,0.15000000596,0.15000000596,0,0,0,-0.0500000007451,-0.0500000007451,0,-0.25,0.10000000149,0.10000000149,0.10000000149,-0.10000000149,0,0.0500000007451,0.300000011921,0,-0.20000000298
0450_10,Android 17 (Super),-0.10000000149,-0.10000000149,-0.10000000149,-0.10000000149,-0.10000000149,-0.10000000149,0.15000000596,0.15000000596,0,0,0,-0.0500000007451,-0.0500000007451,0,-0.25,0.10000000149,0.10000000149,0.10000000149,-0.10000000149,0,0.0500000007451,0.300000011921,0,-0.20000000298
0451_00,Super 17,-0.10000000149,-0.10000000149,-0.10000000149,-0.10000000149,-0.10000000149,-0.10000000149,0.15000000596,0.15000000596,0,0,0,-0.0500000007451,-0.0500000007451,0,-0.25,0.10000000149,0.10000000149,0.10000000149,-0.10000000149,0,0.0500000007451,0.300000011921,0,-0.20000000298
0460_00,Android 18,-0.10000000149,-0.10000000149,-0.10000000149,-0.10000000149,-0.10000000149,-0.10000000149,0.15000000596,0.15000000596,0,0,0,-0.0500000007451,-0.0500000007451,0,-0.25,0.10000000149,0.10000000149,0.10000000149,-0.10000000149,0,0.0500000007451,0.300000011921,0,-0.20000000298
0470_00,Android 19,0.15000000596,0.15000000596,0.15000000596,0.15000000596,0.15000000596,0.15000000596,-0.15000000596,-0.15000000596,-0.0500000007451,-0.0500000007451,-0.0500000007451,0.0500000007451,0.0500000007451,0,0.300000011921,-0.15000000596,-0.10000000149,-0.10000000149,0.20000000298,0,0,1.13399994373,0,0.10000000149
0480_00,Dr. Gero,0,0,0,0,0,0,0,0,0,0,0,0,0,0,0,0,0,0,0,0,0,1.13399994373,0,0
0490_00,Babidi,-0.10000000149,-0.10000000149,-0.10000000149,-0.10000000149,-0.10000000149,-0.10000000149,0.15000000596,0.15000000596,0,0,0,-0.0500000007451,-0.0500000007451,0,-0.25,0.10000000149,0.10000000149,0.10000000149,-0.10000000149,0,0.0500000007451,0,0,-0.20000000298
0500_00,Dabura,0,0,0,0.15000000596,0,0.15000000596,0,0,0.10000000149,0.17499999702,0.17499999702,0,0,0,0,0,-0.10000000149,0.10000000149,0,-0.10000000149,0,-0.10000000149,0,0
0510_00,King Vegeta,0,0,0,0,0,0,0,0,0,0,0,0,0,0,0,0,0,0,0,0,0,0,0,0
0540_00,Frieza Force Soldier,0,0,0,0,0,0,0,0,0,0,0,0,0,0,0,0,0,0,0,0,0,0,0,0
0550_00,Broly (Z),0,0,0,0,0,0,0,0,0,0,0,0,0,0,0,0,0,0,0,0,0,0,0,0
0551_00,"Broly (Z), Super Saiyan",0.15000000596,0.15000000596,0.15000000596,0.15000000596,0.15000000596,0.15000000596,-0.15000000596,-0.15000000596,-0.0500000007451,-0.0500000007451,-0.0500000007451,0.0500000007451,0.0500000007451,0,0.300000011921,-0.15000000596,-0.10000000149,-0.10000000149,0.20000000298,0,0,0,0,0.10000000149
0552_00,"Broly (Z), Legendary Super Saiyan",0.34999999404,0.34999999404,0.34999999404,0.34999999404,0,0.34999999404,0.10000000149,0.10000000149,0.10000000149,0.0500000007451,0.0500000007451,-0.129999995232,-0.129999995232,0,0.15000000596,0,0,0,0,0,0,0,0,0
0553_00,Broly (Super),0,0,0,0,0,0,0,0,0,0,0,0,0,0,0,0,0,0,0,0,0,0,0,0
0554_00,"Broly (Super), Super Saiyan",0.15000000596,0.15000000596,0.15000000596,0.15000000596,0.15000000596,0.15000000596,-0.15000000596,-0.15000000596,-0.0500000007451,-0.0500000007451,-0.0500000007451,0.0500000007451,0.0500000007451,0,0.300000011921,-0.15000000596,-0.10000000149,-0.10000000149,0.20000000298,0,0,0,0,0.10000000149
0555_00,"Broly (Super), Super Saiyan (Full Power)",0.34999999404,0.34999999404,0.34999999404,0.34999999404,0,0.34999999404,0.10000000149,0.10000000149,0.10000000149,0.0500000007451,0.0500000007451,-0.129999995232,-0.129999995232,0,0.15000000596,0,0,0,0,0,0,0,0,0
0561_00,Super Garlic Jr.,0.15000000596,0.15000000596,0.15000000596,0.15000000596,0.15000000596,0.15000000596,-0.15000000596,-0.15000000596,-0.0500000007451,-0.0500000007451,-0.0500000007451,0.0500000007451,0.0500000007451,0,0.300000011921,-0.15000000596,-0.10000000149,-0.10000000149,0.20000000298,0,0,0,0,0.10000000149
0570_00,Dr. Wheelo,0.10000000149,1.5,-0.10000000149,2.5,-0.10000000149,0.15000000596,-0.10000000149,-0.10000000149,0,0.10000000149,0.10000000149,0.15000000596,-0.10000000149,0,-0.25,-0.15000000596,0,0,0,0,0,0.0500000007451,0,0
0580_00,Turles,-0.10000000149,-0.10000000149,-0.10000000149,-0.10000000149,-0.10000000149,-0.10000000149,0.15000000596,0.15000000596,0,0,0,-0.0500000007451,-0.0500000007451,0,-0.25,0.10000000149,0.10000000149,0.10000000149,-0.10000000149,0,0.0500000007451,0,0,-0.20000000298
0590_00,Lord Slug,0.15000000596,0.15000000596,0.15000000596,0.15000000596,0.15000000596,0.15000000596,-0.15000000596,-0.15000000596,-0.0500000007451,-0.0500000007451,-0.0500000007451,0.0500000007451,0.0500000007451,0,0.300000011921,-0.15000000596,-0.10000000149,-0.10000000149,0.20000000298,0,0,0,0,0.10000000149
0591_00,"Lord Slug, Giant Form",0.10000000149,1.5,-0.10000000149,2.5,-0.10000000149,0.15000000596,-0.10000000149,-0.10000000149,0,0.10000000149,0.10000000149,0.15000000596,-0.10000000149,0,-0.25,-0.15000000596,0,0,0,0,0,0.0500000007451,0,0
0600_00,Cooler,0,0,0,0,0,0,0,0,0,0,0,0,0,0,0,0,0,0,0,0,0,0,0,0
0600_10,Metal Cooler,0,0,0,0.15000000596,0,0.15000000596,0,0,0.10000000149,0.17499999702,0.17499999702,0,0,0,0,0,-0.10000000149,0.10000000149,0,-0.10000000149,0,-0.10000000149,0,0
0601_00,"Cooler, Final Form",0.15000000596,0.15000000596,0.15000000596,0.15000000596,0.15000000596,0.15000000596,-0.15000000596,-0.15000000596,-0.0500000007451,-0.0500000007451,-0.0500000007451,0.0500000007451,0.0500000007451,0,0.300000011921,-0.15000000596,-0.10000000149,-0.10000000149,0.20000000298,0,0,0,0,0.10000000149
0610_00,Salza,0,0,0,0,0,0,0,0,0,0,0,0,0,0,0,0,0,0,0,0,0,0,0,0
0620_00,Android 13,-0.10000000149,-0.10000000149,-0.10000000149,-0.10000000149,-0.10000000149,-0.10000000149,0.15000000596,0.15000000596,0,0,0,-0.0500000007451,-0.0500000007451,0,-0.25,0.10000000149,0.10000000149,0.10000000149,-0.10000000149,0,0.0500000007451,0.300000011921,0,-0.20000000298
0621_00,Fusion Android 13,0.15000000596,0.15000000596,0.15000000596,0.15000000596,0.15000000596,0.15000000596,-0.15000000596,-0.15000000596,-0.0500000007451,-0.0500000007451,-0.0500000007451,0.0500000007451,0.0500000007451,0,0.300000011921,-0.15000000596,-0.10000000149,-0.10000000149,0.20000000298,0,0,0.300000011921,0,0.10000000149
0630_00,Bojack,0.15000000596,0.15000000596,0.15000000596,0.15000000596,0.15000000596,0.15000000596,-0.15000000596,-0.15000000596,-0.0500000007451,-0.0500000007451,-0.0500000007451,0.0500000007451,0.0500000007451,0,0.300000011921,-0.15000000596,-0.10000000149,-0.10000000149,0.20000000298,0,0,0,0,0.10000000149
0631_00,Full-Power Bojack,0.15000000596,0.15000000596,0.15000000596,0.15000000596,0.15000000596,0.15000000596,-0.15000000596,-0.15000000596,-0.0500000007451,-0.0500000007451,-0.0500000007451,0.0500000007451,0.0500000007451,0,0.300000011921,-0.15000000596,-0.10000000149,-0.10000000149,0.20000000298,0,0,0,0,0.10000000149
0640_00,Zangya,-0.0500000007451,-0.20000000298,-0.20000000298,-0.10000000149,-0.10000000149,-0.10000000149,0,0,0,0,0,-0.10000000149,-0.10000000149,0,-0.25,0.10000000149,0,0,0,0,0.0500000007451,0,0.0500000007451,0.20000000298
0650_00,Janemba,0.10000000149,1.5,-0.10000000149,2.5,-0.10000000149,0.15000000596,-0.10000000149,-0.10000000149,0,0.10000000149,0.10000000149,0.15000000596,-0.10000000149,0,-0.25,-0.15000000596,0,0,0,0,0,0.0500000007451,0,0
0651_00,Super Janemba,0.10000000149,0.10000000149,0.10000000149,0.10000000149,0.10000000149,0.10000000149,0.10000000149,0.10000000149,0.10000000149,0.10000000149,0.10000000149,0,0,0,0.15000000596,0,0,-0.10000000149,0.10000000149,0,0.10000000149,0,0,0
0660_00,Tapion,-0.0500000007451,-0.20000000298,-0.20000000298,-0.10000000149,-0.10000000149,-0.10000000149,0,0,0,0,0,-0.10000000149,-0.10000000149,0,-0.25,0.10000000149,0,0,0,0,0.0500000007451,0,0.0500000007451,0.20000000298
0670_00,Hirudegarn,0.10000000149,1.5,-0.10000000149,2.5,-0.10000000149,0.15000000596,-0.10000000149,-0.10000000149,0,0.10000000149,0.10000000149,0.15000000596,-0.10000000149,0,-0.25,-0.15000000596,0,0,0,0,0,0.0500000007451,0,0
0680_00,Baby Vegeta (GT),-0.10000000149,-0.10000000149,-0.10000000149,-0.10000000149,-0.10000000149,-0.10000000149,-0.10000000149,0.15000000596,0,0,0,-0.0500000007451,-0.0500000007451,0,-0.25,0.10000000149,0.10000000149,0.10000000149,-0.10000000149,0,0.0500000007451,0,0,-0.20000000298
0680_01,Super Baby 1 (GT),0,0,0,0,0,0,0,0,0,0,0,0,0,0,0,0,0,0,0,0,0,0,0,0
0680_02,Super Baby 2 (GT),0.10000000149,0.10000000149,0.10000000149,0.10000000149,0.10000000149,0.10000000149,0.10000000149,0.10000000149,0.10000000149,0.10000000149,0.10000000149,0,0,0,0.15000000596,0,0,-0.10000000149,0.10000000149,0,0.10000000149,0,0,0
0681_00,Great Ape Baby (GT),0.10000000149,1.5,-0.10000000149,2.5,-0.10000000149,0.15000000596,-0.10000000149,-0.10000000149,0,0.10000000149,0.10000000149,0.15000000596,-0.10000000149,0,-0.25,-0.15000000596,0,0,0,0,0,0.0500000007451,0,0
0690_00,Nuova Shenron (GT),-0.0500000007451,-0.20000000298,-0.20000000298,-0.10000000149,-0.10000000149,-0.10000000149,0,0,0,0,0,-0.10000000149,-0.10000000149,0,-0.25,0.10000000149,0,0,0,0,0.0500000007451,0,0.0500000007451,0.20000000298
0700_00,Syn Shenron (GT),0.15000000596,0.15000000596,0.15000000596,0.15000000596,0.15000000596,0.15000000596,-0.15000000596,-0.15000000596,-0.0500000007451,-0.0500000007451,-0.0500000007451,0.0500000007451,0.0500000007451,0,0.300000011921,-0.15000000596,-0.10000000149,-0.10000000149,0.20000000298,0,0,0,0,0.10000000149
0700_01,Omega Shenron (GT),0.10000000149,0.10000000149,0.10000000149,0.10000000149,0.10000000149,0.10000000149,0.10000000149,0.10000000149,0.10000000149,0.10000000149,0.10000000149,0,0,0,0.15000000596,0,0,-0.10000000149,0.10000000149,0,0.10000000149,0,0,0
0710_00,Mercenary Tao,0,0,0,0,0,0,0,0,0,0,0,0,0,0,0,0,0,0,0,0,0,0,0,0
0720_00,General Blue,0,0,0,0,0,0,0,0,0,0,0,0,0,0,0,0,0,0,0,0,0,0,0,0
0730_00,Spike the Devil Man,0,0,0,0,0,0,0,0,0,0,0,0,0,0,0,0,0,0,0,0,0,0,0,0
0760_00,Spopovich,0.15000000596,0.15000000596,0.15000000596,0.15000000596,0.15000000596,0.15000000596,-0.15000000596,-0.15000000596,-0.0500000007451,-0.0500000007451,-0.0500000007451,0.0500000007451,0.0500000007451,0,0.300000011921,-0.15000000596,-0.10000000149,-0.10000000149,0.20000000298,0,0,0,0,0.10000000149
0780_00,Beerus,0.15000000596,0.15000000596,0.15000000596,0,0.15000000596,0.15000000596,0.10000000149,0.10000000149,0.10000000149,0.10000000149,0.10000000149,0.10000000149,0.10000000149,0,0.15000000596,0.15000000596,0,0,0,0,0,0,-0.20000000298,0
0790_00,Whis,0.15000000596,0.15000000596,0.15000000596,0,0.15000000596,0.15000000596,0.10000000149,0.10000000149,0.10000000149,0.10000000149,0.10000000149,0.10000000149,0.10000000149,0,0.15000000596,0.15000000596,0,0,0,0,0,0,-0.20000000298,0
0800_00,Goku Black,0,0,0,0,0,0,0,0,0,0,0,0,0,0,0,0,0,0,0,0,0,0,0,0
0800_01,"Goku Black, Super Saiyan Rosé",0.119999997318,0.119999997318,0.119999997318,0.10000000149,0.10000000149,0.10000000149,0.119999997318,0.119999997318,0.10000000149,0.10000000149,0.10000000149,0,0,0,0.10000000149,0.10000000149,-0.10000000149,0.10000000149,0,-0.10000000149,0,-0.10000000149,0,0
0810_00,Zamasu,0,0,0,0.15000000596,0,0.15000000596,0,0,0.10000000149,0.17499999702,0.17499999702,0,0,0,0,0,-0.10000000149,0.10000000149,0,-0.10000000149,0,-0.10000000149,0,0
0810_01,Fused Zamasu,0,0,0,0.15000000596,0,0.15000000596,0,0,0.10000000149,0.17499999702,0.17499999702,0,0,0,0,0,-0.10000000149,0.10000000149,0,-0.10000000149,0,-0.10000000149,0,0
0811_00,"Fused Zamasu, Half-Corrupted",0.15000000596,0.15000000596,0.15000000596,0.15000000596,0.15000000596,0.15000000596,-0.15000000596,-0.15000000596,-0.0500000007451,-0.0500000007451,-0.0500000007451,0.0500000007451,0.0500000007451,0,0.300000011921,-0.15000000596,-0.10000000149,-0.10000000149,0.20000000298,0,0,0,0,0.10000000149
0820_00,Demon King Piccolo,-0.10000000149,-0.10000000149,-0.10000000149,-0.10000000149,-0.10000000149,-0.10000000149,0.15000000596,0.15000000596,0,0,0,-0.0500000007451,-0.0500000007451,0,-0.25,0.10000000149,0.10000000149,0.10000000149,-0.10000000149,0,0.0500000007451,0,0,-0.20000000298
0830_00,Jaco,-0.10000000149,-0.10000000149,-0.10000000149,-0.10000000149,-0.10000000149,-0.10000000149,0.15000000596,0.15000000596,0,0,0,-0.0500000007451,-0.0500000007451,0,-0.25,0.10000000149,0.10000000149,0.10000000149,-0.10000000149,0,0.0500000007451,0,0,-0.20000000298
0870_00,Hit,0.10000000149,0,0.10000000149,-0.0500000007451,0.10000000149,-0.0500000007451,0.10000000149,0,0.10000000149,0.10000000149,0,0,0,0,-0.0500000007451,-0.0500000007451,0,0.10000000149,0,0,0,0,0,0
0881_00,Frost,-0.10000000149,-0.10000000149,-0.10000000149,-0.10000000149,-0.10000000149,-0.10000000149,0.15000000596,0.15000000596,0,0,0,-0.0500000007451,-0.0500000007451,0,-0.25,0.10000000149,0.10000000149,0.10000000149,-0.10000000149,0,0.0500000007451,0,0,-0.20000000298
0890_00,Cabba,0,0,0,0,0,0,0,0,0,0,0,0,0,0,0,0,0,0,0,0,0,0,0,0
0890_01,"Cabba, Super Saiyan",0.119999997318,0.119999997318,0.119999997318,0.10000000149,0.10000000149,0.10000000149,0.119999997318,0.119999997318,0.10000000149,0.10000000149,0.10000000149,0,0,0,0.10000000149,0.10000000149,-0.10000000149,0.10000000149,0,-0.10000000149,0,-0.10000000149,0,0
0890_02,"Cabba, Super Saiyan 2",0.119999997318,0.119999997318,0.119999997318,0.10000000149,0.10000000149,0.10000000149,0.119999997318,0.119999997318,0.10000000149,0.10000000149,0.10000000149,0,0,0,0.10000000149,0.10000000149,-0.10000000149,0.10000000149,0,-0.10000000149,0,-0.10000000149,0,0
0900_00,Caulifla,0,0,0,0,0,0,0,0,0,0,0,0,0,0,0,0,0,0,0,0,0,0,0,0
0900_02,"Caulifla, Super Saiyan 2",0.119999997318,0.119999997318,0.119999997318,0.10000000149,0.10000000149,0.10000000149,0.119999997318,0.119999997318,0.10000000149,0.10000000149,0.10000000149,0,0,0,0.10000000149,0.10000000149,-0.10000000149,0.10000000149,0,-0.10000000149,0,-0.10000000149,0,0
0910_00,Kale,0,0,0,0,0,0,0,0,0,0,0,0,0,0,0,0,0,0,0,0,0,0,0,0
0911_00,"Kale, Super Saiyan (Berserk)",0.34999999404,0.34999999404,0.34999999404,0.34999999404,0,0.34999999404,0.10000000149,0.10000000149,0.10000000149,0.0500000007451,0.0500000007451,-0.129999995232,-0.129999995232,0,0.15000000596,0,0,0,0,0,0,0,0,0
0912_00,"Kale, Super Saiyan",0.119999997318,0.119999997318,0.119999997318,0.10000000149,0.10000000149,0.10000000149,0.119999997318,0.119999997318,0.10000000149,0.10000000149,0.10000000149,0,0,0,0.10000000149,0.10000000149,-0.10000000149,0.10000000149,0,-0.10000000149,0,-0.10000000149,0,0
0920_00,Kefla,0.129999995232,0.129999995232,0.129999995232,0.10000000149,0.10000000149,0.10000000149,0.129999995232,0.129999995232,0.10000000149,0.10000000149,0.10000000149,0.0500000007451,0.0500000007451,0,0.15000000596,0.15000000596,-0.15000000596,0.10000000149,0.10000000149,-0.15000000596,0.10000000149,-0.15000000596,0,0.10000000149
0920_01,"Kefla, Super Saiyan",0.129999995232,0.129999995232,0.129999995232,0.10000000149,0.10000000149,0.10000000149,0.129999995232,0.129999995232,0.10000000149,0.10000000149,0.10000000149,0.0500000007451,0.0500000007451,0,0.15000000596,0.15000000596,-0.15000000596,0.10000000149,0.10000000149,-0.15000000596,0.10000000149,-0.15000000596,0,0.10000000149
0920_02,"Kefla, Super Saiyan 2",0.129999995232,0.129999995232,0.129999995232,0.10000000149,0.10000000149,0.10000000149,0.129999995232,0.129999995232,0.10000000149,0.10000000149,0.10000000149,0.0500000007451,0.0500000007451,0,0.15000000596,0.15000000596,-0.15000000596,0.10000000149,0.10000000149,-0.15000000596,0.10000000149,-0.15000000596,0,0.10000000149
0930_00,Jiren,0.10000000149,0,0.10000000149,-0.0500000007451,0.10000000149,-0.0500000007451,0.10000000149,0,0.10000000149,0.10000000149,0,0,0,0,-0.0500000007451,-0.0500000007451,0,0.10000000149,0,0,0,0,0,0
0931_00,"Jiren, Full Power",0.10000000149,0.10000000149,0.10000000149,0.10000000149,0.10000000149,0.10000000149,0.10000000149,0.10000000149,0.10000000149,0.10000000149,0.10000000149,0,0,0,0.15000000596,0,0,-0.10000000149,0.10000000149,0,0.10000000149,0,0,0
0940_00,Toppo,-0.10000000149,-0.10000000149,-0.10000000149,-0.10000000149,-0.10000000149,-0.10000000149,0.15000000596,0.15000000596,0,0,0,-0.0500000007451,-0.0500000007451,0,-0.25,0.10000000149,0.10000000149,0.10000000149,-0.10000000149,0,0.0500000007451,0,0,-0.20000000298
0941_00,"Toppo, God of Destruction",0.15000000596,0.15000000596,0.15000000596,0,0.15000000596,0.15000000596,0.10000000149,0.10000000149,0.10000000149,0.10000000149,0.10000000149,0.10000000149,0.10000000149,0,0.15000000596,0.15000000596,0,0,0,0,0,0,-0.20000000298,0
0950_00,Dyspo,-0.0500000007451,-0.20000000298,-0.20000000298,-0.10000000149,-0.10000000149,-0.10000000149,0,0,0,0,0,-0.10000000149,-0.10000000149,0,-0.25,0.10000000149,0,0,0,0,0.0500000007451,0,0.0500000007451,0.20000000298
1000_00,Champa,0.15000000596,0.15000000596,0.15000000596,0,0.15000000596,0.15000000596,0.10000000149,0.10000000149,0.10000000149,0.10000000149,0.10000000149,0.10000000149,0.10000000149,0,0.15000000596,0.15000000596,0,0,0,0,0,0,-0.20000000298,0
1190_00,Bergamo,0,0,0,0,0,0,0,0,0,0,0,0,0,0,0,0,0,0,0,0,0,0,0,0
1321_00,Ribrianne,0.15000000596,0.15000000596,0.15000000596,0.15000000596,0.15000000596,0.15000000596,-0.15000000596,-0.15000000596,-0.0500000007451,-0.0500000007451,-0.0500000007451,0.0500000007451,0.0500000007451,0,0.300000011921,-0.15000000596,-0.10000000149,-0.10000000149,0.20000000298,0,0,0,0,0.10000000149
1331_00,Kakunsa,-0.0500000007451,-0.20000000298,-0.20000000298,-0.10000000149,-0.10000000149,-0.10000000149,0,0,0,0,0,-0.10000000149,-0.10000000149,0,-0.25,0.10000000149,0,0,0,0,0.0500000007451,0,0.0500000007451,0.20000000298
1341_00,Roasie,-0.10000000149,-0.10000000149,-0.10000000149,-0.10000000149,-0.10000000149,-0.10000000149,0.15000000596,0.15000000596,0,0,0,-0.0500000007451,-0.0500000007451,0,-0.25,0.10000000149,0.10000000149,0.10000000149,-0.10000000149,0,0.0500000007451,0,0,-0.20000000298
1500_00,Anilaza,0.10000000149,1.5,-0.10000000149,2.5,-0.10000000149,0.15000000596,-0.10000000149,-0.10000000149,0,0.10000000149,0.10000000149,0.15000000596,-0.10000000149,0,-0.25,-0.15000000596,0,0,0,0,0,0.0500000007451,0,0
1960_00,Cheelai,-0.119999997318,-0.119999997318,-0.119999997318,-0.119999997318,-0.119999997318,-0.119999997318,-0.119999997318,-0.119999997318,0,-0.119999997318,-0.10000000149,0,0,0,-0.15000000596,0,0.34999999404,0.0500000007451,0.0500000007451,0,0,0,0.300000011921,0
3000_00,Gohan (Super Hero),0,0,0,0,0,0,0,0,0,0,0,0,0,0,0,0,0,0,0,0,0,0,0,0
3000_01,"Gohan (Super Hero), Super Saiyan",0.119999997318,0.119999997318,0.119999997318,0.10000000149,0.10000000149,0.10000000149,0.119999997318,0.119999997318,0.10000000149,0.10000000149,0.10000000149,0,0,0,0.10000000149,0.10000000149,-0.10000000149,0.10000000149,0,-0.10000000149,0,-0.10000000149,0,0
3000_02,"Gohan (Super Hero), Ultimate Gohan",0.10000000149,0.10000000149,0.10000000149,0.10000000149,0.10000000149,0.10000000149,0.10000000149,0.10000000149,0.10000000149,0.10000000149,0.10000000149,0,0,0,0.15000000596,0,0,-0.10000000149,0.10000000149,0,0.10000000149,0,0,0
3000_03,Gohan Beast,0.15000000596,0.15000000596,0.15000000596,0.15000000596,0.15000000596,0.15000000596,0,0,0,0.15000000596,0.15000000596,0,0,0,0.20000000298,0.20000000298,-0.10000000149,0.10000000149,0.20000000298,-0.0500000007451,0,0,-0.0500000007451,0
3010_00,Piccolo (Super Hero),0,0,0,0,0,0,0,0,0,0,0,0,0,0,0,0,0,0,0,0,0,0,0,0
3010_01,"Piccolo (Super Hero), Power Awakening",0.10000000149,0,0.10000000149,-0.0500000007451,0.10000000149,-0.0500000007451,0.10000000149,0,0.10000000149,0.10000000149,0,0,0,0,-0.0500000007451,-0.0500000007451,0,0.10000000149,0,0,0,0,0,0
3011_00,Orange Piccolo,0.10000000149,0.10000000149,0.10000000149,0.10000000149,0.10000000149,0.10000000149,0.10000000149,0.10000000149,0.10000000149,0.10000000149,0.10000000149,0,0,0,0.15000000596,0,0,-0.10000000149,0.10000000149,0,0.10000000149,0,0,0
3012_00,"Orange Piccolo, Giant Form",0.10000000149,1.5,-0.10000000149,2.5,-0.10000000149,0.15000000596,-0.10000000149,-0.10000000149,0,0.10000000149,0.10000000149,0.15000000596,-0.10000000149,0,-0.25,-0.15000000596,0,0,0,0,0,0.0500000007451,0,0
3020_00,Gamma 1,-0.10000000149,-0.10000000149,-0.10000000149,-0.10000000149,-0.10000000149,-0.10000000149,0.15000000596,0.15000000596,0,0,0,-0.0500000007451,-0.0500000007451,0,-0.25,0.10000000149,0.10000000149,0.10000000149,-0.10000000149,0,0.0500000007451,0.300000011921,0,-0.20000000298
3030_00,Gamma 2,-0.10000000149,-0.10000000149,-0.10000000149,-0.10000000149,-0.10000000149,-0.10000000149,0.15000000596,0.15000000596,0,0,0,-0.0500000007451,-0.0500000007451,0,-0.25,0.10000000149,0.10000000149,0.10000000149,-0.10000000149,0,0.0500000007451,0.300000011921,0,-0.20000000298
3040_00,Cell Max,0.10000000149,1.5,-0.10000000149,2.5,-0.10000000149,0.15000000596,-0.10000000149,-0.10000000149,0,0.10000000149,0.10000000149,0.15000000596,-0.10000000149,0,-0.25,-0.15000000596,0,0,0,0,0,0.0500000007451,0,0
3050_00,Goku (Mini),0,0,0,0,0,0,0,0,0,0,0,0,0,0,0,0,0,0,0,0,0,0,0,0
3050_01,"Goku (Mini), Super Saiyan",0.119999997318,0.119999997318,0.119999997318,0.10000000149,0.10000000149,0.10000000149,0.119999997318,0.119999997318,0.10000000149,0.10000000149,0.10000000149,0,0,0,0.10000000149,0.10000000149,-0.10000000149,0.10000000149,0,-0.10000000149,0,-0.10000000149,0,0
3050_14,"Goku (Mini), Super Saiyan 4",0.119999997318,0.119999997318,0.119999997318,0.10000000149,0.10000000149,0.10000000149,0.119999997318,0.119999997318,0.10000000149,0.10000000149,0.10000000149,0,0,0,0.10000000149,0.10000000149,-0.10000000149,0.10000000149,0,-0.10000000149,0,-0.10000000149,0,0
3060_00,Vegeta (Mini),-0.10000000149,-0.10000000149,-0.10000000149,-0.10000000149,-0.10000000149,-0.10000000149,-0.10000000149,0.15000000596,0,0,0,-0.0500000007451,-0.0500000007451,0,-0.25,0.10000000149,0.10000000149,0.10000000149,-0.10000000149,0,0.0500000007451,0,0,-0.20000000298
3060_01,"Vegeta (Mini), Super Saiyan",0.119999997318,0.119999997318,0.119999997318,0.10000000149,0.10000000149,0.10000000149,-0.0799999982119,0.119999997318,0.10000000149,0.10000000149,0.10000000149,0,0,0,0.10000000149,0.10000000149,-0.10000000149,0.10000000149,0,-0.10000000149,0,-0.10000000149,0,0
3060_02,"Vegeta (Mini), Super Saiyan 2",0.119999997318,0.119999997318,0.119999997318,0.10000000149,0.10000000149,0.10000000149,-0.0799999982119,0.119999997318,0.10000000149,0.10000000149,0.10000000149,0,0,0,0.10000000149,0.10000000149,-0.10000000149,0.10000000149,0,-0.10000000149,0,-0.10000000149,0,0
3060_03,"Vegeta (Mini), Super Saiyan 3",0.119999997318,0.119999997318,0.119999997318,0.10000000149,0.10000000149,0.10000000149,-0.0799999982119,0.119999997318,0.10000000149,0.10000000149,0.10000000149,0,0,0,0.10000000149,0.10000000149,-0.10000000149,0.10000000149,0,-0.10000000149,0,-0.10000000149,0,0
3070_00,Glorio,0,0,0,0,0,0,0,0,0,0,0,0,0,0,0,0,0,0,0,0,0,0,0,0
3080_00,Third Eye Gomah,0.15000000596,0.15000000596,0.15000000596,0.15000000596,0.15000000596,0.15000000596,-0.15000000596,-0.15000000596,-0.0500000007451,-0.0500000007451,-0.0500000007451,0.0500000007451,0.0500000007451,0,0.300000011921,-0.15000000596,-0.10000000149,-0.10000000149,0.20000000298,0,0,0,0,0.10000000149
3100_03,"Vegeta (DAIMA), Super Saiyan 3",0.119999997318,0.119999997318,0.119999997318,0.10000000149,0.10000000149,0.10000000149,-0.0799999982119,0.119999997318,0.10000000149,0.10000000149,0.10000000149,0,0,0,0.10000000149,0.10000000149,-0.10000000149,0.10000000149,0,-0.10000000149,0,-0.10000000149,0,0
3110_00,Majin Kuu,0,0,0,0,0,0,0,0,0,0,0,0,0,0,0,0,0,0,0,0,0,0,0,0
3120_04,"Goku (DAIMA), Super Saiyan 4",0.119999997318,0.119999997318,0.119999997318,0.10000000149,0.10000000149,0.10000000149,0.119999997318,0.119999997318,0.10000000149,0.10000000149,0.10000000149,0,0,0,0.10000000149,0.10000000149,-0.10000000149,0.10000000149,0,-0.10000000149,0,-0.10000000149,0,0
3130_00,Panzy,-0.119999997318,-0.119999997318,-0.119999997318,-0.119999997318,-0.119999997318,-0.119999997318,-0.119999997318,-0.119999997318,0,-0.119999997318,-0.10000000149,0,0,0,-0.15000000596,0,0.34999999404,0.0500000007451,0.0500000007451,0,0,0,0.300000011921,0
3140_00,Majin Duu,0.15000000596,0.15000000596,0.15000000596,0.15000000596,0.15000000596,0.15000000596,-0.15000000596,-0.15000000596,-0.0500000007451,-0.0500000007451,-0.0500000007451,0.0500000007451,0.0500000007451,0,0.300000011921,-0.15000000596,-0.10000000149,-0.10000000149,0.20000000298,0,0,0,0,0.10000000149
3150_00,"Third Eye Gomah, Giant Gomah",0.10000000149,1.5,-0.10000000149,2.5,-0.10000000149,0.15000000596,-0.10000000149,-0.10000000149,0,0.10000000149,0.10000000149,0.15000000596,-0.10000000149,0,-0.25,-0.15000000596,0,0,0,0,0,0.0500000007451,0,0
3160_00,Shallot,0,0,0,0,0,0,0,0,0,0,0,0,0,0,0,0,0,0,0,0,0,0,0,0
3170_00,Supreme Kai,0.15000000596,0.15000000596,0.15000000596,0,0.15000000596,0.15000000596,0.10000000149,0.10000000149,0.10000000149,0.10000000149,0.10000000149,0.10000000149,0.10000000149,0,0.15000000596,0.15000000596,0,0,0,0,0,0,-0.20000000298,0
3190_00,Fasha,-0.0500000007451,-0.20000000298,-0.20000000298,-0.10000000149,-0.10000000149,-0.10000000149,0,0,0,0,0,-0.10000000149,-0.10000000149,0,-0.25,0.10000000149,0,0,0,0,0.0500000007451,0,0.0500000007451,0.20000000298
3270_00,Vegeta (GT),-0.10000000149,-0.10000000149,-0.10000000149,-0.10000000149,-0.10000000149,-0.10000000149,-0.10000000149,0.15000000596,0,0,0,-0.0500000007451,-0.0500000007451,0,-0.25,0.10000000149,0.10000000149,0.10000000149,-0.10000000149,0,0.0500000007451,0,0,-0.20000000298
3270_01,"Vegeta (GT), Super Saiyan",0.119999997318,0.119999997318,0.119999997318,0.10000000149,0.10000000149,0.10000000149,-0.0799999982119,0.119999997318,0.10000000149,0.10000000149,0.10000000149,0,0,0,0.10000000149,0.10000000149,-0.10000000149,0.10000000149,0,-0.10000000149,0,-0.10000000149,0,0
3280_00,Trunks (GT),0,0,0,0,0,0,0,0,0,0,0,0,0,0,0,0,0,0,0,0,0,0,0,0
3280_01,"Trunks (GT), Super Saiyan",0.119999997318,0.119999997318,0.119999997318,0.10000000149,0.10000000149,0.10000000149,0.119999997318,0.119999997318,0.10000000149,0.10000000149,0.10000000149,0,0,0,0.10000000149,0.10000000149,-0.10000000149,0.10000000149,0,-0.10000000149,0,-0.10000000149,0,0
3290_00,Hell Fighter 17,-0.10000000149,-0.10000000149,-0.10000000149,-0.10000000149,-0.10000000149,-0.10000000149,0.15000000596,0.15000000596,0,0,0,-0.0500000007451,-0.0500000007451,0,-0.25,0.10000000149,0.10000000149,0.10000000149,-0.10000000149,0,0.0500000007451,0.300000011921,0,-0.20000000298
3300_00,Goku (World Tournament),0,0,0,0,0,0,0,0,0,0,0,0,0,0,0,0,0,0,0,0,0,0,0,0
3310_00,Ma Junior,0,0,0,0.15000000596,0,0.15000000596,0,0,0.10000000149,0.17499999702,0.17499999702,0,0,0,0,0,-0.10000000149,0.10000000149,0,-0.10000000149,0,-0.10000000149,0,0
3310_10,"Ma Junior, Giant Form",0.10000000149,1.5,-0.10000000149,2.5,-0.10000000149,0.15000000596,-0.10000000149,-0.10000000149,0,0.10000000149,0.10000000149,0.15000000596,-0.10000000149,0,-0.25,-0.15000000596,0,0,0,0,0,0.0500000007451,0,0
3320_00,Tien (World Tournament),0.10000000149,0,0.10000000149,-0.0500000007451,0.10000000149,-0.0500000007451,0.10000000149,0,0.10000000149,0.10000000149,0,0,0,0,-0.0500000007451,-0.0500000007451,0,0.10000000149,0,0,0,0,0,0
3330_00,Uub (Kid),-0.119999997318,-0.119999997318,-0.119999997318,-0.119999997318,-0.119999997318,-0.119999997318,-0.119999997318,-0.119999997318,0,-0.119999997318,-0.10000000149,0,0,0,-0.15000000596,0,0.34999999404,0.0500000007451,0.0500000007451,0,0,0,0.300000011921,0
3350_00,Tora,0,0,0,0,0,0,0,0,0,0,0,0,0,0,0,0,0,0,0,0,0,0,0,0
3360_00,Chilled,0,0,0,0.15000000596,0,0.15000000596,0,0,0.10000000149,0.17499999702,0.17499999702,0,0,0,0,0,-0.10000000149,0.10000000149,0,-0.10000000149,0,-0.10000000149,0,0
