Character ID,Character,Move,Power,Shave,Ki damage,Ki damage on guard,Ki gain,Category,Game slot,Family,Action,Condition,Power status,Record key,Native Power default,Native Shave default,Notes
0000_00,Goku (Z - Early),Follow-up Attack — BSSM,1000,,,,1755,Follow-up Attack,,BSSM,actBSSM,Default,value,Combatives_Common_actBSSM,,0,Name: Mapped action category. Stored Power and conditions are unchanged.
0000_00,Goku (Z - Early),Smash Attack — forward,540,,,,845,Smash Attack,,SMMN,actSMMN,Default,value,Combatives_Common_actSMMN,,0,Name: Mapped action mechanic. Stored Power and conditions are unchanged.
0000_10,Goku (Z - Mid),Follow-up Attack — BSSM,1000,,,,1755,Follow-up Attack,,BSSM,actBSSM,Default,value,Combatives_Common_actBSSM,,0,Name: Mapped action category. Stored Power and conditions are unchanged.
0000_10,Goku (Z - Mid),Smash Attack — forward,540,,,,845,Smash Attack,,SMMN,actSMMN,Default,value,Combatives_Common_actSMMN,,0,Name: Mapped action mechanic. Stored Power and conditions are unchanged.
0000_11,"Goku (Z - Mid), Super Saiyan",Follow-up Attack — BSSM,1000,,,,1755,Follow-up Attack,,BSSM,actBSSM,Default,value,Combatives_Common_actBSSM,,0,Name: Mapped action category. Stored Power and conditions are unchanged.
0000_11,"Goku (Z - Mid), Super Saiyan",Smash Attack — forward,540,,,,845,Smash Attack,,SMMN,actSMMN,Default,value,Combatives_Common_actSMMN,,0,Name: Mapped action mechanic. Stored Power and conditions are unchanged.
0000_20,Goku (Z - End),Follow-up Attack — BSSM,1000,,,,1755,Follow-up Attack,,BSSM,actBSSM,Default,value,Combatives_Common_actBSSM,,0,Name: Mapped action category. Stored Power and conditions are unchanged.
0000_20,Goku (Z - End),Smash Attack — forward,540,,,,845,Smash Attack,,SMMN,actSMMN,Default,value,Combatives_Common_actSMMN,,0,Name: Mapped action mechanic. Stored Power and conditions are unchanged.
0000_21,"Goku (Z - End), Super Saiyan",Follow-up Attack — BSSM,1000,,,,1755,Follow-up Attack,,BSSM,actBSSM,Default,value,Combatives_Common_actBSSM,,0,Name: Mapped action category. Stored Power and conditions are unchanged.
0000_21,"Goku (Z - End), Super Saiyan",Smash Attack — forward,540,,,,845,Smash Attack,,SMMN,actSMMN,Default,value,Combatives_Common_actSMMN,,0,Name: Mapped action mechanic. Stored Power and conditions are unchanged.
0000_22,"Goku (Z - End), Super Saiyan 2",Follow-up Attack — BSSM,1000,,,,1755,Follow-up Attack,,BSSM,actBSSM,Default,value,Combatives_Common_actBSSM,,0,Name: Mapped action category. Stored Power and conditions are unchanged.
0000_22,"Goku (Z - End), Super Saiyan 2",Smash Attack — forward,540,,,,845,Smash Attack,,SMMN,actSMMN,Default,value,Combatives_Common_actSMMN,,0,Name: Mapped action mechanic. Stored Power and conditions are unchanged.
0000_23,"Goku (Z - End), Super Saiyan 3",Follow-up Attack — BSSM,1000,,,,1755,Follow-up Attack,,BSSM,actBSSM,Default,value,Combatives_Common_actBSSM,,0,Name: Mapped action category. Stored Power and conditions are unchanged.
0000_23,"Goku (Z - End), Super Saiyan 3",Smash Attack — forward,540,,,,845,Smash Attack,,SMMN,actSMMN,Default,value,Combatives_Common_actSMMN,,0,Name: Mapped action mechanic. Stored Power and conditions are unchanged.
0000_33,"Goku (GT), Super Saiyan 4",Follow-up Attack — BSSM,1000,,,,1755,Follow-up Attack,,BSSM,actBSSM,Default,value,Combatives_Common_actBSSM,,0,Name: Mapped action category. Stored Power and conditions are unchanged.
0000_33,"Goku (GT), Super Saiyan 4",Smash Attack — forward,540,,,,845,Smash Attack,,SMMN,actSMMN,Default,value,Combatives_Common_actSMMN,,0,Name: Mapped action mechanic. Stored Power and conditions are unchanged.
0000_40,Goku (Super),Follow-up Attack — BSSM,1000,,,,1755,Follow-up Attack,,BSSM,actBSSM,Default,value,Combatives_Common_actBSSM,,0,Name: Mapped action category. Stored Power and conditions are unchanged.
0000_40,Goku (Super),Smash Attack — forward,540,,,,845,Smash Attack,,SMMN,actSMMN,Default,value,Combatives_Common_actSMMN,,0,Name: Mapped action mechanic. Stored Power and conditions are unchanged.
0000_41,"Goku (Super), Super Saiyan",Follow-up Attack — BSSM,1000,,,,1755,Follow-up Attack,,BSSM,actBSSM,Default,value,Combatives_Common_actBSSM,,0,Name: Mapped action category. Stored Power and conditions are unchanged.
0000_41,"Goku (Super), Super Saiyan",Smash Attack — forward,540,,,,845,Smash Attack,,SMMN,actSMMN,Default,value,Combatives_Common_actSMMN,,0,Name: Mapped action mechanic. Stored Power and conditions are unchanged.
0000_43,"Goku (Super), Super Saiyan God Super Saiyan",Follow-up Attack — BSSM,1000,,,,1755,Follow-up Attack,,BSSM,actBSSM,Default,value,Combatives_Common_actBSSM,,0,Name: Mapped action category. Stored Power and conditions are unchanged.
0000_43,"Goku (Super), Super Saiyan God Super Saiyan",Smash Attack — forward,540,,,,845,Smash Attack,,SMMN,actSMMN,Default,value,Combatives_Common_actSMMN,,0,Name: Mapped action mechanic. Stored Power and conditions are unchanged.
0000_50,"Goku (Super), Ultra Instinct -Sign-",Follow-up Attack — BSSM,1000,,,,1755,Follow-up Attack,,BSSM,actBSSM,Default,value,Combatives_Common_actBSSM,,0,Name: Mapped action category. Stored Power and conditions are unchanged.
0000_50,"Goku (Super), Ultra Instinct -Sign-",Smash Attack — forward,540,,,,845,Smash Attack,,SMMN,actSMMN,Default,value,Combatives_Common_actSMMN,,0,Name: Mapped action mechanic. Stored Power and conditions are unchanged.
0000_51,"Goku (Super), Ultra Instinct",Follow-up Attack — BSSM,1000,,,,1755,Follow-up Attack,,BSSM,actBSSM,Default,value,Combatives_Common_actBSSM,,0,Name: Mapped action category. Stored Power and conditions are unchanged.
0000_51,"Goku (Super), Ultra Instinct",Smash Attack — forward,540,,,,845,Smash Attack,,SMMN,actSMMN,Default,value,Combatives_Common_actSMMN,,0,Name: Mapped action mechanic. Stored Power and conditions are unchanged.
0001_42,"Goku (Super), Super Saiyan God",Follow-up Attack — BSSM,1000,,,,1755,Follow-up Attack,,BSSM,actBSSM,Default,value,Combatives_Common_actBSSM,,0,Name: Mapped action category. Stored Power and conditions are unchanged.
0001_42,"Goku (Super), Super Saiyan God",Smash Attack — forward,540,,,,845,Smash Attack,,SMMN,actSMMN,Default,value,Combatives_Common_actSMMN,,0,Name: Mapped action mechanic. Stored Power and conditions are unchanged.
0002_30,Goku (GT),Follow-up Attack — BSSM,1000,,,,1755,Follow-up Attack,,BSSM,actBSSM,Default,value,Combatives_Common_actBSSM,,0,Name: Mapped action category. Stored Power and conditions are unchanged.
0002_30,Goku (GT),Smash Attack — forward,540,,,,845,Smash Attack,,SMMN,actSMMN,Default,value,Combatives_Common_actSMMN,,0,Name: Mapped action mechanic. Stored Power and conditions are unchanged.
0002_31,"Goku (GT), Super Saiyan",Follow-up Attack — BSSM,1000,,,,1755,Follow-up Attack,,BSSM,actBSSM,Default,value,Combatives_Common_actBSSM,,0,Name: Mapped action category. Stored Power and conditions are unchanged.
0002_31,"Goku (GT), Super Saiyan",Smash Attack — forward,540,,,,845,Smash Attack,,SMMN,actSMMN,Default,value,Combatives_Common_actSMMN,,0,Name: Mapped action mechanic. Stored Power and conditions are unchanged.
0002_32,"Goku (GT), Super Saiyan 3",Follow-up Attack — BSSM,1000,,,,1755,Follow-up Attack,,BSSM,actBSSM,Default,value,Combatives_Common_actBSSM,,0,Name: Mapped action category. Stored Power and conditions are unchanged.
0002_32,"Goku (GT), Super Saiyan 3",Smash Attack — forward,540,,,,845,Smash Attack,,SMMN,actSMMN,Default,value,Combatives_Common_actSMMN,,0,Name: Mapped action mechanic. Stored Power and conditions are unchanged.
0002_50,Goku (Teen),Follow-up Attack — BSSM,1000,,,,1755,Follow-up Attack,,BSSM,actBSSM,Default,value,Combatives_Common_actBSSM,,0,Name: Mapped action category. Stored Power and conditions are unchanged.
0002_50,Goku (Teen),Smash Attack — forward,540,,,,845,Smash Attack,,SMMN,actSMMN,Default,value,Combatives_Common_actSMMN,,0,Name: Mapped action mechanic. Stored Power and conditions are unchanged.
0020_00,Vegeta (Z - Scouter),Follow-up Attack — BSSM,1000,,,,1755,Follow-up Attack,,BSSM,actBSSM,Default,value,Combatives_Common_actBSSM,,0,Name: Mapped action category. Stored Power and conditions are unchanged.
0020_00,Vegeta (Z - Scouter),Smash Attack — forward,540,,,,845,Smash Attack,,SMMN,actSMMN,Default,value,Combatives_Common_actSMMN,,0,Name: Mapped action mechanic. Stored Power and conditions are unchanged.
0020_10,Vegeta (Z - Early),Follow-up Attack — BSSM,1000,,,,1755,Follow-up Attack,,BSSM,actBSSM,Default,value,Combatives_Common_actBSSM,,0,Name: Mapped action category. Stored Power and conditions are unchanged.
0020_10,Vegeta (Z - Early),Smash Attack — forward,540,,,,845,Smash Attack,,SMMN,actSMMN,Default,value,Combatives_Common_actSMMN,,0,Name: Mapped action mechanic. Stored Power and conditions are unchanged.
0020_11,"Vegeta (Z - Early), Super Saiyan",Follow-up Attack — BSSM,1000,,,,1755,Follow-up Attack,,BSSM,actBSSM,Default,value,Combatives_Common_actBSSM,,0,Name: Mapped action category. Stored Power and conditions are unchanged.
0020_11,"Vegeta (Z - Early), Super Saiyan",Smash Attack — forward,540,,,,845,Smash Attack,,SMMN,actSMMN,Default,value,Combatives_Common_actSMMN,,0,Name: Mapped action mechanic. Stored Power and conditions are unchanged.
0020_30,Vegeta (Z - End),Follow-up Attack — BSSM,1000,,,,1755,Follow-up Attack,,BSSM,actBSSM,Default,value,Combatives_Common_actBSSM,,0,Name: Mapped action category. Stored Power and conditions are unchanged.
0020_30,Vegeta (Z - End),Smash Attack — forward,540,,,,845,Smash Attack,,SMMN,actSMMN,Default,value,Combatives_Common_actSMMN,,0,Name: Mapped action mechanic. Stored Power and conditions are unchanged.
0020_31,"Vegeta (Z - End), Super Saiyan",Follow-up Attack — BSSM,1000,,,,1755,Follow-up Attack,,BSSM,actBSSM,Default,value,Combatives_Common_actBSSM,,0,Name: Mapped action category. Stored Power and conditions are unchanged.
0020_31,"Vegeta (Z - End), Super Saiyan",Smash Attack — forward,540,,,,845,Smash Attack,,SMMN,actSMMN,Default,value,Combatives_Common_actSMMN,,0,Name: Mapped action mechanic. Stored Power and conditions are unchanged.
0020_32,"Vegeta (Z - End), Super Saiyan 2",Follow-up Attack — BSSM,1000,,,,1755,Follow-up Attack,,BSSM,actBSSM,Default,value,Combatives_Common_actBSSM,,0,Name: Mapped action category. Stored Power and conditions are unchanged.
0020_32,"Vegeta (Z - End), Super Saiyan 2",Smash Attack — forward,540,,,,845,Smash Attack,,SMMN,actSMMN,Default,value,Combatives_Common_actSMMN,,0,Name: Mapped action mechanic. Stored Power and conditions are unchanged.
0020_40,Majin Vegeta,Follow-up Attack — BSSM,1000,,,,1755,Follow-up Attack,,BSSM,actBSSM,Default,value,Combatives_Common_actBSSM,,0,Name: Mapped action category. Stored Power and conditions are unchanged.
0020_40,Majin Vegeta,Smash Attack — forward,540,,,,845,Smash Attack,,SMMN,actSMMN,Default,value,Combatives_Common_actSMMN,,0,Name: Mapped action mechanic. Stored Power and conditions are unchanged.
0020_50,"Vegeta (GT), Super Saiyan 4",Follow-up Attack — BSSM,1000,,,,1755,Follow-up Attack,,BSSM,actBSSM,Default,value,Combatives_Common_actBSSM,,0,Name: Mapped action category. Stored Power and conditions are unchanged.
0020_50,"Vegeta (GT), Super Saiyan 4",Smash Attack — forward,540,,,,845,Smash Attack,,SMMN,actSMMN,Default,value,Combatives_Common_actSMMN,,0,Name: Mapped action mechanic. Stored Power and conditions are unchanged.
0020_60,Vegeta (Super),Follow-up Attack — BSSM,1000,,,,1755,Follow-up Attack,,BSSM,actBSSM,Default,value,Combatives_Common_actBSSM,,0,Name: Mapped action category. Stored Power and conditions are unchanged.
0020_60,Vegeta (Super),Smash Attack — forward,540,,,,845,Smash Attack,,SMMN,actSMMN,Default,value,Combatives_Common_actSMMN,,0,Name: Mapped action mechanic. Stored Power and conditions are unchanged.
0020_61,"Vegeta (Super), Super Saiyan",Follow-up Attack — BSSM,1000,,,,1755,Follow-up Attack,,BSSM,actBSSM,Default,value,Combatives_Common_actBSSM,,0,Name: Mapped action category. Stored Power and conditions are unchanged.
0020_61,"Vegeta (Super), Super Saiyan",Smash Attack — forward,540,,,,845,Smash Attack,,SMMN,actSMMN,Default,value,Combatives_Common_actSMMN,,0,Name: Mapped action mechanic. Stored Power and conditions are unchanged.
0020_63,"Vegeta (Super), Super Saiyan God Super Saiyan",Follow-up Attack — BSSM,1000,,,,1755,Follow-up Attack,,BSSM,actBSSM,Default,value,Combatives_Common_actBSSM,,0,Name: Mapped action category. Stored Power and conditions are unchanged.
0020_63,"Vegeta (Super), Super Saiyan God Super Saiyan",Smash Attack — forward,540,,,,845,Smash Attack,,SMMN,actSMMN,Default,value,Combatives_Common_actSMMN,,0,Name: Mapped action mechanic. Stored Power and conditions are unchanged.
0021_20,Super Vegeta,Follow-up Attack — BSSM,1000,,,,1755,Follow-up Attack,,BSSM,actBSSM,Default,value,Combatives_Common_actBSSM,,0,Name: Mapped action category. Stored Power and conditions are unchanged.
0021_20,Super Vegeta,Smash Attack — forward,540,,,,845,Smash Attack,,SMMN,actSMMN,Default,value,Combatives_Common_actSMMN,,0,Name: Mapped action mechanic. Stored Power and conditions are unchanged.
0022_62,"Vegeta (Super), Super Saiyan God",Follow-up Attack — BSSM,1000,,,,1755,Follow-up Attack,,BSSM,actBSSM,Default,value,Combatives_Common_actBSSM,,0,Name: Mapped action category. Stored Power and conditions are unchanged.
0022_62,"Vegeta (Super), Super Saiyan God",Smash Attack — forward,540,,,,845,Smash Attack,,SMMN,actSMMN,Default,value,Combatives_Common_actSMMN,,0,Name: Mapped action mechanic. Stored Power and conditions are unchanged.
0023_00,Great Ape Vegeta,Follow-up Attack — BSSM,1000,,,,1755,Follow-up Attack,,BSSM,actBSSM,Default,value,Combatives_Common_actBSSM,,0,Name: Mapped action category. Stored Power and conditions are unchanged.
0023_00,Great Ape Vegeta,Smash Attack — forward,540,,,,845,Smash Attack,,SMMN,actSMMN,Default,value,Combatives_Common_actSMMN,,0,Name: Mapped action mechanic. Stored Power and conditions are unchanged.
0030_00,Gohan (Kid),Follow-up Attack — BSSM,1000,,,,1755,Follow-up Attack,,BSSM,actBSSM,Default,value,Combatives_Common_actBSSM,,0,Name: Mapped action category. Stored Power and conditions are unchanged.
0030_00,Gohan (Kid),Smash Attack — forward,540,,,,845,Smash Attack,,SMMN,actSMMN,Default,value,Combatives_Common_actSMMN,,0,Name: Mapped action mechanic. Stored Power and conditions are unchanged.
0031_00,Gohan (Teen),Follow-up Attack — BSSM,1000,,,,1755,Follow-up Attack,,BSSM,actBSSM,Default,value,Combatives_Common_actBSSM,,0,Name: Mapped action category. Stored Power and conditions are unchanged.
0031_00,Gohan (Teen),Smash Attack — forward,540,,,,845,Smash Attack,,SMMN,actSMMN,Default,value,Combatives_Common_actSMMN,,0,Name: Mapped action mechanic. Stored Power and conditions are unchanged.
0031_01,"Gohan (Teen), Super Saiyan",Follow-up Attack — BSSM,1000,,,,1755,Follow-up Attack,,BSSM,actBSSM,Default,value,Combatives_Common_actBSSM,,0,Name: Mapped action category. Stored Power and conditions are unchanged.
0031_01,"Gohan (Teen), Super Saiyan",Smash Attack — forward,540,,,,845,Smash Attack,,SMMN,actSMMN,Default,value,Combatives_Common_actSMMN,,0,Name: Mapped action mechanic. Stored Power and conditions are unchanged.
0031_02,"Gohan (Teen), Super Saiyan 2",Follow-up Attack — BSSM,1000,,,,1755,Follow-up Attack,,BSSM,actBSSM,Default,value,Combatives_Common_actBSSM,,0,Name: Mapped action category. Stored Power and conditions are unchanged.
0031_02,"Gohan (Teen), Super Saiyan 2",Smash Attack — forward,540,,,,845,Smash Attack,,SMMN,actSMMN,Default,value,Combatives_Common_actSMMN,,0,Name: Mapped action mechanic. Stored Power and conditions are unchanged.
0032_00,Gohan (Adult),Follow-up Attack — BSSM,1000,,,,1755,Follow-up Attack,,BSSM,actBSSM,Default,value,Combatives_Common_actBSSM,,0,Name: Mapped action category. Stored Power and conditions are unchanged.
0032_00,Gohan (Adult),Smash Attack — forward,540,,,,845,Smash Attack,,SMMN,actSMMN,Default,value,Combatives_Common_actSMMN,,0,Name: Mapped action mechanic. Stored Power and conditions are unchanged.
0032_01,"Gohan (Adult), Super Saiyan",Follow-up Attack — BSSM,1000,,,,1755,Follow-up Attack,,BSSM,actBSSM,Default,value,Combatives_Common_actBSSM,,0,Name: Mapped action category. Stored Power and conditions are unchanged.
0032_01,"Gohan (Adult), Super Saiyan",Smash Attack — forward,540,,,,845,Smash Attack,,SMMN,actSMMN,Default,value,Combatives_Common_actSMMN,,0,Name: Mapped action mechanic. Stored Power and conditions are unchanged.
0032_02,"Gohan (Adult), Super Saiyan 2",Follow-up Attack — BSSM,1000,,,,1755,Follow-up Attack,,BSSM,actBSSM,Default,value,Combatives_Common_actBSSM,,0,Name: Mapped action category. Stored Power and conditions are unchanged.
0032_02,"Gohan (Adult), Super Saiyan 2",Smash Attack — forward,540,,,,845,Smash Attack,,SMMN,actSMMN,Default,value,Combatives_Common_actSMMN,,0,Name: Mapped action mechanic. Stored Power and conditions are unchanged.
0032_10,Great Saiyaman,Follow-up Attack — BSSM,1000,,,,1755,Follow-up Attack,,BSSM,actBSSM,Default,value,Combatives_Common_actBSSM,,0,Name: Mapped action category. Stored Power and conditions are unchanged.
0032_10,Great Saiyaman,Smash Attack — forward,540,,,,845,Smash Attack,,SMMN,actSMMN,Default,value,Combatives_Common_actSMMN,,0,Name: Mapped action mechanic. Stored Power and conditions are unchanged.
0032_20,Ultimate Gohan,Follow-up Attack — BSSM,1000,,,,1755,Follow-up Attack,,BSSM,actBSSM,Default,value,Combatives_Common_actBSSM,,0,Name: Mapped action category. Stored Power and conditions are unchanged.
0032_20,Ultimate Gohan,Smash Attack — forward,540,,,,845,Smash Attack,,SMMN,actSMMN,Default,value,Combatives_Common_actSMMN,,0,Name: Mapped action mechanic. Stored Power and conditions are unchanged.
0032_30,Gohan (Future),Follow-up Attack — BSSM,1000,,,,1755,Follow-up Attack,,BSSM,actBSSM,Default,value,Combatives_Common_actBSSM,,0,Name: Mapped action category. Stored Power and conditions are unchanged.
0032_30,Gohan (Future),Smash Attack — forward,540,,,,845,Smash Attack,,SMMN,actSMMN,Default,value,Combatives_Common_actSMMN,,0,Name: Mapped action mechanic. Stored Power and conditions are unchanged.
0032_31,"Gohan (Future), Super Saiyan",Follow-up Attack — BSSM,1000,,,,1755,Follow-up Attack,,BSSM,actBSSM,Default,value,Combatives_Common_actBSSM,,0,Name: Mapped action category. Stored Power and conditions are unchanged.
0032_31,"Gohan (Future), Super Saiyan",Smash Attack — forward,540,,,,845,Smash Attack,,SMMN,actSMMN,Default,value,Combatives_Common_actSMMN,,0,Name: Mapped action mechanic. Stored Power and conditions are unchanged.
0040_00,Piccolo,Follow-up Attack — BSSM,1000,,,,1755,Follow-up Attack,,BSSM,actBSSM,Default,value,Combatives_Common_actBSSM,,0,Name: Mapped action category. Stored Power and conditions are unchanged.
0040_00,Piccolo,Smash Attack — forward,540,,,,845,Smash Attack,,SMMN,actSMMN,Default,value,Combatives_Common_actSMMN,,0,Name: Mapped action mechanic. Stored Power and conditions are unchanged.
0040_10,Piccolo (Fused with Kami),Follow-up Attack — BSSM,1000,,,,1755,Follow-up Attack,,BSSM,actBSSM,Default,value,Combatives_Common_actBSSM,,0,Name: Mapped action category. Stored Power and conditions are unchanged.
0040_10,Piccolo (Fused with Kami),Smash Attack — forward,540,,,,845,Smash Attack,,SMMN,actSMMN,Default,value,Combatives_Common_actSMMN,,0,Name: Mapped action mechanic. Stored Power and conditions are unchanged.
0040_20,Nail,Follow-up Attack — BSSM,1000,,,,1755,Follow-up Attack,,BSSM,actBSSM,Default,value,Combatives_Common_actBSSM,,0,Name: Mapped action category. Stored Power and conditions are unchanged.
0040_20,Nail,Smash Attack — forward,540,,,,845,Smash Attack,,SMMN,actSMMN,Default,value,Combatives_Common_actSMMN,,0,Name: Mapped action mechanic. Stored Power and conditions are unchanged.
0050_00,Krillin,Follow-up Attack — BSSM,1000,,,,1755,Follow-up Attack,,BSSM,actBSSM,Default,value,Combatives_Common_actBSSM,,0,Name: Mapped action category. Stored Power and conditions are unchanged.
0050_00,Krillin,Smash Attack — forward,540,,,,845,Smash Attack,,SMMN,actSMMN,Default,value,Combatives_Common_actSMMN,,0,Name: Mapped action mechanic. Stored Power and conditions are unchanged.
0060_00,Yamcha,Follow-up Attack — BSSM,1000,,,,1755,Follow-up Attack,,BSSM,actBSSM,Default,value,Combatives_Common_actBSSM,,0,Name: Mapped action category. Stored Power and conditions are unchanged.
0060_00,Yamcha,Smash Attack — forward,540,,,,845,Smash Attack,,SMMN,actSMMN,Default,value,Combatives_Common_actSMMN,,0,Name: Mapped action mechanic. Stored Power and conditions are unchanged.
0070_00,Tien,Follow-up Attack — BSSM,1000,,,,1755,Follow-up Attack,,BSSM,actBSSM,Default,value,Combatives_Common_actBSSM,,0,Name: Mapped action category. Stored Power and conditions are unchanged.
0070_00,Tien,Smash Attack — forward,540,,,,845,Smash Attack,,SMMN,actSMMN,Default,value,Combatives_Common_actSMMN,,0,Name: Mapped action mechanic. Stored Power and conditions are unchanged.
0080_00,Trunks (Sword),Follow-up Attack — BSSM,1000,,,,1755,Follow-up Attack,,BSSM,actBSSM,Default,value,Combatives_Common_actBSSM,,0,Name: Mapped action category. Stored Power and conditions are unchanged.
0080_00,Trunks (Sword),Smash Attack — forward,540,,,,845,Smash Attack,,SMMN,actSMMN,Default,value,Combatives_Common_actSMMN,,0,Name: Mapped action mechanic. Stored Power and conditions are unchanged.
0080_01,"Trunks (Sword), Super Saiyan",Follow-up Attack — BSSM,1000,,,,1755,Follow-up Attack,,BSSM,actBSSM,Default,value,Combatives_Common_actBSSM,,0,Name: Mapped action category. Stored Power and conditions are unchanged.
0080_01,"Trunks (Sword), Super Saiyan",Smash Attack — forward,540,,,,845,Smash Attack,,SMMN,actSMMN,Default,value,Combatives_Common_actSMMN,,0,Name: Mapped action mechanic. Stored Power and conditions are unchanged.
0080_10,Trunks (Melee),Follow-up Attack — BSSM,1000,,,,1755,Follow-up Attack,,BSSM,actBSSM,Default,value,Combatives_Common_actBSSM,,0,Name: Mapped action category. Stored Power and conditions are unchanged.
0080_10,Trunks (Melee),Smash Attack — forward,540,,,,845,Smash Attack,,SMMN,actSMMN,Default,value,Combatives_Common_actSMMN,,0,Name: Mapped action mechanic. Stored Power and conditions are unchanged.
0080_11,"Trunks (Melee), Super Saiyan",Follow-up Attack — BSSM,1000,,,,1755,Follow-up Attack,,BSSM,actBSSM,Default,value,Combatives_Common_actBSSM,,0,Name: Mapped action category. Stored Power and conditions are unchanged.
0080_11,"Trunks (Melee), Super Saiyan",Smash Attack — forward,540,,,,845,Smash Attack,,SMMN,actSMMN,Default,value,Combatives_Common_actSMMN,,0,Name: Mapped action mechanic. Stored Power and conditions are unchanged.
0080_30,Future Trunks,Follow-up Attack — BSSM,1000,,,,1755,Follow-up Attack,,BSSM,actBSSM,Default,value,Combatives_Common_actBSSM,,0,Name: Mapped action category. Stored Power and conditions are unchanged.
0080_30,Future Trunks,Smash Attack — forward,540,,,,845,Smash Attack,,SMMN,actSMMN,Default,value,Combatives_Common_actSMMN,,0,Name: Mapped action mechanic. Stored Power and conditions are unchanged.
0080_31,"Future Trunks, Super Saiyan",Follow-up Attack — BSSM,1000,,,,1755,Follow-up Attack,,BSSM,actBSSM,Default,value,Combatives_Common_actBSSM,,0,Name: Mapped action category. Stored Power and conditions are unchanged.
0080_31,"Future Trunks, Super Saiyan",Smash Attack — forward,540,,,,845,Smash Attack,,SMMN,actSMMN,Default,value,Combatives_Common_actSMMN,,0,Name: Mapped action mechanic. Stored Power and conditions are unchanged.
0081_20,Super Trunks,Follow-up Attack — BSSM,1000,,,,1755,Follow-up Attack,,BSSM,actBSSM,Default,value,Combatives_Common_actBSSM,,0,Name: Mapped action category. Stored Power and conditions are unchanged.
0081_20,Super Trunks,Smash Attack — forward,540,,,,845,Smash Attack,,SMMN,actSMMN,Default,value,Combatives_Common_actSMMN,,0,Name: Mapped action mechanic. Stored Power and conditions are unchanged.
0082_00,Trunks (Kid),Follow-up Attack — BSSM,1000,,,,1755,Follow-up Attack,,BSSM,actBSSM,Default,value,Combatives_Common_actBSSM,,0,Name: Mapped action category. Stored Power and conditions are unchanged.
0082_00,Trunks (Kid),Smash Attack — forward,540,,,,845,Smash Attack,,SMMN,actSMMN,Default,value,Combatives_Common_actSMMN,,0,Name: Mapped action mechanic. Stored Power and conditions are unchanged.
0082_01,"Trunks (Kid), Super Saiyan",Follow-up Attack — BSSM,1000,,,,1755,Follow-up Attack,,BSSM,actBSSM,Default,value,Combatives_Common_actBSSM,,0,Name: Mapped action category. Stored Power and conditions are unchanged.
0082_01,"Trunks (Kid), Super Saiyan",Smash Attack — forward,540,,,,845,Smash Attack,,SMMN,actSMMN,Default,value,Combatives_Common_actSMMN,,0,Name: Mapped action mechanic. Stored Power and conditions are unchanged.
0090_00,Goten,Follow-up Attack — BSSM,1000,,,,1755,Follow-up Attack,,BSSM,actBSSM,Default,value,Combatives_Common_actBSSM,,0,Name: Mapped action category. Stored Power and conditions are unchanged.
0090_00,Goten,Smash Attack — forward,540,,,,845,Smash Attack,,SMMN,actSMMN,Default,value,Combatives_Common_actSMMN,,0,Name: Mapped action mechanic. Stored Power and conditions are unchanged.
0090_01,"Goten, Super Saiyan",Follow-up Attack — BSSM,1000,,,,1755,Follow-up Attack,,BSSM,actBSSM,Default,value,Combatives_Common_actBSSM,,0,Name: Mapped action category. Stored Power and conditions are unchanged.
0090_01,"Goten, Super Saiyan",Smash Attack — forward,540,,,,845,Smash Attack,,SMMN,actSMMN,Default,value,Combatives_Common_actSMMN,,0,Name: Mapped action mechanic. Stored Power and conditions are unchanged.
0100_00,Vegito,Follow-up Attack — BSSM,1000,,,,1755,Follow-up Attack,,BSSM,actBSSM,Default,value,Combatives_Common_actBSSM,,0,Name: Mapped action category. Stored Power and conditions are unchanged.
0100_00,Vegito,Smash Attack — forward,540,,,,845,Smash Attack,,SMMN,actSMMN,Default,value,Combatives_Common_actSMMN,,0,Name: Mapped action mechanic. Stored Power and conditions are unchanged.
0100_01,Super Vegito,Follow-up Attack — BSSM,1000,,,,1755,Follow-up Attack,,BSSM,actBSSM,Default,value,Combatives_Common_actBSSM,,0,Name: Mapped action category. Stored Power and conditions are unchanged.
0100_01,Super Vegito,Smash Attack — forward,540,,,,845,Smash Attack,,SMMN,actSMMN,Default,value,Combatives_Common_actSMMN,,0,Name: Mapped action mechanic. Stored Power and conditions are unchanged.
0100_02,"Vegito, Super Saiyan God Super Saiyan",Follow-up Attack — BSSM,1000,,,,1755,Follow-up Attack,,BSSM,actBSSM,Default,value,Combatives_Common_actBSSM,,0,Name: Mapped action category. Stored Power and conditions are unchanged.
0100_02,"Vegito, Super Saiyan God Super Saiyan",Smash Attack — forward,540,,,,845,Smash Attack,,SMMN,actSMMN,Default,value,Combatives_Common_actSMMN,,0,Name: Mapped action mechanic. Stored Power and conditions are unchanged.
0110_00,Gogeta (Super),Follow-up Attack — BSSM,1000,,,,1755,Follow-up Attack,,BSSM,actBSSM,Default,value,Combatives_Common_actBSSM,,0,Name: Mapped action category. Stored Power and conditions are unchanged.
0110_00,Gogeta (Super),Smash Attack — forward,540,,,,845,Smash Attack,,SMMN,actSMMN,Default,value,Combatives_Common_actSMMN,,0,Name: Mapped action mechanic. Stored Power and conditions are unchanged.
0110_01,"Gogeta (Super), Super Saiyan",Follow-up Attack — BSSM,1000,,,,1755,Follow-up Attack,,BSSM,actBSSM,Default,value,Combatives_Common_actBSSM,,0,Name: Mapped action category. Stored Power and conditions are unchanged.
0110_01,"Gogeta (Super), Super Saiyan",Smash Attack — forward,540,,,,845,Smash Attack,,SMMN,actSMMN,Default,value,Combatives_Common_actSMMN,,0,Name: Mapped action mechanic. Stored Power and conditions are unchanged.
0110_02,"Gogeta (GT), Super Saiyan 4",Follow-up Attack — BSSM,1000,,,,1755,Follow-up Attack,,BSSM,actBSSM,Default,value,Combatives_Common_actBSSM,,0,Name: Mapped action category. Stored Power and conditions are unchanged.
0110_02,"Gogeta (GT), Super Saiyan 4",Smash Attack — forward,540,,,,845,Smash Attack,,SMMN,actSMMN,Default,value,Combatives_Common_actSMMN,,0,Name: Mapped action mechanic. Stored Power and conditions are unchanged.
0110_03,"Gogeta (Super), Super Saiyan God Super Saiyan",Follow-up Attack — BSSM,1000,,,,1755,Follow-up Attack,,BSSM,actBSSM,Default,value,Combatives_Common_actBSSM,,0,Name: Mapped action category. Stored Power and conditions are unchanged.
0110_03,"Gogeta (Super), Super Saiyan God Super Saiyan",Smash Attack — forward,540,,,,845,Smash Attack,,SMMN,actSMMN,Default,value,Combatives_Common_actSMMN,,0,Name: Mapped action mechanic. Stored Power and conditions are unchanged.
0110_04,Super Gogeta (Z),Follow-up Attack — BSSM,1000,,,,1755,Follow-up Attack,,BSSM,actBSSM,Default,value,Combatives_Common_actBSSM,,0,Name: Mapped action category. Stored Power and conditions are unchanged.
0110_04,Super Gogeta (Z),Smash Attack — forward,540,,,,845,Smash Attack,,SMMN,actSMMN,Default,value,Combatives_Common_actSMMN,,0,Name: Mapped action mechanic. Stored Power and conditions are unchanged.
0120_00,Gotenks,Follow-up Attack — BSSM,1000,,,,1755,Follow-up Attack,,BSSM,actBSSM,Default,value,Combatives_Common_actBSSM,,0,Name: Mapped action category. Stored Power and conditions are unchanged.
0120_00,Gotenks,Smash Attack — forward,540,,,,845,Smash Attack,,SMMN,actSMMN,Default,value,Combatives_Common_actSMMN,,0,Name: Mapped action mechanic. Stored Power and conditions are unchanged.
0120_01,"Gotenks, Super Saiyan",Follow-up Attack — BSSM,1000,,,,1755,Follow-up Attack,,BSSM,actBSSM,Default,value,Combatives_Common_actBSSM,,0,Name: Mapped action category. Stored Power and conditions are unchanged.
0120_01,"Gotenks, Super Saiyan",Smash Attack — forward,540,,,,845,Smash Attack,,SMMN,actSMMN,Default,value,Combatives_Common_actSMMN,,0,Name: Mapped action mechanic. Stored Power and conditions are unchanged.
0120_02,"Gotenks, Super Saiyan 3",Follow-up Attack — BSSM,1000,,,,1755,Follow-up Attack,,BSSM,actBSSM,Default,value,Combatives_Common_actBSSM,,0,Name: Mapped action category. Stored Power and conditions are unchanged.
0120_02,"Gotenks, Super Saiyan 3",Smash Attack — forward,540,,,,845,Smash Attack,,SMMN,actSMMN,Default,value,Combatives_Common_actSMMN,,0,Name: Mapped action mechanic. Stored Power and conditions are unchanged.
0121_00,Mighty Mask,Follow-up Attack — BSSM,1000,,,,1755,Follow-up Attack,,BSSM,actBSSM,Default,value,Combatives_Common_actBSSM,,0,Name: Mapped action category. Stored Power and conditions are unchanged.
0121_00,Mighty Mask,Smash Attack — forward,540,,,,845,Smash Attack,,SMMN,actSMMN,Default,value,Combatives_Common_actSMMN,,0,Name: Mapped action mechanic. Stored Power and conditions are unchanged.
0130_00,Videl,Follow-up Attack — BSSM,1000,,,,1755,Follow-up Attack,,BSSM,actBSSM,Default,value,Combatives_Common_actBSSM,,0,Name: Mapped action category. Stored Power and conditions are unchanged.
0130_00,Videl,Smash Attack — forward,540,,,,845,Smash Attack,,SMMN,actSMMN,Default,value,Combatives_Common_actSMMN,,0,Name: Mapped action mechanic. Stored Power and conditions are unchanged.
0140_00,Master Roshi,Follow-up Attack — BSSM,1000,,,,1755,Follow-up Attack,,BSSM,actBSSM,Default,value,Combatives_Common_actBSSM,,0,Name: Mapped action category. Stored Power and conditions are unchanged.
0140_00,Master Roshi,Smash Attack — forward,540,,,,845,Smash Attack,,SMMN,actSMMN,Default,value,Combatives_Common_actSMMN,,0,Name: Mapped action mechanic. Stored Power and conditions are unchanged.
0141_00,"Master Roshi, Max Power",Follow-up Attack — BSSM,1000,,,,1755,Follow-up Attack,,BSSM,actBSSM,Default,value,Combatives_Common_actBSSM,,0,Name: Mapped action category. Stored Power and conditions are unchanged.
0141_00,"Master Roshi, Max Power",Smash Attack — forward,540,,,,845,Smash Attack,,SMMN,actSMMN,Default,value,Combatives_Common_actSMMN,,0,Name: Mapped action mechanic. Stored Power and conditions are unchanged.
0150_00,"Frieza (Z), 1st Form",Follow-up Attack — BSSM,1000,,,,1755,Follow-up Attack,,BSSM,actBSSM,Default,value,Combatives_Common_actBSSM,,0,Name: Mapped action category. Stored Power and conditions are unchanged.
0150_00,"Frieza (Z), 1st Form",Smash Attack — forward,540,,,,845,Smash Attack,,SMMN,actSMMN,Default,value,Combatives_Common_actSMMN,,0,Name: Mapped action mechanic. Stored Power and conditions are unchanged.
0151_00,"Frieza (Z), 2nd Form",Follow-up Attack — BSSM,1000,,,,1755,Follow-up Attack,,BSSM,actBSSM,Default,value,Combatives_Common_actBSSM,,0,Name: Mapped action category. Stored Power and conditions are unchanged.
0151_00,"Frieza (Z), 2nd Form",Smash Attack — forward,540,,,,845,Smash Attack,,SMMN,actSMMN,Default,value,Combatives_Common_actSMMN,,0,Name: Mapped action mechanic. Stored Power and conditions are unchanged.
0152_00,"Frieza (Z), 3rd Form",Follow-up Attack — BSSM,1000,,,,1755,Follow-up Attack,,BSSM,actBSSM,Default,value,Combatives_Common_actBSSM,,0,Name: Mapped action category. Stored Power and conditions are unchanged.
0152_00,"Frieza (Z), 3rd Form",Smash Attack — forward,540,,,,845,Smash Attack,,SMMN,actSMMN,Default,value,Combatives_Common_actSMMN,,0,Name: Mapped action mechanic. Stored Power and conditions are unchanged.
0153_00,"Frieza (Z), 4th Form",Follow-up Attack — BSSM,1000,,,,1755,Follow-up Attack,,BSSM,actBSSM,Default,value,Combatives_Common_actBSSM,,0,Name: Mapped action category. Stored Power and conditions are unchanged.
0153_00,"Frieza (Z), 4th Form",Smash Attack — forward,540,,,,845,Smash Attack,,SMMN,actSMMN,Default,value,Combatives_Common_actSMMN,,0,Name: Mapped action mechanic. Stored Power and conditions are unchanged.
0153_10,Mecha Frieza,Follow-up Attack — BSSM,1000,,,,1755,Follow-up Attack,,BSSM,actBSSM,Default,value,Combatives_Common_actBSSM,,0,Name: Mapped action category. Stored Power and conditions are unchanged.
0153_10,Mecha Frieza,Smash Attack — forward,540,,,,845,Smash Attack,,SMMN,actSMMN,Default,value,Combatives_Common_actSMMN,,0,Name: Mapped action mechanic. Stored Power and conditions are unchanged.
0153_20,Frieza (Super),Follow-up Attack — BSSM,1000,,,,1755,Follow-up Attack,,BSSM,actBSSM,Default,value,Combatives_Common_actBSSM,,0,Name: Mapped action category. Stored Power and conditions are unchanged.
0153_20,Frieza (Super),Smash Attack — forward,540,,,,845,Smash Attack,,SMMN,actSMMN,Default,value,Combatives_Common_actSMMN,,0,Name: Mapped action mechanic. Stored Power and conditions are unchanged.
0154_00,"Frieza (Z), Full Power",Follow-up Attack — BSSM,1000,,,,1755,Follow-up Attack,,BSSM,actBSSM,Default,value,Combatives_Common_actBSSM,,0,Name: Mapped action category. Stored Power and conditions are unchanged.
0154_00,"Frieza (Z), Full Power",Smash Attack — forward,540,,,,845,Smash Attack,,SMMN,actSMMN,Default,value,Combatives_Common_actSMMN,,0,Name: Mapped action mechanic. Stored Power and conditions are unchanged.
0155_00,Golden Frieza,Follow-up Attack — BSSM,1000,,,,1755,Follow-up Attack,,BSSM,actBSSM,Default,value,Combatives_Common_actBSSM,,0,Name: Mapped action category. Stored Power and conditions are unchanged.
0155_00,Golden Frieza,Smash Attack — forward,540,,,,845,Smash Attack,,SMMN,actSMMN,Default,value,Combatives_Common_actSMMN,,0,Name: Mapped action mechanic. Stored Power and conditions are unchanged.
0160_00,"Cell, 1st Form",Follow-up Attack — BSSM,1000,,,,1755,Follow-up Attack,,BSSM,actBSSM,Default,value,Combatives_Common_actBSSM,,0,Name: Mapped action category. Stored Power and conditions are unchanged.
0160_00,"Cell, 1st Form",Smash Attack — forward,540,,,,845,Smash Attack,,SMMN,actSMMN,Default,value,Combatives_Common_actSMMN,,0,Name: Mapped action mechanic. Stored Power and conditions are unchanged.
0161_00,"Cell, 2nd Form",Follow-up Attack — BSSM,1000,,,,1755,Follow-up Attack,,BSSM,actBSSM,Default,value,Combatives_Common_actBSSM,,0,Name: Mapped action category. Stored Power and conditions are unchanged.
0161_00,"Cell, 2nd Form",Smash Attack — forward,540,,,,845,Smash Attack,,SMMN,actSMMN,Default,value,Combatives_Common_actSMMN,,0,Name: Mapped action mechanic. Stored Power and conditions are unchanged.
0162_00,"Cell, Perfect Form",Follow-up Attack — BSSM,1000,,,,1755,Follow-up Attack,,BSSM,actBSSM,Default,value,Combatives_Common_actBSSM,,0,Name: Mapped action category. Stored Power and conditions are unchanged.
0162_00,"Cell, Perfect Form",Smash Attack — forward,540,,,,845,Smash Attack,,SMMN,actSMMN,Default,value,Combatives_Common_actSMMN,,0,Name: Mapped action mechanic. Stored Power and conditions are unchanged.
0162_01,Perfect Cell,Follow-up Attack — BSSM,1000,,,,1755,Follow-up Attack,,BSSM,actBSSM,Default,value,Combatives_Common_actBSSM,,0,Name: Mapped action category. Stored Power and conditions are unchanged.
0162_01,Perfect Cell,Smash Attack — forward,540,,,,845,Smash Attack,,SMMN,actSMMN,Default,value,Combatives_Common_actSMMN,,0,Name: Mapped action mechanic. Stored Power and conditions are unchanged.
0163_00,Cell Jr.,Follow-up Attack — BSSM,1000,,,,1755,Follow-up Attack,,BSSM,actBSSM,Default,value,Combatives_Common_actBSSM,,0,Name: Mapped action category. Stored Power and conditions are unchanged.
0163_00,Cell Jr.,Smash Attack — forward,540,,,,845,Smash Attack,,SMMN,actSMMN,Default,value,Combatives_Common_actSMMN,,0,Name: Mapped action mechanic. Stored Power and conditions are unchanged.
0170_00,Majin Buu,Follow-up Attack — BSSM,1000,,,,1755,Follow-up Attack,,BSSM,actBSSM,Default,value,Combatives_Common_actBSSM,,0,Name: Mapped action category. Stored Power and conditions are unchanged.
0170_00,Majin Buu,Smash Attack — forward,540,,,,845,Smash Attack,,SMMN,actSMMN,Default,value,Combatives_Common_actSMMN,,0,Name: Mapped action mechanic. Stored Power and conditions are unchanged.
0171_00,Majin Buu (Evil),Follow-up Attack — BSSM,1000,,,,1755,Follow-up Attack,,BSSM,actBSSM,Default,value,Combatives_Common_actBSSM,,0,Name: Mapped action category. Stored Power and conditions are unchanged.
0171_00,Majin Buu (Evil),Smash Attack — forward,540,,,,845,Smash Attack,,SMMN,actSMMN,Default,value,Combatives_Common_actSMMN,,0,Name: Mapped action mechanic. Stored Power and conditions are unchanged.
0172_00,Super Buu,Follow-up Attack — BSSM,1000,,,,1755,Follow-up Attack,,BSSM,actBSSM,Default,value,Combatives_Common_actBSSM,,0,Name: Mapped action category. Stored Power and conditions are unchanged.
0172_00,Super Buu,Smash Attack — forward,540,,,,845,Smash Attack,,SMMN,actSMMN,Default,value,Combatives_Common_actSMMN,,0,Name: Mapped action mechanic. Stored Power and conditions are unchanged.
0172_10,Super Buu (Gotenks Absorbed),Follow-up Attack — BSSM,1000,,,,1755,Follow-up Attack,,BSSM,actBSSM,Default,value,Combatives_Common_actBSSM,,0,Name: Mapped action category. Stored Power and conditions are unchanged.
0172_10,Super Buu (Gotenks Absorbed),Smash Attack — forward,540,,,,845,Smash Attack,,SMMN,actSMMN,Default,value,Combatives_Common_actSMMN,,0,Name: Mapped action mechanic. Stored Power and conditions are unchanged.
0172_11,Super Buu (Gohan Absorbed),Follow-up Attack — BSSM,1000,,,,1755,Follow-up Attack,,BSSM,actBSSM,Default,value,Combatives_Common_actBSSM,,0,Name: Mapped action category. Stored Power and conditions are unchanged.
0172_11,Super Buu (Gohan Absorbed),Smash Attack — forward,540,,,,845,Smash Attack,,SMMN,actSMMN,Default,value,Combatives_Common_actSMMN,,0,Name: Mapped action mechanic. Stored Power and conditions are unchanged.
0173_00,Kid Buu,Follow-up Attack — BSSM,1000,,,,1755,Follow-up Attack,,BSSM,actBSSM,Default,value,Combatives_Common_actBSSM,,0,Name: Mapped action category. Stored Power and conditions are unchanged.
0173_00,Kid Buu,Smash Attack — forward,540,,,,845,Smash Attack,,SMMN,actSMMN,Default,value,Combatives_Common_actSMMN,,0,Name: Mapped action mechanic. Stored Power and conditions are unchanged.
0180_00,Mr. Satan,Follow-up Attack — BSSM,1000,,,,1755,Follow-up Attack,,BSSM,actBSSM,Default,value,Combatives_Common_actBSSM,,0,Name: Mapped action category. Stored Power and conditions are unchanged.
0180_00,Mr. Satan,Smash Attack — forward,540,,,,845,Smash Attack,,SMMN,actSMMN,Default,value,Combatives_Common_actSMMN,,0,Name: Mapped action mechanic. Stored Power and conditions are unchanged.
0190_00,Chiaotzu,Follow-up Attack — BSSM,1000,,,,1755,Follow-up Attack,,BSSM,actBSSM,Default,value,Combatives_Common_actBSSM,,0,Name: Mapped action category. Stored Power and conditions are unchanged.
0190_00,Chiaotzu,Smash Attack — forward,540,,,,845,Smash Attack,,SMMN,actSMMN,Default,value,Combatives_Common_actSMMN,,0,Name: Mapped action mechanic. Stored Power and conditions are unchanged.
0210_00,Yajirobe,Follow-up Attack — BSSM,1000,,,,1755,Follow-up Attack,,BSSM,actBSSM,Default,value,Combatives_Common_actBSSM,,0,Name: Mapped action category. Stored Power and conditions are unchanged.
0210_00,Yajirobe,Smash Attack — forward,540,,,,845,Smash Attack,,SMMN,actSMMN,Default,value,Combatives_Common_actSMMN,,0,Name: Mapped action mechanic. Stored Power and conditions are unchanged.
0220_00,Pikkon,Follow-up Attack — BSSM,1000,,,,1755,Follow-up Attack,,BSSM,actBSSM,Default,value,Combatives_Common_actBSSM,,0,Name: Mapped action category. Stored Power and conditions are unchanged.
0220_00,Pikkon,Smash Attack — forward,540,,,,845,Smash Attack,,SMMN,actSMMN,Default,value,Combatives_Common_actSMMN,,0,Name: Mapped action mechanic. Stored Power and conditions are unchanged.
0230_00,Pan (GT),Follow-up Attack — BSSM,1000,,,,1755,Follow-up Attack,,BSSM,actBSSM,Default,value,Combatives_Common_actBSSM,,0,Name: Mapped action category. Stored Power and conditions are unchanged.
0230_00,Pan (GT),Smash Attack — forward,540,,,,845,Smash Attack,,SMMN,actSMMN,Default,value,Combatives_Common_actSMMN,,0,Name: Mapped action mechanic. Stored Power and conditions are unchanged.
0240_00,Uub (GT),Follow-up Attack — BSSM,1000,,,,1755,Follow-up Attack,,BSSM,actBSSM,Default,value,Combatives_Common_actBSSM,,0,Name: Mapped action category. Stored Power and conditions are unchanged.
0240_00,Uub (GT),Smash Attack — forward,540,,,,845,Smash Attack,,SMMN,actSMMN,Default,value,Combatives_Common_actSMMN,,0,Name: Mapped action mechanic. Stored Power and conditions are unchanged.
0240_01,Majuub (GT),Follow-up Attack — BSSM,1000,,,,1755,Follow-up Attack,,BSSM,actBSSM,Default,value,Combatives_Common_actBSSM,,0,Name: Mapped action category. Stored Power and conditions are unchanged.
0240_01,Majuub (GT),Smash Attack — forward,540,,,,845,Smash Attack,,SMMN,actSMMN,Default,value,Combatives_Common_actSMMN,,0,Name: Mapped action mechanic. Stored Power and conditions are unchanged.
0260_00,Grandpa Gohan,Follow-up Attack — BSSM,1000,,,,1755,Follow-up Attack,,BSSM,actBSSM,Default,value,Combatives_Common_actBSSM,,0,Name: Mapped action category. Stored Power and conditions are unchanged.
0260_00,Grandpa Gohan,Smash Attack — forward,540,,,,845,Smash Attack,,SMMN,actSMMN,Default,value,Combatives_Common_actSMMN,,0,Name: Mapped action mechanic. Stored Power and conditions are unchanged.
0270_00,Nam,Follow-up Attack — BSSM,1000,,,,1755,Follow-up Attack,,BSSM,actBSSM,Default,value,Combatives_Common_actBSSM,,0,Name: Mapped action category. Stored Power and conditions are unchanged.
0270_00,Nam,Smash Attack — forward,540,,,,845,Smash Attack,,SMMN,actSMMN,Default,value,Combatives_Common_actSMMN,,0,Name: Mapped action mechanic. Stored Power and conditions are unchanged.
0280_00,Eighter,Follow-up Attack — BSSM,1000,,,,1755,Follow-up Attack,,BSSM,actBSSM,Default,value,Combatives_Common_actBSSM,,0,Name: Mapped action category. Stored Power and conditions are unchanged.
0280_00,Eighter,Smash Attack — forward,540,,,,845,Smash Attack,,SMMN,actSMMN,Default,value,Combatives_Common_actSMMN,,0,Name: Mapped action mechanic. Stored Power and conditions are unchanged.
0301_00,Chi-Chi,Follow-up Attack — BSSM,1000,,,,1755,Follow-up Attack,,BSSM,actBSSM,Default,value,Combatives_Common_actBSSM,,0,Name: Mapped action category. Stored Power and conditions are unchanged.
0301_00,Chi-Chi,Smash Attack — forward,540,,,,845,Smash Attack,,SMMN,actSMMN,Default,value,Combatives_Common_actSMMN,,0,Name: Mapped action mechanic. Stored Power and conditions are unchanged.
0310_00,Bardock,Follow-up Attack — BSSM,1000,,,,1755,Follow-up Attack,,BSSM,actBSSM,Default,value,Combatives_Common_actBSSM,,0,Name: Mapped action category. Stored Power and conditions are unchanged.
0310_00,Bardock,Smash Attack — forward,540,,,,845,Smash Attack,,SMMN,actSMMN,Default,value,Combatives_Common_actSMMN,,0,Name: Mapped action mechanic. Stored Power and conditions are unchanged.
0310_01,"Bardock, Super Saiyan",Follow-up Attack — BSSM,1000,,,,1755,Follow-up Attack,,BSSM,actBSSM,Default,value,Combatives_Common_actBSSM,,0,Name: Mapped action category. Stored Power and conditions are unchanged.
0310_01,"Bardock, Super Saiyan",Smash Attack — forward,540,,,,845,Smash Attack,,SMMN,actSMMN,Default,value,Combatives_Common_actSMMN,,0,Name: Mapped action mechanic. Stored Power and conditions are unchanged.
0320_00,Raditz,Follow-up Attack — BSSM,1000,,,,1755,Follow-up Attack,,BSSM,actBSSM,Default,value,Combatives_Common_actBSSM,,0,Name: Mapped action category. Stored Power and conditions are unchanged.
0320_00,Raditz,Smash Attack — forward,540,,,,845,Smash Attack,,SMMN,actSMMN,Default,value,Combatives_Common_actSMMN,,0,Name: Mapped action mechanic. Stored Power and conditions are unchanged.
0330_00,Saibaman,Follow-up Attack — BSSM,1000,,,,1755,Follow-up Attack,,BSSM,actBSSM,Default,value,Combatives_Common_actBSSM,,0,Name: Mapped action category. Stored Power and conditions are unchanged.
0330_00,Saibaman,Smash Attack — forward,540,,,,845,Smash Attack,,SMMN,actSMMN,Default,value,Combatives_Common_actSMMN,,0,Name: Mapped action mechanic. Stored Power and conditions are unchanged.
0340_00,Nappa,Follow-up Attack — BSSM,1000,,,,1755,Follow-up Attack,,BSSM,actBSSM,Default,value,Combatives_Common_actBSSM,,0,Name: Mapped action category. Stored Power and conditions are unchanged.
0340_00,Nappa,Smash Attack — forward,540,,,,845,Smash Attack,,SMMN,actSMMN,Default,value,Combatives_Common_actSMMN,,0,Name: Mapped action mechanic. Stored Power and conditions are unchanged.
0350_00,Zarbon,Follow-up Attack — BSSM,1000,,,,1755,Follow-up Attack,,BSSM,actBSSM,Default,value,Combatives_Common_actBSSM,,0,Name: Mapped action category. Stored Power and conditions are unchanged.
0350_00,Zarbon,Smash Attack — forward,540,,,,845,Smash Attack,,SMMN,actSMMN,Default,value,Combatives_Common_actSMMN,,0,Name: Mapped action mechanic. Stored Power and conditions are unchanged.
0351_00,Super Zarbon,Follow-up Attack — BSSM,1000,,,,1755,Follow-up Attack,,BSSM,actBSSM,Default,value,Combatives_Common_actBSSM,,0,Name: Mapped action category. Stored Power and conditions are unchanged.
0351_00,Super Zarbon,Smash Attack — forward,540,,,,845,Smash Attack,,SMMN,actSMMN,Default,value,Combatives_Common_actSMMN,,0,Name: Mapped action mechanic. Stored Power and conditions are unchanged.
0360_00,Dodoria,Follow-up Attack — BSSM,1000,,,,1755,Follow-up Attack,,BSSM,actBSSM,Default,value,Combatives_Common_actBSSM,,0,Name: Mapped action category. Stored Power and conditions are unchanged.
0360_00,Dodoria,Smash Attack — forward,540,,,,845,Smash Attack,,SMMN,actSMMN,Default,value,Combatives_Common_actSMMN,,0,Name: Mapped action mechanic. Stored Power and conditions are unchanged.
0370_00,Cui,Follow-up Attack — BSSM,1000,,,,1755,Follow-up Attack,,BSSM,actBSSM,Default,value,Combatives_Common_actBSSM,,0,Name: Mapped action category. Stored Power and conditions are unchanged.
0370_00,Cui,Smash Attack — forward,540,,,,845,Smash Attack,,SMMN,actSMMN,Default,value,Combatives_Common_actSMMN,,0,Name: Mapped action mechanic. Stored Power and conditions are unchanged.
0380_00,Captain Ginyu,Follow-up Attack — BSSM,1000,,,,1755,Follow-up Attack,,BSSM,actBSSM,Default,value,Combatives_Common_actBSSM,,0,Name: Mapped action category. Stored Power and conditions are unchanged.
0380_00,Captain Ginyu,Smash Attack — forward,540,,,,845,Smash Attack,,SMMN,actSMMN,Default,value,Combatives_Common_actSMMN,,0,Name: Mapped action mechanic. Stored Power and conditions are unchanged.
0390_00,Recoome,Follow-up Attack — BSSM,1000,,,,1755,Follow-up Attack,,BSSM,actBSSM,Default,value,Combatives_Common_actBSSM,,0,Name: Mapped action category. Stored Power and conditions are unchanged.
0390_00,Recoome,Smash Attack — forward,540,,,,845,Smash Attack,,SMMN,actSMMN,Default,value,Combatives_Common_actSMMN,,0,Name: Mapped action mechanic. Stored Power and conditions are unchanged.
0400_00,Burter,Follow-up Attack — BSSM,1000,,,,1755,Follow-up Attack,,BSSM,actBSSM,Default,value,Combatives_Common_actBSSM,,0,Name: Mapped action category. Stored Power and conditions are unchanged.
0400_00,Burter,Smash Attack — forward,540,,,,845,Smash Attack,,SMMN,actSMMN,Default,value,Combatives_Common_actSMMN,,0,Name: Mapped action mechanic. Stored Power and conditions are unchanged.
0410_00,Jeice,Follow-up Attack — BSSM,1000,,,,1755,Follow-up Attack,,BSSM,actBSSM,Default,value,Combatives_Common_actBSSM,,0,Name: Mapped action category. Stored Power and conditions are unchanged.
0410_00,Jeice,Smash Attack — forward,540,,,,845,Smash Attack,,SMMN,actSMMN,Default,value,Combatives_Common_actSMMN,,0,Name: Mapped action mechanic. Stored Power and conditions are unchanged.
0420_00,Guldo,Follow-up Attack — BSSM,1000,,,,1755,Follow-up Attack,,BSSM,actBSSM,Default,value,Combatives_Common_actBSSM,,0,Name: Mapped action category. Stored Power and conditions are unchanged.
0420_00,Guldo,Smash Attack — forward,540,,,,845,Smash Attack,,SMMN,actSMMN,Default,value,Combatives_Common_actSMMN,,0,Name: Mapped action mechanic. Stored Power and conditions are unchanged.
0430_00,King Cold,Follow-up Attack — BSSM,1000,,,,1755,Follow-up Attack,,BSSM,actBSSM,Default,value,Combatives_Common_actBSSM,,0,Name: Mapped action category. Stored Power and conditions are unchanged.
0430_00,King Cold,Smash Attack — forward,540,,,,845,Smash Attack,,SMMN,actSMMN,Default,value,Combatives_Common_actSMMN,,0,Name: Mapped action mechanic. Stored Power and conditions are unchanged.
0440_00,Android 16,Follow-up Attack — BSSM,1000,,,,1755,Follow-up Attack,,BSSM,actBSSM,Default,value,Combatives_Common_actBSSM,,0,Name: Mapped action category. Stored Power and conditions are unchanged.
0440_00,Android 16,Smash Attack — forward,540,,,,845,Smash Attack,,SMMN,actSMMN,Default,value,Combatives_Common_actSMMN,,0,Name: Mapped action mechanic. Stored Power and conditions are unchanged.
0450_00,Android 17 (Z),Follow-up Attack — BSSM,1000,,,,1755,Follow-up Attack,,BSSM,actBSSM,Default,value,Combatives_Common_actBSSM,,0,Name: Mapped action category. Stored Power and conditions are unchanged.
0450_00,Android 17 (Z),Smash Attack — forward,540,,,,845,Smash Attack,,SMMN,actSMMN,Default,value,Combatives_Common_actSMMN,,0,Name: Mapped action mechanic. Stored Power and conditions are unchanged.
0450_10,Android 17 (Super),Follow-up Attack — BSSM,1000,,,,1755,Follow-up Attack,,BSSM,actBSSM,Default,value,Combatives_Common_actBSSM,,0,Name: Mapped action category. Stored Power and conditions are unchanged.
0450_10,Android 17 (Super),Smash Attack — forward,540,,,,845,Smash Attack,,SMMN,actSMMN,Default,value,Combatives_Common_actSMMN,,0,Name: Mapped action mechanic. Stored Power and conditions are unchanged.
0451_00,Super 17,Follow-up Attack — BSSM,1000,,,,1755,Follow-up Attack,,BSSM,actBSSM,Default,value,Combatives_Common_actBSSM,,0,Name: Mapped action category. Stored Power and conditions are unchanged.
0451_00,Super 17,Smash Attack — forward,540,,,,845,Smash Attack,,SMMN,actSMMN,Default,value,Combatives_Common_actSMMN,,0,Name: Mapped action mechanic. Stored Power and conditions are unchanged.
0460_00,Android 18,Follow-up Attack — BSSM,1000,,,,1755,Follow-up Attack,,BSSM,actBSSM,Default,value,Combatives_Common_actBSSM,,0,Name: Mapped action category. Stored Power and conditions are unchanged.
0460_00,Android 18,Smash Attack — forward,540,,,,845,Smash Attack,,SMMN,actSMMN,Default,value,Combatives_Common_actSMMN,,0,Name: Mapped action mechanic. Stored Power and conditions are unchanged.
0470_00,Android 19,Follow-up Attack — BSSM,1000,,,,1755,Follow-up Attack,,BSSM,actBSSM,Default,value,Combatives_Common_actBSSM,,0,Name: Mapped action category. Stored Power and conditions are unchanged.
0470_00,Android 19,Smash Attack — forward,540,,,,845,Smash Attack,,SMMN,actSMMN,Default,value,Combatives_Common_actSMMN,,0,Name: Mapped action mechanic. Stored Power and conditions are unchanged.
0480_00,Dr. Gero,Follow-up Attack — BSSM,1000,,,,1755,Follow-up Attack,,BSSM,actBSSM,Default,value,Combatives_Common_actBSSM,,0,Name: Mapped action category. Stored Power and conditions are unchanged.
0480_00,Dr. Gero,Smash Attack — forward,540,,,,845,Smash Attack,,SMMN,actSMMN,Default,value,Combatives_Common_actSMMN,,0,Name: Mapped action mechanic. Stored Power and conditions are unchanged.
0490_00,Babidi,Follow-up Attack — BSSM,1000,,,,1755,Follow-up Attack,,BSSM,actBSSM,Default,value,Combatives_Common_actBSSM,,0,Name: Mapped action category. Stored Power and conditions are unchanged.
0490_00,Babidi,Smash Attack — forward,540,,,,845,Smash Attack,,SMMN,actSMMN,Default,value,Combatives_Common_actSMMN,,0,Name: Mapped action mechanic. Stored Power and conditions are unchanged.
0500_00,Dabura,Follow-up Attack — BSSM,1000,,,,1755,Follow-up Attack,,BSSM,actBSSM,Default,value,Combatives_Common_actBSSM,,0,Name: Mapped action category. Stored Power and conditions are unchanged.
0500_00,Dabura,Smash Attack — forward,540,,,,845,Smash Attack,,SMMN,actSMMN,Default,value,Combatives_Common_actSMMN,,0,Name: Mapped action mechanic. Stored Power and conditions are unchanged.
0510_00,King Vegeta,Follow-up Attack — BSSM,1000,,,,1755,Follow-up Attack,,BSSM,actBSSM,Default,value,Combatives_Common_actBSSM,,0,Name: Mapped action category. Stored Power and conditions are unchanged.
0510_00,King Vegeta,Smash Attack — forward,540,,,,845,Smash Attack,,SMMN,actSMMN,Default,value,Combatives_Common_actSMMN,,0,Name: Mapped action mechanic. Stored Power and conditions are unchanged.
0540_00,Frieza Force Soldier,Follow-up Attack — BSSM,1000,,,,1755,Follow-up Attack,,BSSM,actBSSM,Default,value,Combatives_Common_actBSSM,,0,Name: Mapped action category. Stored Power and conditions are unchanged.
0540_00,Frieza Force Soldier,Smash Attack — forward,540,,,,845,Smash Attack,,SMMN,actSMMN,Default,value,Combatives_Common_actSMMN,,0,Name: Mapped action mechanic. Stored Power and conditions are unchanged.
0550_00,Broly (Z),Follow-up Attack — BSSM,1000,,,,1755,Follow-up Attack,,BSSM,actBSSM,Default,value,Combatives_Common_actBSSM,,0,Name: Mapped action category. Stored Power and conditions are unchanged.
0550_00,Broly (Z),Smash Attack — forward,540,,,,845,Smash Attack,,SMMN,actSMMN,Default,value,Combatives_Common_actSMMN,,0,Name: Mapped action mechanic. Stored Power and conditions are unchanged.
0551_00,"Broly (Z), Super Saiyan",Follow-up Attack — BSSM,1000,,,,1755,Follow-up Attack,,BSSM,actBSSM,Default,value,Combatives_Common_actBSSM,,0,Name: Mapped action category. Stored Power and conditions are unchanged.
0551_00,"Broly (Z), Super Saiyan",Smash Attack — forward,540,,,,845,Smash Attack,,SMMN,actSMMN,Default,value,Combatives_Common_actSMMN,,0,Name: Mapped action mechanic. Stored Power and conditions are unchanged.
0552_00,"Broly (Z), Legendary Super Saiyan",Follow-up Attack — BSSM,1000,,,,1755,Follow-up Attack,,BSSM,actBSSM,Default,value,Combatives_Common_actBSSM,,0,Name: Mapped action category. Stored Power and conditions are unchanged.
0552_00,"Broly (Z), Legendary Super Saiyan",Smash Attack — forward,540,,,,845,Smash Attack,,SMMN,actSMMN,Default,value,Combatives_Common_actSMMN,,0,Name: Mapped action mechanic. Stored Power and conditions are unchanged.
0553_00,Broly (Super),Follow-up Attack — BSSM,1000,,,,1755,Follow-up Attack,,BSSM,actBSSM,Default,value,Combatives_Common_actBSSM,,0,Name: Mapped action category. Stored Power and conditions are unchanged.
0553_00,Broly (Super),Smash Attack — forward,540,,,,845,Smash Attack,,SMMN,actSMMN,Default,value,Combatives_Common_actSMMN,,0,Name: Mapped action mechanic. Stored Power and conditions are unchanged.
0554_00,"Broly (Super), Super Saiyan",Follow-up Attack — BSSM,1000,,,,1755,Follow-up Attack,,BSSM,actBSSM,Default,value,Combatives_Common_actBSSM,,0,Name: Mapped action category. Stored Power and conditions are unchanged.
0554_00,"Broly (Super), Super Saiyan",Smash Attack — forward,540,,,,845,Smash Attack,,SMMN,actSMMN,Default,value,Combatives_Common_actSMMN,,0,Name: Mapped action mechanic. Stored Power and conditions are unchanged.
0555_00,"Broly (Super), Super Saiyan (Full Power)",Follow-up Attack — BSSM,1000,,,,1755,Follow-up Attack,,BSSM,actBSSM,Default,value,Combatives_Common_actBSSM,,0,Name: Mapped action category. Stored Power and conditions are unchanged.
0555_00,"Broly (Super), Super Saiyan (Full Power)",Smash Attack — forward,540,,,,845,Smash Attack,,SMMN,actSMMN,Default,value,Combatives_Common_actSMMN,,0,Name: Mapped action mechanic. Stored Power and conditions are unchanged.
0561_00,Super Garlic Jr.,Follow-up Attack — BSSM,1000,,,,1755,Follow-up Attack,,BSSM,actBSSM,Default,value,Combatives_Common_actBSSM,,0,Name: Mapped action category. Stored Power and conditions are unchanged.
0561_00,Super Garlic Jr.,Smash Attack — forward,540,,,,845,Smash Attack,,SMMN,actSMMN,Default,value,Combatives_Common_actSMMN,,0,Name: Mapped action mechanic. Stored Power and conditions are unchanged.
0570_00,Dr. Wheelo,Follow-up Attack — BSSM,1000,,,,1755,Follow-up Attack,,BSSM,actBSSM,Default,value,Combatives_Common_actBSSM,,0,Name: Mapped action category. Stored Power and conditions are unchanged.
0570_00,Dr. Wheelo,Smash Attack — forward,540,,,,845,Smash Attack,,SMMN,actSMMN,Default,value,Combatives_Common_actSMMN,,0,Name: Mapped action mechanic. Stored Power and conditions are unchanged.
0580_00,Turles,Follow-up Attack — BSSM,1000,,,,1755,Follow-up Attack,,BSSM,actBSSM,Default,value,Combatives_Common_actBSSM,,0,Name: Mapped action category. Stored Power and conditions are unchanged.
0580_00,Turles,Smash Attack — forward,540,,,,845,Smash Attack,,SMMN,actSMMN,Default,value,Combatives_Common_actSMMN,,0,Name: Mapped action mechanic. Stored Power and conditions are unchanged.
0590_00,Lord Slug,Follow-up Attack — BSSM,1000,,,,1755,Follow-up Attack,,BSSM,actBSSM,Default,value,Combatives_Common_actBSSM,,0,Name: Mapped action category. Stored Power and conditions are unchanged.
0590_00,Lord Slug,Smash Attack — forward,540,,,,845,Smash Attack,,SMMN,actSMMN,Default,value,Combatives_Common_actSMMN,,0,Name: Mapped action mechanic. Stored Power and conditions are unchanged.
0591_00,"Lord Slug, Giant Form",Follow-up Attack — BSSM,1000,,,,1755,Follow-up Attack,,BSSM,actBSSM,Default,value,Combatives_Common_actBSSM,,0,Name: Mapped action category. Stored Power and conditions are unchanged.
0591_00,"Lord Slug, Giant Form",Smash Attack — forward,540,,,,845,Smash Attack,,SMMN,actSMMN,Default,value,Combatives_Common_actSMMN,,0,Name: Mapped action mechanic. Stored Power and conditions are unchanged.
0600_00,Cooler,Follow-up Attack — BSSM,1000,,,,1755,Follow-up Attack,,BSSM,actBSSM,Default,value,Combatives_Common_actBSSM,,0,Name: Mapped action category. Stored Power and conditions are unchanged.
0600_00,Cooler,Smash Attack — forward,540,,,,845,Smash Attack,,SMMN,actSMMN,Default,value,Combatives_Common_actSMMN,,0,Name: Mapped action mechanic. Stored Power and conditions are unchanged.
0600_10,Metal Cooler,Follow-up Attack — BSSM,1000,,,,1755,Follow-up Attack,,BSSM,actBSSM,Default,value,Combatives_Common_actBSSM,,0,Name: Mapped action category. Stored Power and conditions are unchanged.
0600_10,Metal Cooler,Smash Attack — forward,540,,,,845,Smash Attack,,SMMN,actSMMN,Default,value,Combatives_Common_actSMMN,,0,Name: Mapped action mechanic. Stored Power and conditions are unchanged.
0601_00,"Cooler, Final Form",Follow-up Attack — BSSM,1000,,,,1755,Follow-up Attack,,BSSM,actBSSM,Default,value,Combatives_Common_actBSSM,,0,Name: Mapped action category. Stored Power and conditions are unchanged.
0601_00,"Cooler, Final Form",Smash Attack — forward,540,,,,845,Smash Attack,,SMMN,actSMMN,Default,value,Combatives_Common_actSMMN,,0,Name: Mapped action mechanic. Stored Power and conditions are unchanged.
0610_00,Salza,Follow-up Attack — BSSM,1000,,,,1755,Follow-up Attack,,BSSM,actBSSM,Default,value,Combatives_Common_actBSSM,,0,Name: Mapped action category. Stored Power and conditions are unchanged.
0610_00,Salza,Smash Attack — forward,540,,,,845,Smash Attack,,SMMN,actSMMN,Default,value,Combatives_Common_actSMMN,,0,Name: Mapped action mechanic. Stored Power and conditions are unchanged.
0620_00,Android 13,Follow-up Attack — BSSM,1000,,,,1755,Follow-up Attack,,BSSM,actBSSM,Default,value,Combatives_Common_actBSSM,,0,Name: Mapped action category. Stored Power and conditions are unchanged.
0620_00,Android 13,Smash Attack — forward,540,,,,845,Smash Attack,,SMMN,actSMMN,Default,value,Combatives_Common_actSMMN,,0,Name: Mapped action mechanic. Stored Power and conditions are unchanged.
0621_00,Fusion Android 13,Follow-up Attack — BSSM,1000,,,,1755,Follow-up Attack,,BSSM,actBSSM,Default,value,Combatives_Common_actBSSM,,0,Name: Mapped action category. Stored Power and conditions are unchanged.
0621_00,Fusion Android 13,Smash Attack — forward,540,,,,845,Smash Attack,,SMMN,actSMMN,Default,value,Combatives_Common_actSMMN,,0,Name: Mapped action mechanic. Stored Power and conditions are unchanged.
0630_00,Bojack,Follow-up Attack — BSSM,1000,,,,1755,Follow-up Attack,,BSSM,actBSSM,Default,value,Combatives_Common_actBSSM,,0,Name: Mapped action category. Stored Power and conditions are unchanged.
0630_00,Bojack,Smash Attack — forward,540,,,,845,Smash Attack,,SMMN,actSMMN,Default,value,Combatives_Common_actSMMN,,0,Name: Mapped action mechanic. Stored Power and conditions are unchanged.
0631_00,Full-Power Bojack,Follow-up Attack — BSSM,1000,,,,1755,Follow-up Attack,,BSSM,actBSSM,Default,value,Combatives_Common_actBSSM,,0,Name: Mapped action category. Stored Power and conditions are unchanged.
0631_00,Full-Power Bojack,Smash Attack — forward,540,,,,845,Smash Attack,,SMMN,actSMMN,Default,value,Combatives_Common_actSMMN,,0,Name: Mapped action mechanic. Stored Power and conditions are unchanged.
0640_00,Zangya,Follow-up Attack — BSSM,1000,,,,1755,Follow-up Attack,,BSSM,actBSSM,Default,value,Combatives_Common_actBSSM,,0,Name: Mapped action category. Stored Power and conditions are unchanged.
0640_00,Zangya,Smash Attack — forward,540,,,,845,Smash Attack,,SMMN,actSMMN,Default,value,Combatives_Common_actSMMN,,0,Name: Mapped action mechanic. Stored Power and conditions are unchanged.
0650_00,Janemba,Follow-up Attack — BSSM,1000,,,,1755,Follow-up Attack,,BSSM,actBSSM,Default,value,Combatives_Common_actBSSM,,0,Name: Mapped action category. Stored Power and conditions are unchanged.
0650_00,Janemba,Smash Attack — forward,540,,,,845,Smash Attack,,SMMN,actSMMN,Default,value,Combatives_Common_actSMMN,,0,Name: Mapped action mechanic. Stored Power and conditions are unchanged.
0651_00,Super Janemba,Follow-up Attack — BSSM,1000,,,,1755,Follow-up Attack,,BSSM,actBSSM,Default,value,Combatives_Common_actBSSM,,0,Name: Mapped action category. Stored Power and conditions are unchanged.
0651_00,Super Janemba,Smash Attack — forward,540,,,,845,Smash Attack,,SMMN,actSMMN,Default,value,Combatives_Common_actSMMN,,0,Name: Mapped action mechanic. Stored Power and conditions are unchanged.
0660_00,Tapion,Follow-up Attack — BSSM,1000,,,,1755,Follow-up Attack,,BSSM,actBSSM,Default,value,Combatives_Common_actBSSM,,0,Name: Mapped action category. Stored Power and conditions are unchanged.
0660_00,Tapion,Smash Attack — forward,540,,,,845,Smash Attack,,SMMN,actSMMN,Default,value,Combatives_Common_actSMMN,,0,Name: Mapped action mechanic. Stored Power and conditions are unchanged.
0670_00,Hirudegarn,Follow-up Attack — BSSM,1000,,,,1755,Follow-up Attack,,BSSM,actBSSM,Default,value,Combatives_Common_actBSSM,,0,Name: Mapped action category. Stored Power and conditions are unchanged.
0670_00,Hirudegarn,Smash Attack — forward,540,,,,845,Smash Attack,,SMMN,actSMMN,Default,value,Combatives_Common_actSMMN,,0,Name: Mapped action mechanic. Stored Power and conditions are unchanged.
0680_00,Baby Vegeta (GT),Follow-up Attack — BSSM,1000,,,,1755,Follow-up Attack,,BSSM,actBSSM,Default,value,Combatives_Common_actBSSM,,0,Name: Mapped action category. Stored Power and conditions are unchanged.
0680_00,Baby Vegeta (GT),Smash Attack — forward,540,,,,845,Smash Attack,,SMMN,actSMMN,Default,value,Combatives_Common_actSMMN,,0,Name: Mapped action mechanic. Stored Power and conditions are unchanged.
0680_01,Super Baby 1 (GT),Follow-up Attack — BSSM,1000,,,,1755,Follow-up Attack,,BSSM,actBSSM,Default,value,Combatives_Common_actBSSM,,0,Name: Mapped action category. Stored Power and conditions are unchanged.
0680_01,Super Baby 1 (GT),Smash Attack — forward,540,,,,845,Smash Attack,,SMMN,actSMMN,Default,value,Combatives_Common_actSMMN,,0,Name: Mapped action mechanic. Stored Power and conditions are unchanged.
0680_02,Super Baby 2 (GT),Follow-up Attack — BSSM,1000,,,,1755,Follow-up Attack,,BSSM,actBSSM,Default,value,Combatives_Common_actBSSM,,0,Name: Mapped action category. Stored Power and conditions are unchanged.
0680_02,Super Baby 2 (GT),Smash Attack — forward,540,,,,845,Smash Attack,,SMMN,actSMMN,Default,value,Combatives_Common_actSMMN,,0,Name: Mapped action mechanic. Stored Power and conditions are unchanged.
0681_00,Great Ape Baby (GT),Follow-up Attack — BSSM,1000,,,,1755,Follow-up Attack,,BSSM,actBSSM,Default,value,Combatives_Common_actBSSM,,0,Name: Mapped action category. Stored Power and conditions are unchanged.
0681_00,Great Ape Baby (GT),Smash Attack — forward,540,,,,845,Smash Attack,,SMMN,actSMMN,Default,value,Combatives_Common_actSMMN,,0,Name: Mapped action mechanic. Stored Power and conditions are unchanged.
0690_00,Nuova Shenron (GT),Follow-up Attack — BSSM,1000,,,,1755,Follow-up Attack,,BSSM,actBSSM,Default,value,Combatives_Common_actBSSM,,0,Name: Mapped action category. Stored Power and conditions are unchanged.
0690_00,Nuova Shenron (GT),Smash Attack — forward,540,,,,845,Smash Attack,,SMMN,actSMMN,Default,value,Combatives_Common_actSMMN,,0,Name: Mapped action mechanic. Stored Power and conditions are unchanged.
0700_00,Syn Shenron (GT),Follow-up Attack — BSSM,1000,,,,1755,Follow-up Attack,,BSSM,actBSSM,Default,value,Combatives_Common_actBSSM,,0,Name: Mapped action category. Stored Power and conditions are unchanged.
0700_00,Syn Shenron (GT),Smash Attack — forward,540,,,,845,Smash Attack,,SMMN,actSMMN,Default,value,Combatives_Common_actSMMN,,0,Name: Mapped action mechanic. Stored Power and conditions are unchanged.
0700_01,Omega Shenron (GT),Follow-up Attack — BSSM,1000,,,,1755,Follow-up Attack,,BSSM,actBSSM,Default,value,Combatives_Common_actBSSM,,0,Name: Mapped action category. Stored Power and conditions are unchanged.
0700_01,Omega Shenron (GT),Smash Attack — forward,540,,,,845,Smash Attack,,SMMN,actSMMN,Default,value,Combatives_Common_actSMMN,,0,Name: Mapped action mechanic. Stored Power and conditions are unchanged.
0710_00,Mercenary Tao,Follow-up Attack — BSSM,1000,,,,1755,Follow-up Attack,,BSSM,actBSSM,Default,value,Combatives_Common_actBSSM,,0,Name: Mapped action category. Stored Power and conditions are unchanged.
0710_00,Mercenary Tao,Smash Attack — forward,540,,,,845,Smash Attack,,SMMN,actSMMN,Default,value,Combatives_Common_actSMMN,,0,Name: Mapped action mechanic. Stored Power and conditions are unchanged.
0720_00,General Blue,Follow-up Attack — BSSM,1000,,,,1755,Follow-up Attack,,BSSM,actBSSM,Default,value,Combatives_Common_actBSSM,,0,Name: Mapped action category. Stored Power and conditions are unchanged.
0720_00,General Blue,Smash Attack — forward,540,,,,845,Smash Attack,,SMMN,actSMMN,Default,value,Combatives_Common_actSMMN,,0,Name: Mapped action mechanic. Stored Power and conditions are unchanged.
0730_00,Spike the Devil Man,Follow-up Attack — BSSM,1000,,,,1755,Follow-up Attack,,BSSM,actBSSM,Default,value,Combatives_Common_actBSSM,,0,Name: Mapped action category. Stored Power and conditions are unchanged.
0730_00,Spike the Devil Man,Smash Attack — forward,540,,,,845,Smash Attack,,SMMN,actSMMN,Default,value,Combatives_Common_actSMMN,,0,Name: Mapped action mechanic. Stored Power and conditions are unchanged.
0760_00,Spopovich,Follow-up Attack — BSSM,1000,,,,1755,Follow-up Attack,,BSSM,actBSSM,Default,value,Combatives_Common_actBSSM,,0,Name: Mapped action category. Stored Power and conditions are unchanged.
0760_00,Spopovich,Smash Attack — forward,540,,,,845,Smash Attack,,SMMN,actSMMN,Default,value,Combatives_Common_actSMMN,,0,Name: Mapped action mechanic. Stored Power and conditions are unchanged.
0780_00,Beerus,Follow-up Attack — BSSM,1000,,,,1755,Follow-up Attack,,BSSM,actBSSM,Default,value,Combatives_Common_actBSSM,,0,Name: Mapped action category. Stored Power and conditions are unchanged.
0780_00,Beerus,Smash Attack — forward,540,,,,845,Smash Attack,,SMMN,actSMMN,Default,value,Combatives_Common_actSMMN,,0,Name: Mapped action mechanic. Stored Power and conditions are unchanged.
0790_00,Whis,Follow-up Attack — BSSM,1000,,,,1755,Follow-up Attack,,BSSM,actBSSM,Default,value,Combatives_Common_actBSSM,,0,Name: Mapped action category. Stored Power and conditions are unchanged.
0790_00,Whis,Smash Attack — forward,540,,,,845,Smash Attack,,SMMN,actSMMN,Default,value,Combatives_Common_actSMMN,,0,Name: Mapped action mechanic. Stored Power and conditions are unchanged.
0800_00,Goku Black,Follow-up Attack — BSSM,1000,,,,1755,Follow-up Attack,,BSSM,actBSSM,Default,value,Combatives_Common_actBSSM,,0,Name: Mapped action category. Stored Power and conditions are unchanged.
0800_00,Goku Black,Smash Attack — forward,540,,,,845,Smash Attack,,SMMN,actSMMN,Default,value,Combatives_Common_actSMMN,,0,Name: Mapped action mechanic. Stored Power and conditions are unchanged.
0800_01,"Goku Black, Super Saiyan Rosé",Follow-up Attack — BSSM,1000,,,,1755,Follow-up Attack,,BSSM,actBSSM,Default,value,Combatives_Common_actBSSM,,0,Name: Mapped action category. Stored Power and conditions are unchanged.
0800_01,"Goku Black, Super Saiyan Rosé",Smash Attack — forward,540,,,,845,Smash Attack,,SMMN,actSMMN,Default,value,Combatives_Common_actSMMN,,0,Name: Mapped action mechanic. Stored Power and conditions are unchanged.
0810_00,Zamasu,Follow-up Attack — BSSM,1000,,,,1755,Follow-up Attack,,BSSM,actBSSM,Default,value,Combatives_Common_actBSSM,,0,Name: Mapped action category. Stored Power and conditions are unchanged.
0810_00,Zamasu,Smash Attack — forward,540,,,,845,Smash Attack,,SMMN,actSMMN,Default,value,Combatives_Common_actSMMN,,0,Name: Mapped action mechanic. Stored Power and conditions are unchanged.
0810_01,Fused Zamasu,Follow-up Attack — BSSM,1000,,,,1755,Follow-up Attack,,BSSM,actBSSM,Default,value,Combatives_Common_actBSSM,,0,Name: Mapped action category. Stored Power and conditions are unchanged.
0810_01,Fused Zamasu,Smash Attack — forward,540,,,,845,Smash Attack,,SMMN,actSMMN,Default,value,Combatives_Common_actSMMN,,0,Name: Mapped action mechanic. Stored Power and conditions are unchanged.
0811_00,"Fused Zamasu, Half-Corrupted",Follow-up Attack — BSSM,1000,,,,1755,Follow-up Attack,,BSSM,actBSSM,Default,value,Combatives_Common_actBSSM,,0,Name: Mapped action category. Stored Power and conditions are unchanged.
0811_00,"Fused Zamasu, Half-Corrupted",Smash Attack — forward,540,,,,845,Smash Attack,,SMMN,actSMMN,Default,value,Combatives_Common_actSMMN,,0,Name: Mapped action mechanic. Stored Power and conditions are unchanged.
0820_00,Demon King Piccolo,Follow-up Attack — BSSM,1000,,,,1755,Follow-up Attack,,BSSM,actBSSM,Default,value,Combatives_Common_actBSSM,,0,Name: Mapped action category. Stored Power and conditions are unchanged.
0820_00,Demon King Piccolo,Smash Attack — forward,540,,,,845,Smash Attack,,SMMN,actSMMN,Default,value,Combatives_Common_actSMMN,,0,Name: Mapped action mechanic. Stored Power and conditions are unchanged.
0830_00,Jaco,Follow-up Attack — BSSM,1000,,,,1755,Follow-up Attack,,BSSM,actBSSM,Default,value,Combatives_Common_actBSSM,,0,Name: Mapped action category. Stored Power and conditions are unchanged.
0830_00,Jaco,Smash Attack — forward,540,,,,845,Smash Attack,,SMMN,actSMMN,Default,value,Combatives_Common_actSMMN,,0,Name: Mapped action mechanic. Stored Power and conditions are unchanged.
0870_00,Hit,Follow-up Attack — BSSM,1000,,,,1755,Follow-up Attack,,BSSM,actBSSM,Default,value,Combatives_Common_actBSSM,,0,Name: Mapped action category. Stored Power and conditions are unchanged.
0870_00,Hit,Smash Attack — forward,540,,,,845,Smash Attack,,SMMN,actSMMN,Default,value,Combatives_Common_actSMMN,,0,Name: Mapped action mechanic. Stored Power and conditions are unchanged.
0881_00,Frost,Follow-up Attack — BSSM,1000,,,,1755,Follow-up Attack,,BSSM,actBSSM,Default,value,Combatives_Common_actBSSM,,0,Name: Mapped action category. Stored Power and conditions are unchanged.
0881_00,Frost,Smash Attack — forward,540,,,,845,Smash Attack,,SMMN,actSMMN,Default,value,Combatives_Common_actSMMN,,0,Name: Mapped action mechanic. Stored Power and conditions are unchanged.
0890_00,Cabba,Follow-up Attack — BSSM,1000,,,,1755,Follow-up Attack,,BSSM,actBSSM,Default,value,Combatives_Common_actBSSM,,0,Name: Mapped action category. Stored Power and conditions are unchanged.
0890_00,Cabba,Smash Attack — forward,540,,,,845,Smash Attack,,SMMN,actSMMN,Default,value,Combatives_Common_actSMMN,,0,Name: Mapped action mechanic. Stored Power and conditions are unchanged.
0890_01,"Cabba, Super Saiyan",Follow-up Attack — BSSM,1000,,,,1755,Follow-up Attack,,BSSM,actBSSM,Default,value,Combatives_Common_actBSSM,,0,Name: Mapped action category. Stored Power and conditions are unchanged.
0890_01,"Cabba, Super Saiyan",Smash Attack — forward,540,,,,845,Smash Attack,,SMMN,actSMMN,Default,value,Combatives_Common_actSMMN,,0,Name: Mapped action mechanic. Stored Power and conditions are unchanged.
0890_02,"Cabba, Super Saiyan 2",Follow-up Attack — BSSM,1000,,,,1755,Follow-up Attack,,BSSM,actBSSM,Default,value,Combatives_Common_actBSSM,,0,Name: Mapped action category. Stored Power and conditions are unchanged.
0890_02,"Cabba, Super Saiyan 2",Smash Attack — forward,540,,,,845,Smash Attack,,SMMN,actSMMN,Default,value,Combatives_Common_actSMMN,,0,Name: Mapped action mechanic. Stored Power and conditions are unchanged.
0900_00,Caulifla,Follow-up Attack — BSSM,1000,,,,1755,Follow-up Attack,,BSSM,actBSSM,Default,value,Combatives_Common_actBSSM,,0,Name: Mapped action category. Stored Power and conditions are unchanged.
0900_00,Caulifla,Smash Attack — forward,540,,,,845,Smash Attack,,SMMN,actSMMN,Default,value,Combatives_Common_actSMMN,,0,Name: Mapped action mechanic. Stored Power and conditions are unchanged.
0900_02,"Caulifla, Super Saiyan 2",Follow-up Attack — BSSM,1000,,,,1755,Follow-up Attack,,BSSM,actBSSM,Default,value,Combatives_Common_actBSSM,,0,Name: Mapped action category. Stored Power and conditions are unchanged.
0900_02,"Caulifla, Super Saiyan 2",Smash Attack — forward,540,,,,845,Smash Attack,,SMMN,actSMMN,Default,value,Combatives_Common_actSMMN,,0,Name: Mapped action mechanic. Stored Power and conditions are unchanged.
0910_00,Kale,Follow-up Attack — BSSM,1000,,,,1755,Follow-up Attack,,BSSM,actBSSM,Default,value,Combatives_Common_actBSSM,,0,Name: Mapped action category. Stored Power and conditions are unchanged.
0910_00,Kale,Smash Attack — forward,540,,,,845,Smash Attack,,SMMN,actSMMN,Default,value,Combatives_Common_actSMMN,,0,Name: Mapped action mechanic. Stored Power and conditions are unchanged.
0911_00,"Kale, Super Saiyan (Berserk)",Follow-up Attack — BSSM,1000,,,,1755,Follow-up Attack,,BSSM,actBSSM,Default,value,Combatives_Common_actBSSM,,0,Name: Mapped action category. Stored Power and conditions are unchanged.
0911_00,"Kale, Super Saiyan (Berserk)",Smash Attack — forward,540,,,,845,Smash Attack,,SMMN,actSMMN,Default,value,Combatives_Common_actSMMN,,0,Name: Mapped action mechanic. Stored Power and conditions are unchanged.
0912_00,"Kale, Super Saiyan",Follow-up Attack — BSSM,1000,,,,1755,Follow-up Attack,,BSSM,actBSSM,Default,value,Combatives_Common_actBSSM,,0,Name: Mapped action category. Stored Power and conditions are unchanged.
0912_00,"Kale, Super Saiyan",Smash Attack — forward,540,,,,845,Smash Attack,,SMMN,actSMMN,Default,value,Combatives_Common_actSMMN,,0,Name: Mapped action mechanic. Stored Power and conditions are unchanged.
0920_00,Kefla,Follow-up Attack — BSSM,1000,,,,1755,Follow-up Attack,,BSSM,actBSSM,Default,value,Combatives_Common_actBSSM,,0,Name: Mapped action category. Stored Power and conditions are unchanged.
0920_00,Kefla,Smash Attack — forward,540,,,,845,Smash Attack,,SMMN,actSMMN,Default,value,Combatives_Common_actSMMN,,0,Name: Mapped action mechanic. Stored Power and conditions are unchanged.
0920_01,"Kefla, Super Saiyan",Follow-up Attack — BSSM,1000,,,,1755,Follow-up Attack,,BSSM,actBSSM,Default,value,Combatives_Common_actBSSM,,0,Name: Mapped action category. Stored Power and conditions are unchanged.
0920_01,"Kefla, Super Saiyan",Smash Attack — forward,540,,,,845,Smash Attack,,SMMN,actSMMN,Default,value,Combatives_Common_actSMMN,,0,Name: Mapped action mechanic. Stored Power and conditions are unchanged.
0920_02,"Kefla, Super Saiyan 2",Follow-up Attack — BSSM,1000,,,,1755,Follow-up Attack,,BSSM,actBSSM,Default,value,Combatives_Common_actBSSM,,0,Name: Mapped action category. Stored Power and conditions are unchanged.
0920_02,"Kefla, Super Saiyan 2",Smash Attack — forward,540,,,,845,Smash Attack,,SMMN,actSMMN,Default,value,Combatives_Common_actSMMN,,0,Name: Mapped action mechanic. Stored Power and conditions are unchanged.
0930_00,Jiren,Follow-up Attack — BSSM,1000,,,,1755,Follow-up Attack,,BSSM,actBSSM,Default,value,Combatives_Common_actBSSM,,0,Name: Mapped action category. Stored Power and conditions are unchanged.
0930_00,Jiren,Smash Attack — forward,540,,,,845,Smash Attack,,SMMN,actSMMN,Default,value,Combatives_Common_actSMMN,,0,Name: Mapped action mechanic. Stored Power and conditions are unchanged.
0931_00,"Jiren, Full Power",Follow-up Attack — BSSM,1000,,,,1755,Follow-up Attack,,BSSM,actBSSM,Default,value,Combatives_Common_actBSSM,,0,Name: Mapped action category. Stored Power and conditions are unchanged.
0931_00,"Jiren, Full Power",Smash Attack — forward,540,,,,845,Smash Attack,,SMMN,actSMMN,Default,value,Combatives_Common_actSMMN,,0,Name: Mapped action mechanic. Stored Power and conditions are unchanged.
0940_00,Toppo,Follow-up Attack — BSSM,1000,,,,1755,Follow-up Attack,,BSSM,actBSSM,Default,value,Combatives_Common_actBSSM,,0,Name: Mapped action category. Stored Power and conditions are unchanged.
0940_00,Toppo,Smash Attack — forward,540,,,,845,Smash Attack,,SMMN,actSMMN,Default,value,Combatives_Common_actSMMN,,0,Name: Mapped action mechanic. Stored Power and conditions are unchanged.
0941_00,"Toppo, God of Destruction",Follow-up Attack — BSSM,1000,,,,1755,Follow-up Attack,,BSSM,actBSSM,Default,value,Combatives_Common_actBSSM,,0,Name: Mapped action category. Stored Power and conditions are unchanged.
0941_00,"Toppo, God of Destruction",Smash Attack — forward,540,,,,845,Smash Attack,,SMMN,actSMMN,Default,value,Combatives_Common_actSMMN,,0,Name: Mapped action mechanic. Stored Power and conditions are unchanged.
0950_00,Dyspo,Follow-up Attack — BSSM,1000,,,,1755,Follow-up Attack,,BSSM,actBSSM,Default,value,Combatives_Common_actBSSM,,0,Name: Mapped action category. Stored Power and conditions are unchanged.
0950_00,Dyspo,Smash Attack — forward,540,,,,845,Smash Attack,,SMMN,actSMMN,Default,value,Combatives_Common_actSMMN,,0,Name: Mapped action mechanic. Stored Power and conditions are unchanged.
1000_00,Champa,Follow-up Attack — BSSM,1000,,,,1755,Follow-up Attack,,BSSM,actBSSM,Default,value,Combatives_Common_actBSSM,,0,Name: Mapped action category. Stored Power and conditions are unchanged.
1000_00,Champa,Smash Attack — forward,540,,,,845,Smash Attack,,SMMN,actSMMN,Default,value,Combatives_Common_actSMMN,,0,Name: Mapped action mechanic. Stored Power and conditions are unchanged.
1190_00,Bergamo,Follow-up Attack — BSSM,1000,,,,1755,Follow-up Attack,,BSSM,actBSSM,Default,value,Combatives_Common_actBSSM,,0,Name: Mapped action category. Stored Power and conditions are unchanged.
1190_00,Bergamo,Smash Attack — forward,540,,,,845,Smash Attack,,SMMN,actSMMN,Default,value,Combatives_Common_actSMMN,,0,Name: Mapped action mechanic. Stored Power and conditions are unchanged.
1321_00,Ribrianne,Follow-up Attack — BSSM,1000,,,,1755,Follow-up Attack,,BSSM,actBSSM,Default,value,Combatives_Common_actBSSM,,0,Name: Mapped action category. Stored Power and conditions are unchanged.
1321_00,Ribrianne,Smash Attack — forward,540,,,,845,Smash Attack,,SMMN,actSMMN,Default,value,Combatives_Common_actSMMN,,0,Name: Mapped action mechanic. Stored Power and conditions are unchanged.
1331_00,Kakunsa,Follow-up Attack — BSSM,1000,,,,1755,Follow-up Attack,,BSSM,actBSSM,Default,value,Combatives_Common_actBSSM,,0,Name: Mapped action category. Stored Power and conditions are unchanged.
1331_00,Kakunsa,Smash Attack — forward,540,,,,845,Smash Attack,,SMMN,actSMMN,Default,value,Combatives_Common_actSMMN,,0,Name: Mapped action mechanic. Stored Power and conditions are unchanged.
1341_00,Roasie,Follow-up Attack — BSSM,1000,,,,1755,Follow-up Attack,,BSSM,actBSSM,Default,value,Combatives_Common_actBSSM,,0,Name: Mapped action category. Stored Power and conditions are unchanged.
1341_00,Roasie,Smash Attack — forward,540,,,,845,Smash Attack,,SMMN,actSMMN,Default,value,Combatives_Common_actSMMN,,0,Name: Mapped action mechanic. Stored Power and conditions are unchanged.
1500_00,Anilaza,Follow-up Attack — BSSM,1000,,,,1755,Follow-up Attack,,BSSM,actBSSM,Default,value,Combatives_Common_actBSSM,,0,Name: Mapped action category. Stored Power and conditions are unchanged.
1500_00,Anilaza,Smash Attack — forward,540,,,,845,Smash Attack,,SMMN,actSMMN,Default,value,Combatives_Common_actSMMN,,0,Name: Mapped action mechanic. Stored Power and conditions are unchanged.
1960_00,Cheelai,Follow-up Attack — BSSM,1000,,,,1755,Follow-up Attack,,BSSM,actBSSM,Default,value,Combatives_Common_actBSSM,,0,Name: Mapped action category. Stored Power and conditions are unchanged.
1960_00,Cheelai,Smash Attack — forward,540,,,,845,Smash Attack,,SMMN,actSMMN,Default,value,Combatives_Common_actSMMN,,0,Name: Mapped action mechanic. Stored Power and conditions are unchanged.
3000_00,Gohan (Super Hero),Follow-up Attack — BSSM,1000,,,,1755,Follow-up Attack,,BSSM,actBSSM,Default,value,Combatives_Common_actBSSM,,0,Name: Mapped action category. Stored Power and conditions are unchanged.
3000_00,Gohan (Super Hero),Smash Attack — forward,540,,,,845,Smash Attack,,SMMN,actSMMN,Default,value,Combatives_Common_actSMMN,,0,Name: Mapped action mechanic. Stored Power and conditions are unchanged.
3000_01,"Gohan (Super Hero), Super Saiyan",Follow-up Attack — BSSM,1000,,,,1755,Follow-up Attack,,BSSM,actBSSM,Default,value,Combatives_Common_actBSSM,,0,Name: Mapped action category. Stored Power and conditions are unchanged.
3000_01,"Gohan (Super Hero), Super Saiyan",Smash Attack — forward,540,,,,845,Smash Attack,,SMMN,actSMMN,Default,value,Combatives_Common_actSMMN,,0,Name: Mapped action mechanic. Stored Power and conditions are unchanged.
3000_02,"Gohan (Super Hero), Ultimate Gohan",Follow-up Attack — BSSM,1000,,,,1755,Follow-up Attack,,BSSM,actBSSM,Default,value,Combatives_Common_actBSSM,,0,Name: Mapped action category. Stored Power and conditions are unchanged.
3000_02,"Gohan (Super Hero), Ultimate Gohan",Smash Attack — forward,540,,,,845,Smash Attack,,SMMN,actSMMN,Default,value,Combatives_Common_actSMMN,,0,Name: Mapped action mechanic. Stored Power and conditions are unchanged.
3000_03,Gohan Beast,Follow-up Attack — BSSM,1000,,,,1755,Follow-up Attack,,BSSM,actBSSM,Default,value,Combatives_Common_actBSSM,,0,Name: Mapped action category. Stored Power and conditions are unchanged.
3000_03,Gohan Beast,Smash Attack — forward,540,,,,845,Smash Attack,,SMMN,actSMMN,Default,value,Combatives_Common_actSMMN,,0,Name: Mapped action mechanic. Stored Power and conditions are unchanged.
3010_00,Piccolo (Super Hero),Follow-up Attack — BSSM,1000,,,,1755,Follow-up Attack,,BSSM,actBSSM,Default,value,Combatives_Common_actBSSM,,0,Name: Mapped action category. Stored Power and conditions are unchanged.
3010_00,Piccolo (Super Hero),Smash Attack — forward,540,,,,845,Smash Attack,,SMMN,actSMMN,Default,value,Combatives_Common_actSMMN,,0,Name: Mapped action mechanic. Stored Power and conditions are unchanged.
3010_01,"Piccolo (Super Hero), Power Awakening",Follow-up Attack — BSSM,1000,,,,1755,Follow-up Attack,,BSSM,actBSSM,Default,value,Combatives_Common_actBSSM,,0,Name: Mapped action category. Stored Power and conditions are unchanged.
3010_01,"Piccolo (Super Hero), Power Awakening",Smash Attack — forward,540,,,,845,Smash Attack,,SMMN,actSMMN,Default,value,Combatives_Common_actSMMN,,0,Name: Mapped action mechanic. Stored Power and conditions are unchanged.
3011_00,Orange Piccolo,Follow-up Attack — BSSM,1000,,,,1755,Follow-up Attack,,BSSM,actBSSM,Default,value,Combatives_Common_actBSSM,,0,Name: Mapped action category. Stored Power and conditions are unchanged.
3011_00,Orange Piccolo,Smash Attack — forward,540,,,,845,Smash Attack,,SMMN,actSMMN,Default,value,Combatives_Common_actSMMN,,0,Name: Mapped action mechanic. Stored Power and conditions are unchanged.
3012_00,"Orange Piccolo, Giant Form",Follow-up Attack — BSSM,1000,,,,1755,Follow-up Attack,,BSSM,actBSSM,Default,value,Combatives_Common_actBSSM,,0,Name: Mapped action category. Stored Power and conditions are unchanged.
3012_00,"Orange Piccolo, Giant Form",Smash Attack — forward,540,,,,845,Smash Attack,,SMMN,actSMMN,Default,value,Combatives_Common_actSMMN,,0,Name: Mapped action mechanic. Stored Power and conditions are unchanged.
3020_00,Gamma 1,Follow-up Attack — BSSM,1000,,,,1755,Follow-up Attack,,BSSM,actBSSM,Default,value,Combatives_Common_actBSSM,,0,Name: Mapped action category. Stored Power and conditions are unchanged.
3020_00,Gamma 1,Smash Attack — forward,540,,,,845,Smash Attack,,SMMN,actSMMN,Default,value,Combatives_Common_actSMMN,,0,Name: Mapped action mechanic. Stored Power and conditions are unchanged.
3030_00,Gamma 2,Follow-up Attack — BSSM,1000,,,,1755,Follow-up Attack,,BSSM,actBSSM,Default,value,Combatives_Common_actBSSM,,0,Name: Mapped action category. Stored Power and conditions are unchanged.
3030_00,Gamma 2,Smash Attack — forward,540,,,,845,Smash Attack,,SMMN,actSMMN,Default,value,Combatives_Common_actSMMN,,0,Name: Mapped action mechanic. Stored Power and conditions are unchanged.
3040_00,Cell Max,Follow-up Attack — BSSM,1000,,,,1755,Follow-up Attack,,BSSM,actBSSM,Default,value,Combatives_Common_actBSSM,,0,Name: Mapped action category. Stored Power and conditions are unchanged.
3040_00,Cell Max,Smash Attack — forward,540,,,,845,Smash Attack,,SMMN,actSMMN,Default,value,Combatives_Common_actSMMN,,0,Name: Mapped action mechanic. Stored Power and conditions are unchanged.
3050_00,Goku (Mini),Follow-up Attack — BSSM,1000,,,,1755,Follow-up Attack,,BSSM,actBSSM,Default,value,Combatives_Common_actBSSM,,0,Name: Mapped action category. Stored Power and conditions are unchanged.
3050_00,Goku (Mini),Smash Attack — forward,540,,,,845,Smash Attack,,SMMN,actSMMN,Default,value,Combatives_Common_actSMMN,,0,Name: Mapped action mechanic. Stored Power and conditions are unchanged.
3050_01,"Goku (Mini), Super Saiyan",Follow-up Attack — BSSM,1000,,,,1755,Follow-up Attack,,BSSM,actBSSM,Default,value,Combatives_Common_actBSSM,,0,Name: Mapped action category. Stored Power and conditions are unchanged.
3050_01,"Goku (Mini), Super Saiyan",Smash Attack — forward,540,,,,845,Smash Attack,,SMMN,actSMMN,Default,value,Combatives_Common_actSMMN,,0,Name: Mapped action mechanic. Stored Power and conditions are unchanged.
3050_14,"Goku (Mini), Super Saiyan 4",Follow-up Attack — BSSM,1000,,,,1755,Follow-up Attack,,BSSM,actBSSM,Default,value,Combatives_Common_actBSSM,,0,Name: Mapped action category. Stored Power and conditions are unchanged.
3050_14,"Goku (Mini), Super Saiyan 4",Smash Attack — forward,540,,,,845,Smash Attack,,SMMN,actSMMN,Default,value,Combatives_Common_actSMMN,,0,Name: Mapped action mechanic. Stored Power and conditions are unchanged.
3060_00,Vegeta (Mini),Follow-up Attack — BSSM,1000,,,,1755,Follow-up Attack,,BSSM,actBSSM,Default,value,Combatives_Common_actBSSM,,0,Name: Mapped action category. Stored Power and conditions are unchanged.
3060_00,Vegeta (Mini),Smash Attack — forward,540,,,,845,Smash Attack,,SMMN,actSMMN,Default,value,Combatives_Common_actSMMN,,0,Name: Mapped action mechanic. Stored Power and conditions are unchanged.
3060_01,"Vegeta (Mini), Super Saiyan",Follow-up Attack — BSSM,1000,,,,1755,Follow-up Attack,,BSSM,actBSSM,Default,value,Combatives_Common_actBSSM,,0,Name: Mapped action category. Stored Power and conditions are unchanged.
3060_01,"Vegeta (Mini), Super Saiyan",Smash Attack — forward,540,,,,845,Smash Attack,,SMMN,actSMMN,Default,value,Combatives_Common_actSMMN,,0,Name: Mapped action mechanic. Stored Power and conditions are unchanged.
3060_02,"Vegeta (Mini), Super Saiyan 2",Follow-up Attack — BSSM,1000,,,,1755,Follow-up Attack,,BSSM,actBSSM,Default,value,Combatives_Common_actBSSM,,0,Name: Mapped action category. Stored Power and conditions are unchanged.
3060_02,"Vegeta (Mini), Super Saiyan 2",Smash Attack — forward,540,,,,845,Smash Attack,,SMMN,actSMMN,Default,value,Combatives_Common_actSMMN,,0,Name: Mapped action mechanic. Stored Power and conditions are unchanged.
3060_03,"Vegeta (Mini), Super Saiyan 3",Follow-up Attack — BSSM,1000,,,,1755,Follow-up Attack,,BSSM,actBSSM,Default,value,Combatives_Common_actBSSM,,0,Name: Mapped action category. Stored Power and conditions are unchanged.
3060_03,"Vegeta (Mini), Super Saiyan 3",Smash Attack — forward,540,,,,845,Smash Attack,,SMMN,actSMMN,Default,value,Combatives_Common_actSMMN,,0,Name: Mapped action mechanic. Stored Power and conditions are unchanged.
3070_00,Glorio,Follow-up Attack — BSSM,1000,,,,1755,Follow-up Attack,,BSSM,actBSSM,Default,value,Combatives_Common_actBSSM,,0,Name: Mapped action category. Stored Power and conditions are unchanged.
3070_00,Glorio,Smash Attack — forward,540,,,,845,Smash Attack,,SMMN,actSMMN,Default,value,Combatives_Common_actSMMN,,0,Name: Mapped action mechanic. Stored Power and conditions are unchanged.
3080_00,Third Eye Gomah,Follow-up Attack — BSSM,1000,,,,1755,Follow-up Attack,,BSSM,actBSSM,Default,value,Combatives_Common_actBSSM,,0,Name: Mapped action category. Stored Power and conditions are unchanged.
3080_00,Third Eye Gomah,Smash Attack — forward,540,,,,845,Smash Attack,,SMMN,actSMMN,Default,value,Combatives_Common_actSMMN,,0,Name: Mapped action mechanic. Stored Power and conditions are unchanged.
3100_03,"Vegeta (DAIMA), Super Saiyan 3",Follow-up Attack — BSSM,1000,,,,1755,Follow-up Attack,,BSSM,actBSSM,Default,value,Combatives_Common_actBSSM,,0,Name: Mapped action category. Stored Power and conditions are unchanged.
3100_03,"Vegeta (DAIMA), Super Saiyan 3",Smash Attack — forward,540,,,,845,Smash Attack,,SMMN,actSMMN,Default,value,Combatives_Common_actSMMN,,0,Name: Mapped action mechanic. Stored Power and conditions are unchanged.
3110_00,Majin Kuu,Follow-up Attack — BSSM,1000,,,,1755,Follow-up Attack,,BSSM,actBSSM,Default,value,Combatives_Common_actBSSM,,0,Name: Mapped action category. Stored Power and conditions are unchanged.
3110_00,Majin Kuu,Smash Attack — forward,540,,,,845,Smash Attack,,SMMN,actSMMN,Default,value,Combatives_Common_actSMMN,,0,Name: Mapped action mechanic. Stored Power and conditions are unchanged.
3120_04,"Goku (DAIMA), Super Saiyan 4",Follow-up Attack — BSSM,1000,,,,1755,Follow-up Attack,,BSSM,actBSSM,Default,value,Combatives_Common_actBSSM,,0,Name: Mapped action category. Stored Power and conditions are unchanged.
3120_04,"Goku (DAIMA), Super Saiyan 4",Smash Attack — forward,540,,,,845,Smash Attack,,SMMN,actSMMN,Default,value,Combatives_Common_actSMMN,,0,Name: Mapped action mechanic. Stored Power and conditions are unchanged.
3130_00,Panzy,Follow-up Attack — BSSM,1000,,,,1755,Follow-up Attack,,BSSM,actBSSM,Default,value,Combatives_Common_actBSSM,,0,Name: Mapped action category. Stored Power and conditions are unchanged.
3130_00,Panzy,Smash Attack — forward,540,,,,845,Smash Attack,,SMMN,actSMMN,Default,value,Combatives_Common_actSMMN,,0,Name: Mapped action mechanic. Stored Power and conditions are unchanged.
3140_00,Majin Duu,Follow-up Attack — BSSM,1000,,,,1755,Follow-up Attack,,BSSM,actBSSM,Default,value,Combatives_Common_actBSSM,,0,Name: Mapped action category. Stored Power and conditions are unchanged.
3140_00,Majin Duu,Smash Attack — forward,540,,,,845,Smash Attack,,SMMN,actSMMN,Default,value,Combatives_Common_actSMMN,,0,Name: Mapped action mechanic. Stored Power and conditions are unchanged.
3150_00,"Third Eye Gomah, Giant Gomah",Follow-up Attack — BSSM,1000,,,,1755,Follow-up Attack,,BSSM,actBSSM,Default,value,Combatives_Common_actBSSM,,0,Name: Mapped action category. Stored Power and conditions are unchanged.
3150_00,"Third Eye Gomah, Giant Gomah",Smash Attack — forward,540,,,,845,Smash Attack,,SMMN,actSMMN,Default,value,Combatives_Common_actSMMN,,0,Name: Mapped action mechanic. Stored Power and conditions are unchanged.
3160_00,Shallot,Follow-up Attack — BSSM,1000,,,,1755,Follow-up Attack,,BSSM,actBSSM,Default,value,Combatives_Common_actBSSM,,0,Name: Mapped action category. Stored Power and conditions are unchanged.
3160_00,Shallot,Smash Attack — forward,540,,,,845,Smash Attack,,SMMN,actSMMN,Default,value,Combatives_Common_actSMMN,,0,Name: Mapped action mechanic. Stored Power and conditions are unchanged.
3170_00,Supreme Kai,Follow-up Attack — BSSM,1000,,,,1755,Follow-up Attack,,BSSM,actBSSM,Default,value,Combatives_Common_actBSSM,,0,Name: Mapped action category. Stored Power and conditions are unchanged.
3170_00,Supreme Kai,Smash Attack — forward,540,,,,845,Smash Attack,,SMMN,actSMMN,Default,value,Combatives_Common_actSMMN,,0,Name: Mapped action mechanic. Stored Power and conditions are unchanged.
3190_00,Fasha,Follow-up Attack — BSSM,1000,,,,1755,Follow-up Attack,,BSSM,actBSSM,Default,value,Combatives_Common_actBSSM,,0,Name: Mapped action category. Stored Power and conditions are unchanged.
3190_00,Fasha,Smash Attack — forward,540,,,,845,Smash Attack,,SMMN,actSMMN,Default,value,Combatives_Common_actSMMN,,0,Name: Mapped action mechanic. Stored Power and conditions are unchanged.
3270_00,Vegeta (GT),Follow-up Attack — BSSM,1000,,,,1755,Follow-up Attack,,BSSM,actBSSM,Default,value,Combatives_Common_actBSSM,,0,Name: Mapped action category. Stored Power and conditions are unchanged.
3270_00,Vegeta (GT),Smash Attack — forward,540,,,,845,Smash Attack,,SMMN,actSMMN,Default,value,Combatives_Common_actSMMN,,0,Name: Mapped action mechanic. Stored Power and conditions are unchanged.
3270_01,"Vegeta (GT), Super Saiyan",Follow-up Attack — BSSM,1000,,,,1755,Follow-up Attack,,BSSM,actBSSM,Default,value,Combatives_Common_actBSSM,,0,Name: Mapped action category. Stored Power and conditions are unchanged.
3270_01,"Vegeta (GT), Super Saiyan",Smash Attack — forward,540,,,,845,Smash Attack,,SMMN,actSMMN,Default,value,Combatives_Common_actSMMN,,0,Name: Mapped action mechanic. Stored Power and conditions are unchanged.
3280_00,Trunks (GT),Follow-up Attack — BSSM,1000,,,,1755,Follow-up Attack,,BSSM,actBSSM,Default,value,Combatives_Common_actBSSM,,0,Name: Mapped action category. Stored Power and conditions are unchanged.
3280_00,Trunks (GT),Smash Attack — forward,540,,,,845,Smash Attack,,SMMN,actSMMN,Default,value,Combatives_Common_actSMMN,,0,Name: Mapped action mechanic. Stored Power and conditions are unchanged.
3280_01,"Trunks (GT), Super Saiyan",Follow-up Attack — BSSM,1000,,,,1755,Follow-up Attack,,BSSM,actBSSM,Default,value,Combatives_Common_actBSSM,,0,Name: Mapped action category. Stored Power and conditions are unchanged.
3280_01,"Trunks (GT), Super Saiyan",Smash Attack — forward,540,,,,845,Smash Attack,,SMMN,actSMMN,Default,value,Combatives_Common_actSMMN,,0,Name: Mapped action mechanic. Stored Power and conditions are unchanged.
3290_00,Hell Fighter 17,Follow-up Attack — BSSM,1000,,,,1755,Follow-up Attack,,BSSM,actBSSM,Default,value,Combatives_Common_actBSSM,,0,Name: Mapped action category. Stored Power and conditions are unchanged.
3290_00,Hell Fighter 17,Smash Attack — forward,540,,,,845,Smash Attack,,SMMN,actSMMN,Default,value,Combatives_Common_actSMMN,,0,Name: Mapped action mechanic. Stored Power and conditions are unchanged.
3300_00,Goku (World Tournament),Follow-up Attack — BSSM,1000,,,,1755,Follow-up Attack,,BSSM,actBSSM,Default,value,Combatives_Common_actBSSM,,0,Name: Mapped action category. Stored Power and conditions are unchanged.
3300_00,Goku (World Tournament),Smash Attack — forward,540,,,,845,Smash Attack,,SMMN,actSMMN,Default,value,Combatives_Common_actSMMN,,0,Name: Mapped action mechanic. Stored Power and conditions are unchanged.
3310_00,Ma Junior,Follow-up Attack — BSSM,1000,,,,1755,Follow-up Attack,,BSSM,actBSSM,Default,value,Combatives_Common_actBSSM,,0,Name: Mapped action category. Stored Power and conditions are unchanged.
3310_00,Ma Junior,Smash Attack — forward,540,,,,845,Smash Attack,,SMMN,actSMMN,Default,value,Combatives_Common_actSMMN,,0,Name: Mapped action mechanic. Stored Power and conditions are unchanged.
3310_10,"Ma Junior, Giant Form",Follow-up Attack — BSSM,1000,,,,1755,Follow-up Attack,,BSSM,actBSSM,Default,value,Combatives_Common_actBSSM,,0,Name: Mapped action category. Stored Power and conditions are unchanged.
3310_10,"Ma Junior, Giant Form",Smash Attack — forward,540,,,,845,Smash Attack,,SMMN,actSMMN,Default,value,Combatives_Common_actSMMN,,0,Name: Mapped action mechanic. Stored Power and conditions are unchanged.
3320_00,Tien (World Tournament),Follow-up Attack — BSSM,1000,,,,1755,Follow-up Attack,,BSSM,actBSSM,Default,value,Combatives_Common_actBSSM,,0,Name: Mapped action category. Stored Power and conditions are unchanged.
3320_00,Tien (World Tournament),Smash Attack — forward,540,,,,845,Smash Attack,,SMMN,actSMMN,Default,value,Combatives_Common_actSMMN,,0,Name: Mapped action mechanic. Stored Power and conditions are unchanged.
3330_00,Uub (Kid),Follow-up Attack — BSSM,1000,,,,1755,Follow-up Attack,,BSSM,actBSSM,Default,value,Combatives_Common_actBSSM,,0,Name: Mapped action category. Stored Power and conditions are unchanged.
3330_00,Uub (Kid),Smash Attack — forward,540,,,,845,Smash Attack,,SMMN,actSMMN,Default,value,Combatives_Common_actSMMN,,0,Name: Mapped action mechanic. Stored Power and conditions are unchanged.
3350_00,Tora,Follow-up Attack — BSSM,1000,,,,1755,Follow-up Attack,,BSSM,actBSSM,Default,value,Combatives_Common_actBSSM,,0,Name: Mapped action category. Stored Power and conditions are unchanged.
3350_00,Tora,Smash Attack — forward,540,,,,845,Smash Attack,,SMMN,actSMMN,Default,value,Combatives_Common_actSMMN,,0,Name: Mapped action mechanic. Stored Power and conditions are unchanged.
3360_00,Chilled,Follow-up Attack — BSSM,1000,,,,1755,Follow-up Attack,,BSSM,actBSSM,Default,value,Combatives_Common_actBSSM,,0,Name: Mapped action category. Stored Power and conditions are unchanged.
3360_00,Chilled,Smash Attack — forward,540,,,,845,Smash Attack,,SMMN,actSMMN,Default,value,Combatives_Common_actSMMN,,0,Name: Mapped action mechanic. Stored Power and conditions are unchanged.
