Character ID,Character,Slot,Move,Action,Table index,Multiplier,Notes
0140_00,Master Roshi,Ultimate,Evil Containment Wave,actULTHD1P,0,1,Stored lookup factor. The selector rule is not assigned by this export.
0140_00,Master Roshi,Ultimate,Evil Containment Wave,actULTHD1P,1,1,Stored lookup factor. The selector rule is not assigned by this export.
0140_00,Master Roshi,Ultimate,Evil Containment Wave,actULTHD1P,2,1.05,Stored lookup factor. The selector rule is not assigned by this export.
0140_00,Master Roshi,Ultimate,Evil Containment Wave,actULTHD1P,3,1.1,Stored lookup factor. The selector rule is not assigned by this export.
0140_00,Master Roshi,Ultimate,Evil Containment Wave,actULTHD1P,4,1.15,Stored lookup factor. The selector rule is not assigned by this export.
0140_00,Master Roshi,Ultimate,Evil Containment Wave,actULTHD1P,5,1.2,Stored lookup factor. The selector rule is not assigned by this export.
0140_00,Master Roshi,Ultimate,Evil Containment Wave,actULTHD1P,6,1.25,Stored lookup factor. The selector rule is not assigned by this export.
0140_00,Master Roshi,Ultimate,Evil Containment Wave,actULTHD1P,7,1.3,Stored lookup factor. The selector rule is not assigned by this export.
0140_00,Master Roshi,Ultimate,Evil Containment Wave,actULTHD1P,8,1.35,Stored lookup factor. The selector rule is not assigned by this export.
0140_00,Master Roshi,Ultimate,Evil Containment Wave,actULTHD1P,9,1.4,Stored lookup factor. The selector rule is not assigned by this export.
0140_00,Master Roshi,Ultimate,Evil Containment Wave,actULTHD1P,10,1.45,Stored lookup factor. The selector rule is not assigned by this export.
0140_00,Master Roshi,Ultimate,Evil Containment Wave,actULTHD1P2fn,0,1,Stored lookup factor. The selector rule is not assigned by this export.
0140_00,Master Roshi,Ultimate,Evil Containment Wave,actULTHD1P2fn,1,1,Stored lookup factor. The selector rule is not assigned by this export.
0140_00,Master Roshi,Ultimate,Evil Containment Wave,actULTHD1P2fn,2,1.05,Stored lookup factor. The selector rule is not assigned by this export.
0140_00,Master Roshi,Ultimate,Evil Containment Wave,actULTHD1P2fn,3,1.1,Stored lookup factor. The selector rule is not assigned by this export.
0140_00,Master Roshi,Ultimate,Evil Containment Wave,actULTHD1P2fn,4,1.15,Stored lookup factor. The selector rule is not assigned by this export.
0140_00,Master Roshi,Ultimate,Evil Containment Wave,actULTHD1P2fn,5,1.2,Stored lookup factor. The selector rule is not assigned by this export.
0140_00,Master Roshi,Ultimate,Evil Containment Wave,actULTHD1P2fn,6,1.25,Stored lookup factor. The selector rule is not assigned by this export.
0140_00,Master Roshi,Ultimate,Evil Containment Wave,actULTHD1P2fn,7,1.3,Stored lookup factor. The selector rule is not assigned by this export.
0140_00,Master Roshi,Ultimate,Evil Containment Wave,actULTHD1P2fn,8,1.35,Stored lookup factor. The selector rule is not assigned by this export.
0140_00,Master Roshi,Ultimate,Evil Containment Wave,actULTHD1P2fn,9,1.4,Stored lookup factor. The selector rule is not assigned by this export.
0140_00,Master Roshi,Ultimate,Evil Containment Wave,actULTHD1P2fn,10,1.45,Stored lookup factor. The selector rule is not assigned by this export.
