Character ID,Character,Slot,Move,Variant,Default move,Ki cost,Skill stock cost,Power links,Action phases,Notes
0000_00,Goku (Z - Early),Skill 1,Solar Flare,,TRUE,,,1,3,Default move.
0000_00,Goku (Z - Early),Skill 2,Kaioken,,TRUE,,,0,3,Default move.
0000_00,Goku (Z - Early),Super 1,Kamehameha,,TRUE,30000,,4,38,Default move.
0000_00,Goku (Z - Early),Super 2,Kaioken Attack,,TRUE,30000,,5,40,Default move.
0000_00,Goku (Z - Early),Ultimate,Spirit Bomb,,TRUE,50000,,5,55,Default move.
0000_00,Goku (Z - Early),Ultimate,Legendary Strike,ULT2,FALSE,50000,,4,16,Mapped variant; check Costume Moves for outfit assignments.
0000_10,Goku (Z - Mid),Skill 1,Give Me Your Energy!,,TRUE,,,1,3,Default move.
0000_10,Goku (Z - Mid),Skill 2,I Can't Wait!,,TRUE,,,0,3,Default move.
0000_10,Goku (Z - Mid),Super 1,x20 Kaioken Kamehameha,,TRUE,30000,,4,38,Default move.
0000_10,Goku (Z - Mid),Super 2,Kaioken Rush,,TRUE,30000,,5,40,Default move.
0000_10,Goku (Z - Mid),Ultimate,Spirit Bomb,,TRUE,50000,,6,55,Default move.
0000_11,"Goku (Z - Mid), Super Saiyan",Skill 1,Wild Sense,,TRUE,,,0,3,Default move.
0000_11,"Goku (Z - Mid), Super Saiyan",Skill 2,Now I'm Angry!,,TRUE,,4,0,3,Default move.
0000_11,"Goku (Z - Mid), Super Saiyan",Super 1,Super Kamehameha,,TRUE,30000,,4,38,Default move.
0000_11,"Goku (Z - Mid), Super Saiyan",Super 2,Meteor Smash,,TRUE,30000,,5,40,Default move.
0000_11,"Goku (Z - Mid), Super Saiyan",Ultimate,Angry Kamehameha,,TRUE,50000,,5,55,Default move.
0000_11,"Goku (Z - Mid), Super Saiyan",Ultimate,All-Out Kamehameha,ULT2,FALSE,50000,,4,16,Mapped variant; check Costume Moves for outfit assignments.
0000_20,Goku (Z - End),Skill 1,Instant Transmission,,TRUE,,,0,3,Default move.
0000_20,Goku (Z - End),Skill 2,Wild Sense,,TRUE,,,0,3,Default move.
0000_20,Goku (Z - End),Super 1,Kamehameha,,TRUE,30000,,4,38,Default move.
0000_20,Goku (Z - End),Super 2,Meteor Smash,,TRUE,30000,,5,40,Default move.
0000_20,Goku (Z - End),Ultimate,Super Spirit Bomb,,TRUE,50000,,5,55,Default move.
0000_20,Goku (Z - End),Ultimate,Vanishing Meteor,ULT2,FALSE,50000,,4,16,Mapped variant; check Costume Moves for outfit assignments.
0000_21,"Goku (Z - End), Super Saiyan",Skill 1,Wild Sense,,TRUE,,,1,3,Default move.
0000_21,"Goku (Z - End), Super Saiyan",Skill 2,Saiyan Spirit,,TRUE,,,0,3,Default move.
0000_21,"Goku (Z - End), Super Saiyan",Super 1,Super Kamehameha,,TRUE,30000,,4,38,Default move.
0000_21,"Goku (Z - End), Super Saiyan",Super 2,Super Energy Wave Combo,,TRUE,30000,,6,40,Default move.
0000_21,"Goku (Z - End), Super Saiyan",Ultimate,Instant Transmission Kamehameha,,TRUE,50000,,6,55,Default move.
0000_21,"Goku (Z - End), Super Saiyan",Ultimate,Legendary Smash,ULT2,FALSE,50000,,4,16,Mapped variant; check Costume Moves for outfit assignments.
0000_22,"Goku (Z - End), Super Saiyan 2",Skill 1,Instant Transmission,,TRUE,,,0,3,Default move.
0000_22,"Goku (Z - End), Super Saiyan 2",Skill 2,Full Power,,TRUE,,4,1,3,Default move.
0000_22,"Goku (Z - End), Super Saiyan 2",Super 1,Instant Transmission Kamehameha,,TRUE,30000,,4,38,Default move.
0000_22,"Goku (Z - End), Super Saiyan 2",Super 2,Meteor Crash,,TRUE,30000,,5,40,Default move.
0000_22,"Goku (Z - End), Super Saiyan 2",Ultimate,Super Kamehameha,,TRUE,50000,,5,55,Default move.
0000_23,"Goku (Z - End), Super Saiyan 3",Skill 1,Instant Transmission,,TRUE,,,1,3,Default move.
0000_23,"Goku (Z - End), Super Saiyan 3",Skill 2,Power Up to the Very Limit,,TRUE,,4,0,3,Default move.
0000_23,"Goku (Z - End), Super Saiyan 3",Super 1,Super Kamehameha,,TRUE,30000,,4,38,Default move.
0000_23,"Goku (Z - End), Super Saiyan 3",Super 2,Super Dragon Twin Fists,,TRUE,30000,,5,40,Default move.
0000_23,"Goku (Z - End), Super Saiyan 3",Ultimate,Dragon Fist,,TRUE,50000,,6,55,Default move.
0000_33,"Goku (GT), Super Saiyan 4",Skill 1,Instant Transmission,,TRUE,,,1,3,Default move.
0000_33,"Goku (GT), Super Saiyan 4",Skill 2,All I Need Is Five Seconds!,,TRUE,,,0,3,Default move.
0000_33,"Goku (GT), Super Saiyan 4",Super 1,x10 Kamehameha,,TRUE,30000,,4,38,Default move.
0000_33,"Goku (GT), Super Saiyan 4",Super 2,Meteor Crash,,TRUE,30000,,5,40,Default move.
0000_33,"Goku (GT), Super Saiyan 4",Ultimate,Dragon Fist,,TRUE,50000,,5,55,Default move.
0000_40,Goku (Super),Skill 1,Instant Transmission,,TRUE,,,0,3,Default move.
0000_40,Goku (Super),Skill 2,All Fired Up,,TRUE,,4,0,3,Default move.
0000_40,Goku (Super),Super 1,Super Kamehameha,,TRUE,30000,,5,38,Default move.
0000_40,Goku (Super),Super 2,Dragon Burst,,TRUE,30000,,5,40,Default move.
0000_40,Goku (Super),Ultimate,Super Spirit Bomb,,TRUE,50000,,5,55,Default move.
0000_40,Goku (Super),Super 2,Power Pole Dance,SPM4,FALSE,30000,,5,18,Mapped variant; check Costume Moves for outfit assignments.
0000_40,Goku (Super),Ultimate,Co-op Rising,ULT2,FALSE,50000,,4,16,Mapped variant; check Costume Moves for outfit assignments.
0000_41,"Goku (Super), Super Saiyan",Skill 1,Wild Sense,,TRUE,,,1,3,Default move.
0000_41,"Goku (Super), Super Saiyan",Skill 2,All-Encompassing Power,,TRUE,,3,0,3,Default move.
0000_41,"Goku (Super), Super Saiyan",Super 1,Super Kamehameha,,TRUE,30000,,4,38,Default move.
0000_41,"Goku (Super), Super Saiyan",Super 2,Dragon Blast,,TRUE,30000,,5,40,Default move.
0000_41,"Goku (Super), Super Saiyan",Ultimate,Sonic Blast,,TRUE,50000,,5,55,Default move.
0000_43,"Goku (Super), Super Saiyan God Super Saiyan",Skill 1,Instant Transmission,,TRUE,,,0,3,Default move.
0000_43,"Goku (Super), Super Saiyan God Super Saiyan",Skill 2,Kaioken,,TRUE,,,0,3,Default move.
0000_43,"Goku (Super), Super Saiyan God Super Saiyan",Super 1,God Kamehameha,,TRUE,30000,,6,38,Default move.
0000_43,"Goku (Super), Super Saiyan God Super Saiyan",Super 2,"""No Hard Feelings"" Hit",,TRUE,30000,,6,40,Default move.
0000_43,"Goku (Super), Super Saiyan God Super Saiyan",Ultimate,Limit Breaker God Kamehameha,,TRUE,50000,,7,55,Default move.
0000_43,"Goku (Super), Super Saiyan God Super Saiyan",Ultimate,Joint Strike,ULT2,FALSE,50000,,4,16,Mapped variant; check Costume Moves for outfit assignments.
0000_50,"Goku (Super), Ultra Instinct -Sign-",Skill 1,Even Greater Potential,,TRUE,,3,1,3,Default move.
0000_50,"Goku (Super), Ultra Instinct -Sign-",Skill 2,You'll Never Beat Me,,TRUE,,4,1,3,Default move.
0000_50,"Goku (Super), Ultra Instinct -Sign-",Super 1,Kamehameha -Sign-,,TRUE,30000,,4,38,Default move.
0000_50,"Goku (Super), Ultra Instinct -Sign-",Super 2,Flash -Sign-,,TRUE,30000,,5,40,Default move.
0000_50,"Goku (Super), Ultra Instinct -Sign-",Ultimate,Point-Blank Kamehameha,,TRUE,50000,,5,55,Default move.
0000_51,"Goku (Super), Ultra Instinct",Skill 1,Ultra Movement,,TRUE,,,1,3,Default move.
0000_51,"Goku (Super), Ultra Instinct",Skill 2,No Backing Down,,TRUE,,4,1,3,Default move.
0000_51,"Goku (Super), Ultra Instinct",Super 1,Ultra Kamehameha,,TRUE,30000,,4,38,Default move.
0000_51,"Goku (Super), Ultra Instinct",Super 2,Ultra Barrage,,TRUE,40000,,5,40,Default move.
0000_51,"Goku (Super), Ultra Instinct",Ultimate,Supreme Kamehameha,,TRUE,50000,,5,55,Default move.
0001_42,"Goku (Super), Super Saiyan God",Skill 1,God Bind,,TRUE,,,2,3,Default move.
0001_42,"Goku (Super), Super Saiyan God",Skill 2,Shenron Aura,,TRUE,,,0,3,Default move.
0001_42,"Goku (Super), Super Saiyan God",Super 1,God Kamehameha,,TRUE,30000,,4,38,Default move.
0001_42,"Goku (Super), Super Saiyan God",Super 2,God Impact,,TRUE,30000,,5,40,Default move.
0001_42,"Goku (Super), Super Saiyan God",Ultimate,God Burst Kamehameha,,TRUE,50000,,6,55,Default move.
0002_30,Goku (GT),Skill 1,Solar Flare,,TRUE,,,2,3,Default move.
0002_30,Goku (GT),Skill 2,Afterimage Strike,,TRUE,,3,1,3,Default move.
0002_30,Goku (GT),Super 1,Kamehameha,,TRUE,30000,,4,38,Default move.
0002_30,Goku (GT),Super 2,Dragon Fist,,TRUE,30000,,5,40,Default move.
0002_30,Goku (GT),Ultimate,Spirit Bomb,,TRUE,50000,,6,55,Default move.
0002_31,"Goku (GT), Super Saiyan",Skill 1,Wild Sense,,TRUE,,,1,3,Default move.
0002_31,"Goku (GT), Super Saiyan",Skill 2,Full Power,,TRUE,,4,1,3,Default move.
0002_31,"Goku (GT), Super Saiyan",Super 1,Super Kamehameha,,TRUE,30000,,4,38,Default move.
0002_31,"Goku (GT), Super Saiyan",Super 2,Full-Power Energy Blast Volley,,TRUE,30000,,6,40,Default move.
0002_31,"Goku (GT), Super Saiyan",Ultimate,Super Explosive Wave,,TRUE,50000,,6,55,Default move.
0002_32,"Goku (GT), Super Saiyan 3",Skill 1,Saiyan Spirit,,TRUE,,,2,3,Default move.
0002_32,"Goku (GT), Super Saiyan 3",Skill 2,High-Tension,,TRUE,,,1,3,Default move.
0002_32,"Goku (GT), Super Saiyan 3",Super 1,Super Kamehameha,,TRUE,30000,,4,38,Default move.
0002_32,"Goku (GT), Super Saiyan 3",Super 2,Full-Power Energy Blast Volley,,TRUE,30000,,6,40,Default move.
0002_32,"Goku (GT), Super Saiyan 3",Ultimate,Dragon Fist,,TRUE,50000,,5,55,Default move.
0002_50,Goku (Teen),Skill 1,Afterimage Strike,,TRUE,,3,1,3,Default move.
0002_50,Goku (Teen),Skill 2,False Courage,,TRUE,,,0,3,Default move.
0002_50,Goku (Teen),Super 1,Kamehameha,,TRUE,30000,,4,38,Default move.
0002_50,Goku (Teen),Super 2,Commencing Counterattack!,,TRUE,30000,,5,40,Default move.
0002_50,Goku (Teen),Ultimate,Keep Going!,,TRUE,50000,,5,55,Default move.
0020_00,Vegeta (Z - Scouter),Skill 1,Explosive Wave,,TRUE,,,2,3,Default move.
0020_00,Vegeta (Z - Scouter),Skill 2,Saiyan Spirit,,TRUE,,,0,3,Default move.
0020_00,Vegeta (Z - Scouter),Super 1,Galick Gun,,TRUE,30000,,4,38,Default move.
0020_00,Vegeta (Z - Scouter),Super 2,Final Galick Cannon,,TRUE,30000,,5,40,Default move.
0020_00,Vegeta (Z - Scouter),Ultimate,Dirty Fireworks,,TRUE,50000,,5,55,Default move.
0020_10,Vegeta (Z - Early),Skill 1,Explosive Wave,,TRUE,,,2,3,Default move.
0020_10,Vegeta (Z - Early),Skill 2,Full Power,,TRUE,,4,1,3,Default move.
0020_10,Vegeta (Z - Early),Super 1,Galick Gun,,TRUE,30000,,4,38,Default move.
0020_10,Vegeta (Z - Early),Super 2,Super Energy Wave Combo,,TRUE,30000,,6,40,Default move.
0020_10,Vegeta (Z - Early),Ultimate,Super Explosive Wave,,TRUE,50000,,6,55,Default move.
0020_11,"Vegeta (Z - Early), Super Saiyan",Skill 1,Explosive Wave,,TRUE,,,2,3,Default move.
0020_11,"Vegeta (Z - Early), Super Saiyan",Skill 2,Awakened by Anger,,TRUE,,,0,3,Default move.
0020_11,"Vegeta (Z - Early), Super Saiyan",Super 1,Maximum Flasher,,TRUE,30000,,4,38,Default move.
0020_11,"Vegeta (Z - Early), Super Saiyan",Super 2,Cosmic Impact,,TRUE,30000,,5,40,Default move.
0020_11,"Vegeta (Z - Early), Super Saiyan",Ultimate,Big Bang Attack,,TRUE,50000,,6,55,Default move.
0020_30,Vegeta (Z - End),Skill 1,Afterimage,,TRUE,,,2,3,Default move.
0020_30,Vegeta (Z - End),Skill 2,Saiyan Spirit,,TRUE,,,0,3,Default move.
0020_30,Vegeta (Z - End),Super 1,Double Galick Cannon,,TRUE,30000,,5,38,Default move.
0020_30,Vegeta (Z - End),Super 2,Infinite Blaster,,TRUE,20000,,3,40,Default move.
0020_30,Vegeta (Z - End),Ultimate,Big Bang Attack,,TRUE,50000,,6,55,Default move.
0020_31,"Vegeta (Z - End), Super Saiyan",Skill 1,Explosive Wave,,TRUE,,,2,3,Default move.
0020_31,"Vegeta (Z - End), Super Saiyan",Skill 2,Saiyan Spirit,,TRUE,,,0,3,Default move.
0020_31,"Vegeta (Z - End), Super Saiyan",Super 1,Final Flash,,TRUE,30000,,4,38,Default move.
0020_31,"Vegeta (Z - End), Super Saiyan",Super 2,Infinite Blaster,,TRUE,20000,,6,40,Default move.
0020_31,"Vegeta (Z - End), Super Saiyan",Ultimate,Cosmic Circle,,TRUE,50000,,5,55,Default move.
0020_32,"Vegeta (Z - End), Super Saiyan 2",Skill 1,Explosive Wave,,TRUE,,,2,3,Default move.
0020_32,"Vegeta (Z - End), Super Saiyan 2",Skill 2,Wild Sense,,TRUE,,,1,3,Default move.
0020_32,"Vegeta (Z - End), Super Saiyan 2",Super 1,Big Bang Attack,,TRUE,30000,,4,38,Default move.
0020_32,"Vegeta (Z - End), Super Saiyan 2",Super 2,Infinite Blaster,,TRUE,20000,,6,40,Default move.
0020_32,"Vegeta (Z - End), Super Saiyan 2",Ultimate,Infinity Flasher,,TRUE,50000,,5,55,Default move.
0020_40,Majin Vegeta,Skill 1,Prince's Pride,,TRUE,,,1,3,Default move.
0020_40,Majin Vegeta,Skill 2,Majin's Awakening,,TRUE,,4,1,3,Default move.
0020_40,Majin Vegeta,Super 1,Final Impact,,TRUE,30000,,4,38,Default move.
0020_40,Majin Vegeta,Super 2,Big Bang Attack,,TRUE,30000,,6,40,Default move.
0020_40,Majin Vegeta,Ultimate,Final Explosion,,TRUE,50000,,6,55,Default move.
0020_50,"Vegeta (GT), Super Saiyan 4",Skill 1,Explosive Wave,,TRUE,,,2,3,Default move.
0020_50,"Vegeta (GT), Super Saiyan 4",Skill 2,Finish Sign,,TRUE,,,0,3,Default move.
0020_50,"Vegeta (GT), Super Saiyan 4",Super 1,Final Flash,,TRUE,30000,,4,38,Default move.
0020_50,"Vegeta (GT), Super Saiyan 4",Super 2,Spirit Breaking Cannon,,TRUE,30000,,5,40,Default move.
0020_50,"Vegeta (GT), Super Saiyan 4",Ultimate,Final Shine Attack,,TRUE,50000,,6,55,Default move.
0020_60,Vegeta (Super),Skill 1,Explosive Wave,,TRUE,,,2,3,Default move.
0020_60,Vegeta (Super),Skill 2,All Warmed Up,,TRUE,,4,0,3,Default move.
0020_60,Vegeta (Super),Super 1,Galick Gun,,TRUE,30000,,4,38,Default move.
0020_60,Vegeta (Super),Super 2,Absolute Rush,,TRUE,30000,,5,40,Default move.
0020_60,Vegeta (Super),Ultimate,Final Flash,,TRUE,50000,,6,55,Default move.
0020_61,"Vegeta (Super), Super Saiyan",Skill 1,Saiyan Spirit,,TRUE,,,0,3,Default move.
0020_61,"Vegeta (Super), Super Saiyan",Skill 2,I'll Get You For This...,,TRUE,,4,0,3,Default move.
0020_61,"Vegeta (Super), Super Saiyan",Super 1,Galick Rush,,TRUE,30000,,6,38,Default move.
0020_61,"Vegeta (Super), Super Saiyan",Super 2,Galick Uppercut,,TRUE,30000,,5,40,Default move.
0020_61,"Vegeta (Super), Super Saiyan",Ultimate,Final Galick Blast,,TRUE,50000,,5,55,Default move.
0020_63,"Vegeta (Super), Super Saiyan God Super Saiyan",Skill 1,I'm No Pushover!,,TRUE,,,1,3,Default move.
0020_63,"Vegeta (Super), Super Saiyan God Super Saiyan",Skill 2,Limits?! I Break Them!,,TRUE,,4,0,3,Default move.
0020_63,"Vegeta (Super), Super Saiyan God Super Saiyan",Super 1,God Final Flash,,TRUE,30000,,4,38,Default move.
0020_63,"Vegeta (Super), Super Saiyan God Super Saiyan",Super 2,Gamma Burst Flash,,TRUE,20000,,7,40,Default move.
0020_63,"Vegeta (Super), Super Saiyan God Super Saiyan",Ultimate,Final God Explosion,,TRUE,50000,,6,55,Default move.
0020_63,"Vegeta (Super), Super Saiyan God Super Saiyan",Ultimate,Joint Strike,ULT2,FALSE,50000,,4,16,Mapped variant; check Costume Moves for outfit assignments.
0021_20,Super Vegeta,Skill 1,Explosive Wave,,TRUE,,,2,3,Default move.
0021_20,Super Vegeta,Skill 2,I am Super Vegeta!,,TRUE,,4,2,3,Default move.
0021_20,Super Vegeta,Super 1,Big Bang Attack,,TRUE,30000,,4,38,Default move.
0021_20,Super Vegeta,Super 2,Spirit Breaking Cannon,,TRUE,30000,,5,40,Default move.
0021_20,Super Vegeta,Ultimate,Final Flash,,TRUE,50000,,6,55,Default move.
0022_62,"Vegeta (Super), Super Saiyan God",Skill 1,Explosive Wave,,TRUE,,,2,3,Default move.
0022_62,"Vegeta (Super), Super Saiyan God",Skill 2,Saiyan Spirit,,TRUE,,,0,3,Default move.
0022_62,"Vegeta (Super), Super Saiyan God",Super 1,God Shine Attack,,TRUE,30000,,5,38,Default move.
0022_62,"Vegeta (Super), Super Saiyan God",Super 2,Gamma Fist,,TRUE,30000,,5,40,Default move.
0022_62,"Vegeta (Super), Super Saiyan God",Ultimate,Prominence Flash,,TRUE,50000,,6,55,Default move.
0023_00,Great Ape Vegeta,Skill 1,Explosive Wave,,TRUE,,,2,3,Default move.
0023_00,Great Ape Vegeta,Skill 2,Howl,,TRUE,,4,0,3,Default move.
0023_00,Great Ape Vegeta,Super 1,Chou Makouhou,,TRUE,30000,,4,38,Default move.
0023_00,Great Ape Vegeta,Super 2,Chou Makouhou Barrage,,TRUE,30000,,6,40,Default move.
0023_00,Great Ape Vegeta,Ultimate,Super Galick Gun,,TRUE,50000,,6,55,Default move.
0030_00,Gohan (Kid),Skill 1,Super Unyielding Spirit,,TRUE,,4,1,3,Default move.
0030_00,Gohan (Kid),Skill 2,Afterimage Strike,,TRUE,,3,0,3,Default move.
0030_00,Gohan (Kid),Super 1,Masenko,,TRUE,30000,,4,38,Default move.
0030_00,Gohan (Kid),Super 2,Energy Blast Barrage,,TRUE,20000,,4,40,Default move.
0030_00,Gohan (Kid),Ultimate,Wild Rush Blaster,,TRUE,50000,,5,55,Default move.
0031_00,Gohan (Teen),Skill 1,Wild Sense,,TRUE,,,1,3,Default move.
0031_00,Gohan (Teen),Skill 2,Full-Power Charge,,TRUE,,,0,3,Default move.
0031_00,Gohan (Teen),Super 1,Super Masenko,,TRUE,30000,,4,38,Default move.
0031_00,Gohan (Teen),Super 2,Energy Blast Barrage,,TRUE,20000,,6,40,Default move.
0031_00,Gohan (Teen),Ultimate,Super Kamehameha,,TRUE,50000,,6,55,Default move.
0031_01,"Gohan (Teen), Super Saiyan",Skill 1,Explosive Wave,,TRUE,,,2,3,Default move.
0031_01,"Gohan (Teen), Super Saiyan",Skill 2,Full Power,,TRUE,,4,1,3,Default move.
0031_01,"Gohan (Teen), Super Saiyan",Super 1,Super Kamehameha,,TRUE,30000,,4,38,Default move.
0031_01,"Gohan (Teen), Super Saiyan",Super 2,Super Assault Combo,,TRUE,30000,,5,40,Default move.
0031_01,"Gohan (Teen), Super Saiyan",Ultimate,Raging Masenko,,TRUE,50000,,6,55,Default move.
0031_02,"Gohan (Teen), Super Saiyan 2",Skill 1,Explosive Wave,,TRUE,,,2,3,Default move.
0031_02,"Gohan (Teen), Super Saiyan 2",Skill 2,Unforgivable,,TRUE,,4,1,3,Default move.
0031_02,"Gohan (Teen), Super Saiyan 2",Super 1,Super Kamehameha,,TRUE,20000,,4,38,Default move.
0031_02,"Gohan (Teen), Super Saiyan 2",Super 2,Explosive Rush,,TRUE,30000,,5,40,Default move.
0031_02,"Gohan (Teen), Super Saiyan 2",Ultimate,Father-Son Kamehameha,,TRUE,50000,,6,55,Default move.
0031_02,"Gohan (Teen), Super Saiyan 2",Ultimate,Blinding Strike,ULT2,FALSE,50000,,4,16,Mapped variant; check Costume Moves for outfit assignments.
0032_00,Gohan (Adult),Skill 1,Wild Sense,,TRUE,,,1,3,Default move.
0032_00,Gohan (Adult),Skill 2,Full-Power Charge,,TRUE,,,0,3,Default move.
0032_00,Gohan (Adult),Super 1,Explosive Cannon,,TRUE,20000,,4,38,Default move.
0032_00,Gohan (Adult),Super 2,Explosive Flash Strike,,TRUE,30000,,5,40,Default move.
0032_00,Gohan (Adult),Ultimate,Super Kamehameha,,TRUE,50000,,6,55,Default move.
0032_00,Gohan (Adult),Ultimate,Punishing Rush,ULT2,FALSE,50000,,4,16,Mapped variant; check Costume Moves for outfit assignments.
0032_00,Gohan (Adult),Ultimate,Z-Sword Rush,ULT3,FALSE,50000,,3,15,Mapped variant; check Costume Moves for outfit assignments.
0032_01,"Gohan (Adult), Super Saiyan",Skill 1,Explosive Wave,,TRUE,,,2,3,Default move.
0032_01,"Gohan (Adult), Super Saiyan",Skill 2,Full-Power Charge,,TRUE,,,0,3,Default move.
0032_01,"Gohan (Adult), Super Saiyan",Super 1,Explosive Cannon,,TRUE,20000,,4,38,Default move.
0032_01,"Gohan (Adult), Super Saiyan",Super 2,Full-Power Energy Blast Volley,,TRUE,30000,,6,40,Default move.
0032_01,"Gohan (Adult), Super Saiyan",Ultimate,Bros. Kamehameha,,TRUE,50000,,7,55,Default move.
0032_01,"Gohan (Adult), Super Saiyan",Ultimate,Bloodline Kamehameha,ULT2,FALSE,50000,,4,16,Mapped variant; check Costume Moves for outfit assignments.
0032_02,"Gohan (Adult), Super Saiyan 2",Skill 1,Explosive Wave,,TRUE,,,2,3,Default move.
0032_02,"Gohan (Adult), Super Saiyan 2",Skill 2,Full Power,,TRUE,,4,1,3,Default move.
0032_02,"Gohan (Adult), Super Saiyan 2",Super 1,Super Explosive Cannon,,TRUE,20000,,4,38,Default move.
0032_02,"Gohan (Adult), Super Saiyan 2",Super 2,Super Explosive Flash Strike,,TRUE,30000,,5,40,Default move.
0032_02,"Gohan (Adult), Super Saiyan 2",Ultimate,Super Kamehameha,,TRUE,50000,,6,55,Default move.
0032_10,Great Saiyaman,Skill 1,Justice Pose,,TRUE,,,1,3,Default move.
0032_10,Great Saiyaman,Skill 2,Justice Finishing Pose,,TRUE,,,0,3,Default move.
0032_10,Great Saiyaman,Super 1,Justice Bomber,,TRUE,40000,,4,38,Default move.
0032_10,Great Saiyaman,Super 2,Justice Rush,,TRUE,30000,,5,40,Default move.
0032_10,Great Saiyaman,Ultimate,Justice Judgment,,TRUE,50000,,5,55,Default move.
0032_20,Ultimate Gohan,Skill 1,Wild Sense,,TRUE,,,1,3,Default move.
0032_20,Ultimate Gohan,Skill 2,Power Up to the Very Limit,,TRUE,,4,0,3,Default move.
0032_20,Ultimate Gohan,Super 1,Super Kamehameha,,TRUE,30000,,4,38,Default move.
0032_20,Ultimate Gohan,Super 2,Fierce Combination,,TRUE,30000,,5,40,Default move.
0032_20,Ultimate Gohan,Ultimate,Burst Rush,,TRUE,50000,,5,55,Default move.
0032_30,Gohan (Future),Skill 1,Wild Sense,,TRUE,,,1,3,Default move.
0032_30,Gohan (Future),Skill 2,Full-Power Charge,,TRUE,,,0,3,Default move.
0032_30,Gohan (Future),Super 1,Masenko,,TRUE,30000,,4,38,Default move.
0032_30,Gohan (Future),Super 2,Super Destructive Wave,,TRUE,40000,,6,40,Default move.
0032_30,Gohan (Future),Ultimate,Super Kamehameha,,TRUE,50000,,6,55,Default move.
0032_31,"Gohan (Future), Super Saiyan",Skill 1,Evil Barrier,,TRUE,,3,2,3,Default move.
0032_31,"Gohan (Future), Super Saiyan",Skill 2,Power Up to the Very Limit,,TRUE,,4,1,3,Default move.
0032_31,"Gohan (Future), Super Saiyan",Super 1,Hyper Masenko,,TRUE,30000,,4,38,Default move.
0032_31,"Gohan (Future), Super Saiyan",Super 2,Special Beam Cannon,,TRUE,30000,,6,40,Default move.
0032_31,"Gohan (Future), Super Saiyan",Ultimate,Fierce Combination,,TRUE,50000,,5,55,Default move.
0040_00,Piccolo,Skill 1,Paralyze Beam,,TRUE,,,1,3,Default move.
0040_00,Piccolo,Skill 2,All-Out,,TRUE,,4,0,3,Default move.
0040_00,Piccolo,Super 1,Explosive Demon Wave,,TRUE,20000,,4,38,Default move.
0040_00,Piccolo,Super 2,Explosive Breath Cannon,,TRUE,30000,,5,40,Default move.
0040_00,Piccolo,Ultimate,Special Beam Cannon,,TRUE,50000,,4,55,Default move.
0040_00,Piccolo,Ultimate,Demonic Airstrike,ULT2,FALSE,50000,,4,16,Mapped variant; check Costume Moves for outfit assignments.
0040_10,Piccolo (Fused with Kami),Skill 1,Wild Sense,,TRUE,,,0,3,Default move.
0040_10,Piccolo (Fused with Kami),Skill 2,False Courage,,TRUE,,,0,3,Default move.
0040_10,Piccolo (Fused with Kami),Super 1,Special Beam Cannon,,TRUE,30000,,4,38,Default move.
0040_10,Piccolo (Fused with Kami),Super 2,Light Grenade,,TRUE,30000,,6,40,Default move.
0040_10,Piccolo (Fused with Kami),Ultimate,Hellzone Grenade,,TRUE,50000,,5,55,Default move.
0040_10,Piccolo (Fused with Kami),Ultimate,Demonic Smiting,ULT2,FALSE,50000,,4,16,Mapped variant; check Costume Moves for outfit assignments.
0040_20,Nail,Skill 1,Buying Time,,TRUE,,,1,3,Default move.
0040_20,Nail,Skill 2,Full Power,,TRUE,,4,1,3,Default move.
0040_20,Nail,Super 1,Full-Power Energy Wave,,TRUE,30000,,4,38,Default move.
0040_20,Nail,Super 2,Super Destructive Wave,,TRUE,40000,,6,40,Default move.
0040_20,Nail,Ultimate,Mystic Flasher,,TRUE,50000,,5,55,Default move.
0050_00,Krillin,Skill 1,Solar Flare,,TRUE,,,1,3,Default move.
0050_00,Krillin,Skill 2,Afterimage Strike,,TRUE,,3,0,3,Default move.
0050_00,Krillin,Super 1,Kamehameha,,TRUE,30000,,4,38,Default move.
0050_00,Krillin,Super 2,Spread Energy Wave,,TRUE,30000,,6,40,Default move.
0050_00,Krillin,Ultimate,Chain Destructo Disc,,TRUE,50000,,5,55,Default move.
0050_00,Krillin,Ultimate,Round Cannonball,ULT2,FALSE,50000,,4,16,Mapped variant; check Costume Moves for outfit assignments.
0060_00,Yamcha,Skill 1,Afterimage,,TRUE,,,1,3,Default move.
0060_00,Yamcha,Skill 2,Power Up to the Very Limit,,TRUE,,4,0,3,Default move.
0060_00,Yamcha,Super 1,Kamehameha,,TRUE,30000,,4,38,Default move.
0060_00,Yamcha,Super 2,Wolf Fang Fist,,TRUE,30000,,5,40,Default move.
0060_00,Yamcha,Ultimate,Spirit Ball,,TRUE,50000,,5,55,Default move.
0070_00,Tien,Skill 1,Solar Flare,,TRUE,,,1,3,Default move.
0070_00,Tien,Skill 2,Wild Sense,,TRUE,,,0,3,Default move.
0070_00,Tien,Super 1,Dodon Ray,,TRUE,20000,,4,38,Default move.
0070_00,Tien,Super 2,Tri-Beam,,TRUE,30000,,6,40,Default move.
0070_00,Tien,Ultimate,Neo Tri-Beam,,TRUE,50000,,6,55,Default move.
0080_00,Trunks (Sword),Skill 1,Afterimage,,TRUE,,,1,3,Default move.
0080_00,Trunks (Sword),Skill 2,Power Up to the Very Limit,,TRUE,,4,0,3,Default move.
0080_00,Trunks (Sword),Super 1,Finish Buster,,TRUE,30000,,4,38,Default move.
0080_00,Trunks (Sword),Super 2,Burning Storm,,TRUE,30000,,4,40,Default move.
0080_00,Trunks (Sword),Ultimate,Lightning Sword Slash,,TRUE,50000,,7,55,Default move.
0080_01,"Trunks (Sword), Super Saiyan",Skill 1,Explosive Wave,,TRUE,,,2,3,Default move.
0080_01,"Trunks (Sword), Super Saiyan",Skill 2,Burning Heart,,TRUE,,4,1,3,Default move.
0080_01,"Trunks (Sword), Super Saiyan",Super 1,Burning Attack,,TRUE,30000,,4,38,Default move.
0080_01,"Trunks (Sword), Super Saiyan",Super 2,Burning Storm,,TRUE,30000,,4,40,Default move.
0080_01,"Trunks (Sword), Super Saiyan",Ultimate,Shining Sword Attack,,TRUE,50000,,5,55,Default move.
0080_10,Trunks (Melee),Skill 1,Explosive Wave,,TRUE,,,2,3,Default move.
0080_10,Trunks (Melee),Skill 2,Wild Sense,,TRUE,,,0,3,Default move.
0080_10,Trunks (Melee),Super 1,Burning Attack,,TRUE,30000,,4,38,Default move.
0080_10,Trunks (Melee),Super 2,High Speed Rush,,TRUE,30000,,5,40,Default move.
0080_10,Trunks (Melee),Ultimate,Finish Buster,,TRUE,50000,,6,55,Default move.
0080_11,"Trunks (Melee), Super Saiyan",Skill 1,Explosive Wave,,TRUE,,,2,3,Default move.
0080_11,"Trunks (Melee), Super Saiyan",Skill 2,Finish Sign,,TRUE,,,1,3,Default move.
0080_11,"Trunks (Melee), Super Saiyan",Super 1,Burning Attack,,TRUE,30000,,4,38,Default move.
0080_11,"Trunks (Melee), Super Saiyan",Super 2,Burning Breaker,,TRUE,30000,,5,40,Default move.
0080_11,"Trunks (Melee), Super Saiyan",Ultimate,Heat Dome Attack,,TRUE,50000,,5,55,Default move.
0080_30,Future Trunks,Skill 1,Solar Flare,,TRUE,,,1,3,Default move.
0080_30,Future Trunks,Skill 2,Wild Sense,,TRUE,,,0,3,Default move.
0080_30,Future Trunks,Super 1,Masenko,,TRUE,30000,,4,38,Default move.
0080_30,Future Trunks,Super 2,Lightning Sword Slash,,TRUE,30000,,7,40,Default move.
0080_30,Future Trunks,Ultimate,Shining Slash,,TRUE,50000,,5,55,Default move.
0080_31,"Future Trunks, Super Saiyan",Skill 1,Explosive Wave,,TRUE,,,2,3,Default move.
0080_31,"Future Trunks, Super Saiyan",Skill 2,Power Up to the Very Limit,,TRUE,,4,1,3,Default move.
0080_31,"Future Trunks, Super Saiyan",Super 1,Galick Gun,,TRUE,30000,,4,38,Default move.
0080_31,"Future Trunks, Super Saiyan",Super 2,Final Flash,,TRUE,40000,,6,40,Default move.
0080_31,"Future Trunks, Super Saiyan",Ultimate,Final Hope Slash,,TRUE,50000,,5,55,Default move.
0081_20,Super Trunks,Skill 1,Explosive Wave,,TRUE,,,2,3,Default move.
0081_20,Super Trunks,Skill 2,Inexperienced Power Up,,TRUE,,4,2,3,Default move.
0081_20,Super Trunks,Super 1,Finish Buster,,TRUE,30000,,4,38,Default move.
0081_20,Super Trunks,Super 2,Burning Attack,,TRUE,30000,,6,40,Default move.
0081_20,Super Trunks,Ultimate,Super Explosive Wave,,TRUE,50000,,6,55,Default move.
0082_00,Trunks (Kid),Skill 1,Afterimage,,TRUE,,,0,3,Default move.
0082_00,Trunks (Kid),Skill 2,Finish Sign,,TRUE,,,0,3,Default move.
0082_00,Trunks (Kid),Super 1,Full-Power Energy Wave,,TRUE,30000,,4,38,Default move.
0082_00,Trunks (Kid),Super 2,High Speed Rush,,TRUE,30000,,5,40,Default move.
0082_00,Trunks (Kid),Ultimate,Finish Buster,,TRUE,50000,,6,55,Default move.
0082_01,"Trunks (Kid), Super Saiyan",Skill 1,Explosive Wave,,TRUE,,,1,3,Default move.
0082_01,"Trunks (Kid), Super Saiyan",Skill 2,Super Unyielding Spirit,,TRUE,,4,0,3,Default move.
0082_01,"Trunks (Kid), Super Saiyan",Super 1,Full-Power Energy Wave,,TRUE,30000,,4,38,Default move.
0082_01,"Trunks (Kid), Super Saiyan",Super 2,High Speed Rush,,TRUE,30000,,5,40,Default move.
0082_01,"Trunks (Kid), Super Saiyan",Ultimate,Victory Cannon,,TRUE,50000,,6,55,Default move.
0090_00,Goten,Skill 1,Afterimage,,TRUE,,,0,3,Default move.
0090_00,Goten,Skill 2,Sleep,,TRUE,,4,0,3,Default move.
0090_00,Goten,Super 1,Boulder Toss Barrage,,TRUE,20000,,4,38,Default move.
0090_00,Goten,Super 2,Charge!,,TRUE,20000,,5,40,Default move.
0090_00,Goten,Ultimate,Super Kamekameha,,TRUE,50000,,5,55,Default move.
0090_01,"Goten, Super Saiyan",Skill 1,Wild Sense,,TRUE,,,0,3,Default move.
0090_01,"Goten, Super Saiyan",Skill 2,False Courage,,TRUE,,,0,3,Default move.
0090_01,"Goten, Super Saiyan",Super 1,Kamekameha,,TRUE,30000,,4,38,Default move.
0090_01,"Goten, Super Saiyan",Super 2,Charge!,,TRUE,30000,,5,40,Default move.
0090_01,"Goten, Super Saiyan",Ultimate,Double Kamehameha,,TRUE,50000,,5,55,Default move.
0100_00,Vegito,Skill 1,Explosive Wave,,TRUE,,,2,3,Default move.
0100_00,Vegito,Skill 2,High-Tension,,TRUE,,,0,3,Default move.
0100_00,Vegito,Super 1,Big Bang Cannon,,TRUE,30000,,4,38,Default move.
0100_00,Vegito,Super 2,Rampaging Rush,,TRUE,30000,,5,40,Default move.
0100_00,Vegito,Ultimate,Super Kamehameha,,TRUE,50000,,6,55,Default move.
0100_01,Super Vegito,Skill 1,Afterimage Strike,,TRUE,,3,2,3,Default move.
0100_01,Super Vegito,Skill 2,Finish Sign,,TRUE,,,1,3,Default move.
0100_01,Super Vegito,Super 1,Big Bang Attack,,TRUE,30000,,4,38,Default move.
0100_01,Super Vegito,Super 2,Final Kamehameha,,TRUE,40000,,6,40,Default move.
0100_01,Super Vegito,Ultimate,Beam Sword Slash,,TRUE,50000,,5,55,Default move.
0100_02,"Vegito, Super Saiyan God Super Saiyan",Skill 1,Settling the Score,,TRUE,,,1,3,Default move.
0100_02,"Vegito, Super Saiyan God Super Saiyan",Skill 2,Full-Power Charge,,TRUE,,,0,3,Default move.
0100_02,"Vegito, Super Saiyan God Super Saiyan",Super 1,God Kamehameha,,TRUE,30000,,4,38,Default move.
0100_02,"Vegito, Super Saiyan God Super Saiyan",Super 2,Omega Finishing Blow,,TRUE,30000,,5,40,Default move.
0100_02,"Vegito, Super Saiyan God Super Saiyan",Ultimate,God Final Kamehameha,,TRUE,50000,,6,55,Default move.
0110_00,Gogeta (Super),Skill 1,Wild Sense,,TRUE,,,1,3,Default move.
0110_00,Gogeta (Super),Skill 2,Here We Go!,,TRUE,,4,0,3,Default move.
0110_00,Gogeta (Super),Super 1,Super Kamehameha,,TRUE,30000,,4,38,Default move.
0110_00,Gogeta (Super),Super 2,Super Explosive Wave,,TRUE,40000,,6,40,Default move.
0110_00,Gogeta (Super),Ultimate,Big Bang Kamehameha,,TRUE,50000,,5,55,Default move.
0110_01,"Gogeta (Super), Super Saiyan",Skill 1,Instant Transmission,,TRUE,,,1,3,Default move.
0110_01,"Gogeta (Super), Super Saiyan",Skill 2,Finish Sign,,TRUE,,,0,3,Default move.
0110_01,"Gogeta (Super), Super Saiyan",Super 1,Super Kamehameha,,TRUE,30000,,4,38,Default move.
0110_01,"Gogeta (Super), Super Saiyan",Super 2,Rising Vortex,,TRUE,30000,,5,40,Default move.
0110_01,"Gogeta (Super), Super Saiyan",Ultimate,Stardust Fall,,TRUE,50000,,5,55,Default move.
0110_02,"Gogeta (GT), Super Saiyan 4",Skill 1,Wild Sense,,TRUE,,,1,3,Default move.
0110_02,"Gogeta (GT), Super Saiyan 4",Skill 2,Power Up to the Very Limit,,TRUE,,4,0,3,Default move.
0110_02,"Gogeta (GT), Super Saiyan 4",Super 1,Big Bang Kamehameha,,TRUE,30000,,4,38,Default move.
0110_02,"Gogeta (GT), Super Saiyan 4",Super 2,Ultimate Impact,,TRUE,30000,,5,40,Default move.
0110_02,"Gogeta (GT), Super Saiyan 4",Ultimate,Ultra Big Bang Kamehameha,,TRUE,50000,,6,55,Default move.
0110_03,"Gogeta (Super), Super Saiyan God Super Saiyan",Skill 1,Instant Transmission,,TRUE,,,2,3,Default move.
0110_03,"Gogeta (Super), Super Saiyan God Super Saiyan",Skill 2,Stardust Barrier,,TRUE,,1,3,3,Default move.
0110_03,"Gogeta (Super), Super Saiyan God Super Saiyan",Super 1,Stardust Blaster,,TRUE,30000,,4,38,Default move.
0110_03,"Gogeta (Super), Super Saiyan God Super Saiyan",Super 2,Meteor Explosion,,TRUE,30000,,5,40,Default move.
0110_03,"Gogeta (Super), Super Saiyan God Super Saiyan",Ultimate,Ultimate Kamehameha,,TRUE,50000,,6,55,Default move.
0110_04,Super Gogeta (Z),Skill 1,Immovable Stance,,TRUE,,,2,3,Default move.
0110_04,Super Gogeta (Z),Skill 2,I'm the One Who Will Defeat You!,,TRUE,,,1,3,Default move.
0110_04,Super Gogeta (Z),Super 1,Big Bang Kamehameha,,TRUE,30000,,4,38,Default move.
0110_04,Super Gogeta (Z),Super 2,Punisher Drive,,TRUE,40000,,5,40,Default move.
0110_04,Super Gogeta (Z),Ultimate,Stardust Breaker,,TRUE,50000,,5,55,Default move.
0120_00,Gotenks,Skill 1,Afterimage,,TRUE,,,0,3,Default move.
0120_00,Gotenks,Skill 2,Ta-dah!,,TRUE,,,0,3,Default move.
0120_00,Gotenks,Super 1,Full-Power Energy Wave,,TRUE,30000,,4,38,Default move.
0120_00,Gotenks,Super 2,High Speed Rush,,TRUE,30000,,5,40,Default move.
0120_00,Gotenks,Ultimate,Victory Cannon,,TRUE,50000,,5,55,Default move.
0120_01,"Gotenks, Super Saiyan",Skill 1,False Courage,,TRUE,,,0,3,Default move.
0120_01,"Gotenks, Super Saiyan",Skill 2,High-Tension,,TRUE,,3,0,3,Default move.
0120_01,"Gotenks, Super Saiyan",Super 1,Victory Cannon,,TRUE,30000,,4,38,Default move.
0120_01,"Gotenks, Super Saiyan",Super 2,Galactic Donuts,,TRUE,30000,,6,40,Default move.
0120_01,"Gotenks, Super Saiyan",Ultimate,Super Ghost Kamikaze Attack,,TRUE,50000,,8,55,Default move.
0120_02,"Gotenks, Super Saiyan 3",Skill 1,Vice Shout,,TRUE,,,2,3,Default move.
0120_02,"Gotenks, Super Saiyan 3",Skill 2,Finish Sign,,TRUE,,,0,3,Default move.
0120_02,"Gotenks, Super Saiyan 3",Super 1,Victory Bazooka,,TRUE,30000,,4,38,Default move.
0120_02,"Gotenks, Super Saiyan 3",Super 2,DIE DIE Missile Barrage,,TRUE,30000,,6,40,Default move.
0120_02,"Gotenks, Super Saiyan 3",Ultimate,Charging Ultra Buu Buu Volleyball,,TRUE,50000,,5,55,Default move.
0121_00,Mighty Mask,Skill 1,False Courage,,TRUE,,,1,3,Default move.
0121_00,Mighty Mask,Skill 2,Finish Sign,,TRUE,,,0,3,Default move.
0121_00,Mighty Mask,Super 1,Victory Cannon,,TRUE,30000,,4,38,Default move.
0121_00,Mighty Mask,Super 2,Mighty Rush,,TRUE,30000,,5,40,Default move.
0121_00,Mighty Mask,Ultimate,Final Cannon,,TRUE,50000,,6,55,Default move.
0130_00,Videl,Skill 1,Afterimage Strike,,TRUE,,3,1,3,Default move.
0130_00,Videl,Skill 2,Super Unyielding Spirit,,TRUE,,4,0,3,Default move.
0130_00,Videl,Super 1,Videl Kick,,TRUE,20000,,5,38,Default move.
0130_00,Videl,Super 2,Desperado Rush,,TRUE,30000,,5,40,Default move.
0130_00,Videl,Ultimate,Videl Rush,,TRUE,50000,,5,55,Default move.
0130_00,Videl,Ultimate,Justice Judgment,ULT2,FALSE,50000,,4,16,Mapped variant; check Costume Moves for outfit assignments.
0140_00,Master Roshi,Skill 1,Afterimage Strike,,TRUE,,3,1,3,Default move.
0140_00,Master Roshi,Skill 2,False Courage,,TRUE,,,0,3,Default move.
0140_00,Master Roshi,Super 1,Original Kamehameha,,TRUE,30000,,4,38,Default move.
0140_00,Master Roshi,Super 2,Thunder Shock Surprise,,TRUE,40000,,6,40,Default move.
0140_00,Master Roshi,Ultimate,Evil Containment Wave,,TRUE,50000,,6,55,Default move.
0141_00,"Master Roshi, Max Power",Skill 1,False Courage,,TRUE,,,1,3,Default move.
0141_00,"Master Roshi, Max Power",Skill 2,Pump Up,,TRUE,,,0,3,Default move.
0141_00,"Master Roshi, Max Power",Super 1,Original Kamehameha,,TRUE,30000,,4,38,Default move.
0141_00,"Master Roshi, Max Power",Super 2,Turtle School Ultimate Fist,,TRUE,30000,,5,40,Default move.
0141_00,"Master Roshi, Max Power",Ultimate,Max Power Kamehameha,,TRUE,50000,,6,55,Default move.
0150_00,"Frieza (Z), 1st Form",Skill 1,Psychokinesis,,TRUE,,,2,3,Default move.
0150_00,"Frieza (Z), 1st Form",Skill 2,Pump Up,,TRUE,,,0,3,Default move.
0150_00,"Frieza (Z), 1st Form",Super 1,Death Beam,,TRUE,20000,,4,38,Default move.
0150_00,"Frieza (Z), 1st Form",Super 2,Punishing Rush,,TRUE,30000,,5,40,Default move.
0150_00,"Frieza (Z), 1st Form",Ultimate,Death Ball,,TRUE,50000,,6,55,Default move.
0151_00,"Frieza (Z), 2nd Form",Skill 1,Explosive Wave,,TRUE,,,2,3,Default move.
0151_00,"Frieza (Z), 2nd Form",Skill 2,Finish Sign,,TRUE,,,0,3,Default move.
0151_00,"Frieza (Z), 2nd Form",Super 1,Punishing Blaster,,TRUE,30000,,4,38,Default move.
0151_00,"Frieza (Z), 2nd Form",Super 2,Death Storm,,TRUE,40000,,6,40,Default move.
0151_00,"Frieza (Z), 2nd Form",Ultimate,HAIL Frieza,,TRUE,50000,,5,55,Default move.
0152_00,"Frieza (Z), 3rd Form",Skill 1,Explosive Wave,,TRUE,,,1,3,Default move.
0152_00,"Frieza (Z), 3rd Form",Skill 2,High-Tension,,TRUE,,,0,3,Default move.
0152_00,"Frieza (Z), 3rd Form",Super 1,Barrage Death Beam,,TRUE,20000,,4,38,Default move.
0152_00,"Frieza (Z), 3rd Form",Super 2,High Speed Rush,,TRUE,30000,,5,40,Default move.
0152_00,"Frieza (Z), 3rd Form",Ultimate,Crazy Finger Beam,,TRUE,50000,,5,55,Default move.
0153_00,"Frieza (Z), 4th Form",Skill 1,Psychokinesis,,TRUE,,,2,3,Default move.
0153_00,"Frieza (Z), 4th Form",Skill 2,Your Arrogance Disgusts Me!,,TRUE,,4,1,3,Default move.
0153_00,"Frieza (Z), 4th Form",Super 1,Barrage Death Beam,,TRUE,20000,,4,38,Default move.
0153_00,"Frieza (Z), 4th Form",Super 2,You Might Die This Time,,TRUE,30000,,5,40,Default move.
0153_00,"Frieza (Z), 4th Form",Ultimate,I'll Destroy This Planet!,,TRUE,50000,,5,55,Default move.
0153_10,Mecha Frieza,Skill 1,Psychokinesis,,TRUE,,,2,3,Default move.
0153_10,Mecha Frieza,Skill 2,Finish Sign,,TRUE,,,0,3,Default move.
0153_10,Mecha Frieza,Super 1,Death Beam,,TRUE,20000,,4,38,Default move.
0153_10,Mecha Frieza,Super 2,Fissure Slash,,TRUE,30000,,6,40,Default move.
0153_10,Mecha Frieza,Ultimate,Supernova,,TRUE,50000,,6,55,Default move.
0153_20,Frieza (Super),Skill 1,Psychokinesis,,TRUE,,,2,3,Default move.
0153_20,Frieza (Super),Skill 2,Power of Revenge,,TRUE,,,0,3,Default move.
0153_20,Frieza (Super),Super 1,Death Beam,,TRUE,20000,,4,38,Default move.
0153_20,Frieza (Super),Super 2,Super Nova Strike,,TRUE,40000,,5,40,Default move.
0153_20,Frieza (Super),Ultimate,Super Death Ball,,TRUE,50000,,5,55,Default move.
0153_20,Frieza (Super),Ultimate,Co-op Rising,ULT2,FALSE,50000,,4,16,Mapped variant; check Costume Moves for outfit assignments.
0154_00,"Frieza (Z), Full Power",Skill 1,Psychokinesis,,TRUE,,,2,3,Default move.
0154_00,"Frieza (Z), Full Power",Skill 2,Long Awaited-for 100%,,TRUE,,4,0,3,Default move.
0154_00,"Frieza (Z), Full Power",Super 1,Death Saucer,,TRUE,30000,,4,38,Default move.
0154_00,"Frieza (Z), Full Power",Super 2,Nova Strike,,TRUE,40000,,4,40,Default move.
0154_00,"Frieza (Z), Full Power",Ultimate,I'm the One Who'll Kill You!,,TRUE,50000,,5,55,Default move.
0155_00,Golden Frieza,Skill 1,Wild Sense,,TRUE,,,1,3,Default move.
0155_00,Golden Frieza,Skill 2,True Golden Frieza,,TRUE,,4,1,3,Default move.
0155_00,Golden Frieza,Super 1,Great Death Beam,,TRUE,30000,,4,38,Default move.
0155_00,Golden Frieza,Super 2,"""No Hard Feelings"" Hit",,TRUE,30000,,5,40,Default move.
0155_00,Golden Frieza,Ultimate,Earth Breaker,,TRUE,50000,,5,55,Default move.
0160_00,"Cell, 1st Form",Skill 1,Solar Flare,,TRUE,,,1,3,Default move.
0160_00,"Cell, 1st Form",Skill 2,Afterimage,,TRUE,,,0,3,Default move.
0160_00,"Cell, 1st Form",Super 1,Kamehameha,,TRUE,30000,,4,38,Default move.
0160_00,"Cell, 1st Form",Super 2,Special Beam Cannon,,TRUE,30000,,4,40,Default move.
0160_00,"Cell, 1st Form",Ultimate,Drain Life Cell,,TRUE,50000,,6,55,Default move.
0161_00,"Cell, 2nd Form",Skill 1,Solar Flare,,TRUE,,,1,3,Default move.
0161_00,"Cell, 2nd Form",Skill 2,Pump Up,,TRUE,,,0,3,Default move.
0161_00,"Cell, 2nd Form",Super 1,Big Bang Crash,,TRUE,30000,,4,38,Default move.
0161_00,"Cell, 2nd Form",Super 2,Drain Life Cell,,TRUE,30000,,7,40,Default move.
0161_00,"Cell, 2nd Form",Ultimate,Unforgivable!,,TRUE,50000,,6,55,Default move.
0162_00,"Cell, Perfect Form",Skill 1,Explosive Wave,,TRUE,,,1,3,Default move.
0162_00,"Cell, Perfect Form",Skill 2,Afterimage,,TRUE,,,0,3,Default move.
0162_00,"Cell, Perfect Form",Super 1,Super Kamehameha,,TRUE,30000,,4,38,Default move.
0162_00,"Cell, Perfect Form",Super 2,Barrage Death Beam,,TRUE,20000,,4,40,Default move.
0162_00,"Cell, Perfect Form",Ultimate,Perfect Barrier,,TRUE,50000,,6,55,Default move.
0162_01,Perfect Cell,Skill 1,Instant Transmission,,TRUE,,,2,3,Default move.
0162_01,Perfect Cell,Skill 2,Wild Sense,,TRUE,,,0,3,Default move.
0162_01,Perfect Cell,Super 1,Perfect Beam,,TRUE,20000,,4,38,Default move.
0162_01,Perfect Cell,Super 2,Perfect Rush,,TRUE,30000,,5,40,Default move.
0162_01,Perfect Cell,Ultimate,Solar Kamehameha,,TRUE,50000,,6,55,Default move.
0163_00,Cell Jr.,Skill 1,Solar Flare,,TRUE,,,1,3,Default move.
0163_00,Cell Jr.,Skill 2,Explosive Wave,,TRUE,,,1,3,Default move.
0163_00,Cell Jr.,Super 1,Special Beam Cannon,,TRUE,30000,,4,38,Default move.
0163_00,Cell Jr.,Super 2,Innocence Rush,,TRUE,30000,,5,40,Default move.
0163_00,Cell Jr.,Ultimate,Super Kamehameha,,TRUE,50000,,6,55,Default move.
0170_00,Majin Buu,Skill 1,Paralyze Beam,,TRUE,,,2,3,Default move.
0170_00,Majin Buu,Skill 2,Sleep,,TRUE,,4,0,3,Default move.
0170_00,Majin Buu,Super 1,Buu Buu Gum,,TRUE,30000,,5,38,Default move.
0170_00,Majin Buu,Super 2,Super Kamehameha,,TRUE,30000,,3,40,Default move.
0170_00,Majin Buu,Ultimate,Angry Explosion,,TRUE,50000,,5,55,Default move.
0171_00,Majin Buu (Evil),Skill 1,Paralyze Beam,,TRUE,,,2,3,Default move.
0171_00,Majin Buu (Evil),Skill 2,Mystic Breath,,TRUE,,1,1,3,Default move.
0171_00,Majin Buu (Evil),Super 1,Super Kamehameha,,TRUE,30000,,4,38,Default move.
0171_00,Majin Buu (Evil),Super 2,Flame Shower Breath,,TRUE,30000,,6,40,Default move.
0171_00,Majin Buu (Evil),Ultimate,Guilty Flash,,TRUE,50000,,5,55,Default move.
0172_00,Super Buu,Skill 1,Vice Shout,,TRUE,,,2,3,Default move.
0172_00,Super Buu,Skill 2,Regeneration,,TRUE,,4,0,3,Default move.
0172_00,Super Buu,Super 1,Assault Rain,,TRUE,30000,,5,38,Default move.
0172_00,Super Buu,Super 2,Majin Beam,,TRUE,40000,,6,40,Default move.
0172_00,Super Buu,Ultimate,Revenge Death Bomber,,TRUE,50000,,6,55,Default move.
0172_10,Super Buu (Gotenks Absorbed),Skill 1,Explosive Wave,,TRUE,,,2,3,Default move.
0172_10,Super Buu (Gotenks Absorbed),Skill 2,Regeneration,,TRUE,,4,1,3,Default move.
0172_10,Super Buu (Gotenks Absorbed),Super 1,Galactic Donut Volley,,TRUE,30000,,5,38,Default move.
0172_10,Super Buu (Gotenks Absorbed),Super 2,Special Beam Cannon,,TRUE,30000,,5,40,Default move.
0172_10,Super Buu (Gotenks Absorbed),Ultimate,Super Kamehameha,,TRUE,50000,,6,55,Default move.
0172_11,Super Buu (Gohan Absorbed),Skill 1,Afterimage,,TRUE,,,1,3,Default move.
0172_11,Super Buu (Gohan Absorbed),Skill 2,High-Tension,,TRUE,,,0,3,Default move.
0172_11,Super Buu (Gohan Absorbed),Super 1,Super Kamehameha,,TRUE,30000,,4,38,Default move.
0172_11,Super Buu (Gohan Absorbed),Super 2,Majin Beam,,TRUE,40000,,6,40,Default move.
0172_11,Super Buu (Gohan Absorbed),Ultimate,Super Ghost Buu Attack,,TRUE,50000,,10,55,Default move.
0173_00,Kid Buu,Skill 1,Instant Transmission,,TRUE,,,1,3,Default move.
0173_00,Kid Buu,Skill 2,Sleep,,TRUE,,4,0,3,Default move.
0173_00,Kid Buu,Super 1,Super Kamehameha,,TRUE,30000,,4,38,Default move.
0173_00,Kid Buu,Super 2,Mystic Combination,,TRUE,30000,,5,40,Default move.
0173_00,Kid Buu,Ultimate,Planet Burst,,TRUE,50000,,5,55,Default move.
0180_00,Mr. Satan,Skill 1,False Courage,,TRUE,,,1,3,Default move.
0180_00,Mr. Satan,Skill 2,Royal Raiment?!,,TRUE,,,0,3,Default move.
0180_00,Mr. Satan,Super 1,Dynamite Kick,,TRUE,30000,,5,38,Default move.
0180_00,Mr. Satan,Super 2,Present Bomb,,TRUE,40000,,5,40,Default move.
0180_00,Mr. Satan,Ultimate,Mr. Buu Arrives!,,TRUE,50000,,5,55,Default move.
0190_00,Chiaotzu,Skill 1,Telekinesis,,TRUE,,,2,3,Default move.
0190_00,Chiaotzu,Skill 2,Afterimage,,TRUE,,,1,3,Default move.
0190_00,Chiaotzu,Super 1,Dodon Ray,,TRUE,20000,,4,38,Default move.
0190_00,Chiaotzu,Super 2,Psychic Rock Throw,,TRUE,20000,,6,40,Default move.
0190_00,Chiaotzu,Ultimate,"Farewell, Mr. Tien",,TRUE,50000,,5,55,Default move.
0210_00,Yajirobe,Skill 1,Super Unyielding Spirit,,TRUE,,4,1,3,Default move.
0210_00,Yajirobe,Skill 2,Senzu Beans,,TRUE,,6,0,3,Default move.
0210_00,Yajirobe,Super 1,Ka-Blam Attack,,TRUE,40000,,4,38,Default move.
0210_00,Yajirobe,Super 2,Flash and Kill,,TRUE,30000,,5,40,Default move.
0210_00,Yajirobe,Ultimate,Miracle Ka-Blam Slash,,TRUE,50000,,5,55,Default move.
0220_00,Pikkon,Skill 1,Wild Sense,,TRUE,,,0,3,Default move.
0220_00,Pikkon,Skill 2,High-Tension,,TRUE,,,0,3,Default move.
0220_00,Pikkon,Super 1,Hyper Tornado,,TRUE,40000,,4,38,Default move.
0220_00,Pikkon,Super 2,Burning Shoot,,TRUE,30000,,5,40,Default move.
0220_00,Pikkon,Ultimate,Thunder Flash,,TRUE,50000,,5,55,Default move.
0230_00,Pan (GT),Skill 1,Afterimage Strike,,TRUE,,3,0,3,Default move.
0230_00,Pan (GT),Skill 2,Saiyan Spirit,,TRUE,,,0,3,Default move.
0230_00,Pan (GT),Super 1,Kamehameha,,TRUE,30000,,4,38,Default move.
0230_00,Pan (GT),Super 2,Giru Missile,,TRUE,30000,,5,40,Default move.
0230_00,Pan (GT),Ultimate,Maiden's Rage,,TRUE,50000,,5,55,Default move.
0240_00,Uub (GT),Skill 1,Wild Sense,,TRUE,,,0,3,Default move.
0240_00,Uub (GT),Skill 2,Power Up to the Very Limit,,TRUE,,4,0,3,Default move.
0240_00,Uub (GT),Super 1,Super Kamehameha,,TRUE,30000,,4,38,Default move.
0240_00,Uub (GT),Super 2,Blazing Barrage Palm,,TRUE,30000,,5,40,Default move.
0240_00,Uub (GT),Ultimate,Super Explosive Wave,,TRUE,50000,,6,55,Default move.
0240_01,Majuub (GT),Skill 1,Paralyze Beam,,TRUE,,,1,3,Default move.
0240_01,Majuub (GT),Skill 2,Mystic Breath,,TRUE,,1,1,3,Default move.
0240_01,Majuub (GT),Super 1,Super Consecutive Energy Blast,,TRUE,20000,,4,38,Default move.
0240_01,Majuub (GT),Super 2,Majin Beam,,TRUE,40000,,6,40,Default move.
0240_01,Majuub (GT),Ultimate,Lightning Arrow,,TRUE,50000,,5,55,Default move.
0260_00,Grandpa Gohan,Skill 1,Afterimage Strike,,TRUE,,3,1,3,Default move.
0260_00,Grandpa Gohan,Skill 2,Sleep,,TRUE,,4,0,3,Default move.
0260_00,Grandpa Gohan,Super 1,Kamehameha,,TRUE,30000,,4,38,Default move.
0260_00,Grandpa Gohan,Super 2,Turtle School Four Virtues,,TRUE,30000,,5,40,Default move.
0260_00,Grandpa Gohan,Ultimate,Turtle School Tranquility,,TRUE,50000,,5,55,Default move.
0270_00,Nam,Skill 1,Afterimage,,TRUE,,,1,3,Default move.
0270_00,Nam,Skill 2,For the Villagers,,TRUE,,4,0,3,Default move.
0270_00,Nam,Super 1,Shura Gekiretsuken,,TRUE,30000,,4,38,Default move.
0270_00,Nam,Super 2,Cross Arm Hurricane,,TRUE,40000,,4,40,Default move.
0270_00,Nam,Ultimate,Aerial Attack,,TRUE,50000,,5,55,Default move.
0280_00,Eighter,Skill 1,False Courage,,TRUE,,,1,3,Default move.
0280_00,Eighter,Skill 2,Howl,,TRUE,,3,0,3,Default move.
0280_00,Eighter,Super 1,Eighter Attack,,TRUE,40000,,4,38,Default move.
0280_00,Eighter,Super 2,Eighter's Anger,,TRUE,40000,,4,40,Default move.
0280_00,Eighter,Ultimate,You Hurt Goku!,,TRUE,50000,,5,55,Default move.
0301_00,Chi-Chi,Skill 1,Maiden's Temper,,TRUE,,4,1,3,Default move.
0301_00,Chi-Chi,Skill 2,Maiden's Passion,,TRUE,,,0,3,Default move.
0301_00,Chi-Chi,Super 1,Bansho Fan,,TRUE,20000,,4,38,Default move.
0301_00,Chi-Chi,Super 2,You'll Pay for That!,,TRUE,30000,,5,40,Default move.
0301_00,Chi-Chi,Ultimate,"Help Me, Goku!",,TRUE,50000,,5,55,Default move.
0310_00,Bardock,Skill 1,Shockwave of Rebellion,,TRUE,,5,1,3,Default move.
0310_00,Bardock,Skill 2,Saiyan Spirit,,TRUE,,,0,3,Default move.
0310_00,Bardock,Super 1,Riot Blaster,,TRUE,30000,,4,38,Default move.
0310_00,Bardock,Super 2,Final Revenger,,TRUE,30000,,5,40,Default move.
0310_00,Bardock,Ultimate,Final Spirit Cannon,,TRUE,50000,,6,55,Default move.
0310_01,"Bardock, Super Saiyan",Skill 1,Shockwave of Rebellion,,TRUE,,5,1,3,Default move.
0310_01,"Bardock, Super Saiyan",Skill 2,Super Saiyan Spirit,,TRUE,,3,0,3,Default move.
0310_01,"Bardock, Super Saiyan",Super 1,Revenger Blaster,,TRUE,30000,,4,38,Default move.
0310_01,"Bardock, Super Saiyan",Super 2,Fangs of Fury,,TRUE,30000,,5,40,Default move.
0310_01,"Bardock, Super Saiyan",Ultimate,Revenge Assault,,TRUE,50000,,6,55,Default move.
0320_00,Raditz,Skill 1,Saiyan Spirit,,TRUE,,,1,3,Default move.
0320_00,Raditz,Skill 2,Full Power,,TRUE,,4,1,3,Default move.
0320_00,Raditz,Super 1,Energy Crash,,TRUE,30000,,4,38,Default move.
0320_00,Raditz,Super 2,Sonic Assault,,TRUE,30000,,5,40,Default move.
0320_00,Raditz,Ultimate,Begone!,,TRUE,50000,,5,55,Default move.
0330_00,Saibaman,Skill 1,Acid,,TRUE,,,2,3,Default move.
0330_00,Saibaman,Skill 2,Afterimage,,TRUE,,,0,3,Default move.
0330_00,Saibaman,Super 1,Full-Power Energy Wave,,TRUE,30000,,4,38,Default move.
0330_00,Saibaman,Super 2,High Speed Rush,,TRUE,30000,,5,40,Default move.
0330_00,Saibaman,Ultimate,Saibaman Bomb,,TRUE,50000,,6,55,Default move.
0340_00,Nappa,Skill 1,Saiyan Spirit,,TRUE,,,1,3,Default move.
0340_00,Nappa,Skill 2,Pump Up,,TRUE,,,0,3,Default move.
0340_00,Nappa,Super 1,Volcano Explosion,,TRUE,40000,,4,38,Default move.
0340_00,Nappa,Super 2,Blazing Storm,,TRUE,20000,,5,40,Default move.
0340_00,Nappa,Ultimate,Nappa Cannon,,TRUE,50000,,5,55,Default move.
0350_00,Zarbon,Skill 1,Wild Sense,,TRUE,,,1,3,Default move.
0350_00,Zarbon,Skill 2,Full Power,,TRUE,,4,1,3,Default move.
0350_00,Zarbon,Super 1,Shooting Star Arrow,,TRUE,20000,,4,38,Default move.
0350_00,Zarbon,Super 2,Bloody Dance,,TRUE,30000,,5,40,Default move.
0350_00,Zarbon,Ultimate,Elegant Blaster,,TRUE,50000,,5,55,Default move.
0351_00,Super Zarbon,Skill 1,False Courage,,TRUE,,,1,3,Default move.
0351_00,Super Zarbon,Skill 2,High-Tension,,TRUE,,,0,3,Default move.
0351_00,Super Zarbon,Super 1,Elegant Blaster,,TRUE,30000,,4,38,Default move.
0351_00,Super Zarbon,Super 2,Wild Pressure,,TRUE,30000,,5,40,Default move.
0351_00,Super Zarbon,Ultimate,Monster Crush,,TRUE,50000,,5,55,Default move.
0360_00,Dodoria,Skill 1,False Courage,,TRUE,,,1,3,Default move.
0360_00,Dodoria,Skill 2,Pump Up,,TRUE,,,0,3,Default move.
0360_00,Dodoria,Super 1,Chou Makouhou,,TRUE,30000,,4,38,Default move.
0360_00,Dodoria,Super 2,Dodoria Head Ram,,TRUE,40000,,4,40,Default move.
0360_00,Dodoria,Ultimate,Maximum Buster,,TRUE,50000,,5,55,Default move.
0370_00,Cui,Skill 1,False Courage,,TRUE,,,1,3,Default move.
0370_00,Cui,Skill 2,Sleep,,TRUE,,4,0,3,Default move.
0370_00,Cui,Super 1,Full-Power Energy Wave,,TRUE,30000,,4,38,Default move.
0370_00,Cui,Super 2,Full-Power Energy Wave Combo,,TRUE,30000,,6,40,Default move.
0370_00,Cui,Ultimate,Ah! Lord Frieza!,,TRUE,50000,,5,55,Default move.
0380_00,Captain Ginyu,Skill 1,SP Fighting Pose 5,,TRUE,,4,2,3,Default move.
0380_00,Captain Ginyu,Skill 2,Dangerous Shock,,TRUE,,1,1,3,Default move.
0380_00,Captain Ginyu,Super 1,Full-Power Energy Wave,,TRUE,30000,,4,38,Default move.
0380_00,Captain Ginyu,Super 2,Galaxy Dynamite,,TRUE,30000,,6,40,Default move.
0380_00,Captain Ginyu,Ultimate,Body Change,,TRUE,50000,,6,55,Default move.
0390_00,Recoome,Skill 1,False Courage,,TRUE,,,1,3,Default move.
0390_00,Recoome,Skill 2,SP Fighting Pose 1,,TRUE,,4,1,3,Default move.
0390_00,Recoome,Super 1,Recoome Eraser Gun,,TRUE,30000,,4,38,Default move.
0390_00,Recoome,Super 2,Recoome Grenade Bomber,,TRUE,30000,,6,40,Default move.
0390_00,Recoome,Ultimate,Recoome Fighting Bomber,,TRUE,50000,,5,55,Default move.
0400_00,Burter,Skill 1,Afterimage,,TRUE,,,1,3,Default move.
0400_00,Burter,Skill 2,SP Fighting Pose 2,,TRUE,,4,1,3,Default move.
0400_00,Burter,Super 1,Full-Power Energy Ball,,TRUE,30000,,4,38,Default move.
0400_00,Burter,Super 2,Space Mach Attack,,TRUE,30000,,5,40,Default move.
0400_00,Burter,Ultimate,Purple Comet Attack,,TRUE,50000,,5,55,Default move.
0410_00,Jeice,Skill 1,Explosive Wave,,TRUE,,,2,3,Default move.
0410_00,Jeice,Skill 2,SP Fighting Pose 3,,TRUE,,4,1,3,Default move.
0410_00,Jeice,Super 1,Full-Power Energy Wave,,TRUE,30000,,4,38,Default move.
0410_00,Jeice,Super 2,Crusher Ball,,TRUE,30000,,6,40,Default move.
0410_00,Jeice,Ultimate,Purple Comet Attack,,TRUE,50000,,5,55,Default move.
0420_00,Guldo,Skill 1,Paralysis,,TRUE,,,2,3,Default move.
0420_00,Guldo,Skill 2,SP Fighting Pose 4,,TRUE,,4,1,3,Default move.
0420_00,Guldo,Super 1,Psychic Rock Throw,,TRUE,30000,,4,38,Default move.
0420_00,Guldo,Super 2,Full-Power Energy Blast Volley,,TRUE,30000,,6,40,Default move.
0420_00,Guldo,Ultimate,Guldo Special,,TRUE,50000,,6,55,Default move.
0430_00,King Cold,Skill 1,Explosive Wave,,TRUE,,,2,3,Default move.
0430_00,King Cold,Skill 2,King's Dignity,,TRUE,,,0,3,Default move.
0430_00,King Cold,Super 1,Full-Power Death Beam,,TRUE,20000,,4,38,Default move.
0430_00,King Cold,Super 2,Super Explosive Wave,,TRUE,40000,,6,40,Default move.
0430_00,King Cold,Ultimate,Power of the Cold Clan,,TRUE,50000,,5,55,Default move.
0440_00,Android 16,Skill 1,Explosive Wave,,TRUE,,,1,3,Default move.
0440_00,Android 16,Skill 2,Pump Up,,TRUE,,,0,3,Default move.
0440_00,Android 16,Super 1,Hell's Impact,,TRUE,30000,,4,38,Default move.
0440_00,Android 16,Super 2,Hell Flash,,TRUE,40000,,5,40,Default move.
0440_00,Android 16,Ultimate,Self Destruct Device,,TRUE,50000,,5,55,Default move.
0450_00,Android 17 (Z),Skill 1,Android Barrier,,TRUE,,,2,3,Default move.
0450_00,Android 17 (Z),Skill 2,Finish Sign,,TRUE,,,0,3,Default move.
0450_00,Android 17 (Z),Super 1,Full-Power Energy Ball,,TRUE,30000,,6,38,Default move.
0450_00,Android 17 (Z),Super 2,Photon Flash,,TRUE,30000,,6,40,Default move.
0450_00,Android 17 (Z),Ultimate,Sadistic Dance,,TRUE,50000,,5,55,Default move.
0450_00,Android 17 (Z),Ultimate,Hellish Combo,ULT2,FALSE,50000,,4,16,Mapped variant; check Costume Moves for outfit assignments.
0450_10,Android 17 (Super),Skill 1,Android Barrier,,TRUE,,,2,3,Default move.
0450_10,Android 17 (Super),Skill 2,Time to Get Serious,,TRUE,,4,1,3,Default move.
0450_10,Android 17 (Super),Super 1,High Power Blitz,,TRUE,30000,,4,38,Default move.
0450_10,Android 17 (Super),Super 2,Super Electric Strike,,TRUE,30000,,6,40,Default move.
0450_10,Android 17 (Super),Ultimate,Barrier Explosion,,TRUE,50000,,5,55,Default move.
0451_00,Super 17,Skill 1,Android Barrier,,TRUE,,,2,3,Default move.
0451_00,Super 17,Skill 2,Pump Up,,TRUE,,,0,3,Default move.
0451_00,Super 17,Super 1,Full-Power Energy Wave,,TRUE,30000,,4,38,Default move.
0451_00,Super 17,Super 2,Flash Bomber,,TRUE,30000,,4,40,Default move.
0451_00,Super 17,Ultimate,Electro Eclipse Bomb,,TRUE,50000,,5,55,Default move.
0460_00,Android 18,Skill 1,Android Barrier,,TRUE,,3,2,3,Default move.
0460_00,Android 18,Skill 2,Super Unyielding Spirit,,TRUE,,4,0,3,Default move.
0460_00,Android 18,Super 1,Infinity Bullet,,TRUE,20000,,4,38,Default move.
0460_00,Android 18,Super 2,Energy Wave,,TRUE,30000,,4,40,Default move.
0460_00,Android 18,Ultimate,Sadistic 18,,TRUE,50000,,5,55,Default move.
0460_00,Android 18,Super 2,Chain Destructo Disc,SPM3,FALSE,30000,,3,18,Mapped variant; check Costume Moves for outfit assignments.
0470_00,Android 19,Skill 1,False Courage,,TRUE,,,0,3,Default move.
0470_00,Android 19,Skill 2,Pump Up,,TRUE,,,0,3,Default move.
0470_00,Android 19,Super 1,Full-Power Energy Wave,,TRUE,30000,,4,38,Default move.
0470_00,Android 19,Super 2,High Power Rush,,TRUE,30000,,5,40,Default move.
0470_00,Android 19,Ultimate,Drain Life 19,,TRUE,50000,,6,55,Default move.
0480_00,Dr. Gero,Skill 1,False Courage,,TRUE,,,1,3,Default move.
0480_00,Dr. Gero,Skill 2,Finish Sign,,TRUE,,,0,3,Default move.
0480_00,Dr. Gero,Super 1,Full-Power Energy Wave,,TRUE,30000,,4,38,Default move.
0480_00,Dr. Gero,Super 2,Bionic Punisher,,TRUE,30000,,7,40,Default move.
0480_00,Dr. Gero,Ultimate,Drain Life 20,,TRUE,50000,,6,55,Default move.
0490_00,Babidi,Skill 1,Demon Eye,,TRUE,,,2,3,Default move.
0490_00,Babidi,Skill 2,Wizard Barrier,,TRUE,,,1,3,Default move.
0490_00,Babidi,Super 1,Pui Pui Nice Shot,,TRUE,30000,,5,38,Default move.
0490_00,Babidi,Super 2,Ultimate Explosive Power,,TRUE,40000,,3,40,Default move.
0490_00,Babidi,Ultimate,Super Electroshock Sorcery,,TRUE,50000,,6,55,Default move.
0500_00,Dabura,Skill 1,Evil Breath,,TRUE,,1,1,3,Default move.
0500_00,Dabura,Skill 2,Afterimage Strike,,TRUE,,3,0,3,Default move.
0500_00,Dabura,Super 1,Evil Impulse,,TRUE,30000,,4,38,Default move.
0500_00,Dabura,Super 2,Evil Flame,,TRUE,30000,,4,40,Default move.
0500_00,Dabura,Ultimate,Dark Sword Strike,,TRUE,50000,,5,55,Default move.
0510_00,King Vegeta,Skill 1,Explosive Wave,,TRUE,,,2,3,Default move.
0510_00,King Vegeta,Skill 2,King of Saiyans,,TRUE,,,1,3,Default move.
0510_00,King Vegeta,Super 1,Execution Beam,,TRUE,30000,,4,38,Default move.
0510_00,King Vegeta,Super 2,Super Energy Wave Combo,,TRUE,30000,,6,40,Default move.
0510_00,King Vegeta,Ultimate,Orga Blaster,,TRUE,50000,,5,55,Default move.
0540_00,Frieza Force Soldier,Skill 1,Full-Power Charge,,TRUE,,,1,3,Default move.
0540_00,Frieza Force Soldier,Skill 2,Sleep,,TRUE,,4,0,3,Default move.
0540_00,Frieza Force Soldier,Super 1,Energy Wave,,TRUE,20000,,4,38,Default move.
0540_00,Frieza Force Soldier,Super 2,Full-Power Energy Wave,,TRUE,30000,,6,40,Default move.
0540_00,Frieza Force Soldier,Ultimate,Life-Risking Blow!,,TRUE,50000,,4,55,Default move.
0550_00,Broly (Z),Skill 1,Wild Sense,,TRUE,,,1,3,Default move.
0550_00,Broly (Z),Skill 2,Kakarottt!,,TRUE,,4,1,3,Default move.
0550_00,Broly (Z),Super 1,Full-Power Energy Wave,,TRUE,30000,,4,38,Default move.
0550_00,Broly (Z),Super 2,High Speed Rush,,TRUE,30000,,5,40,Default move.
0550_00,Broly (Z),Ultimate,Super Explosive Wave,,TRUE,50000,,6,55,Default move.
0551_00,"Broly (Z), Super Saiyan",Skill 1,Saiyan Spirit,,TRUE,,,1,3,Default move.
0551_00,"Broly (Z), Super Saiyan",Skill 2,Kakarottt!,,TRUE,,4,1,3,Default move.
0551_00,"Broly (Z), Super Saiyan",Super 1,Bloody Smash,,TRUE,30000,,5,38,Default move.
0551_00,"Broly (Z), Super Saiyan",Super 2,Trap Shooter,,TRUE,20000,,3,40,Default move.
0551_00,"Broly (Z), Super Saiyan",Ultimate,Eraser Cannon,,TRUE,50000,,6,55,Default move.
0552_00,"Broly (Z), Legendary Super Saiyan",Skill 1,Explosive Wave,,TRUE,,,2,3,Default move.
0552_00,"Broly (Z), Legendary Super Saiyan",Skill 2,Kakarottt!,,TRUE,,4,2,3,Default move.
0552_00,"Broly (Z), Legendary Super Saiyan",Super 1,Eraser Cannon,,TRUE,30000,,4,38,Default move.
0552_00,"Broly (Z), Legendary Super Saiyan",Super 2,Gigantic Hammer,,TRUE,40000,,5,40,Default move.
0552_00,"Broly (Z), Legendary Super Saiyan",Ultimate,Omega Blaster,,TRUE,50000,,6,55,Default move.
0553_00,Broly (Super),Skill 1,Full-Power Charge,,TRUE,,,0,3,Default move.
0553_00,Broly (Super),Skill 2,Going Berserk,,TRUE,,4,1,3,Default move.
0553_00,Broly (Super),Super 1,Full-Power Energy Wave,,TRUE,30000,,5,38,Default move.
0553_00,Broly (Super),Super 2,Gigantic Crash,,TRUE,40000,,6,40,Default move.
0553_00,Broly (Super),Ultimate,Gigantic Impact,,TRUE,50000,,7,55,Default move.
0554_00,"Broly (Super), Super Saiyan",Skill 1,Saiyan Spirit,,TRUE,,,1,3,Default move.
0554_00,"Broly (Super), Super Saiyan",Skill 2,Howl,,TRUE,,4,0,3,Default move.
0554_00,"Broly (Super), Super Saiyan",Super 1,Gigantic Cannon,,TRUE,30000,,4,38,Default move.
0554_00,"Broly (Super), Super Saiyan",Super 2,Gigantic Rage,,TRUE,30000,,5,40,Default move.
0554_00,"Broly (Super), Super Saiyan",Ultimate,Gigantic Ball,,TRUE,50000,,6,55,Default move.
0555_00,"Broly (Super), Super Saiyan (Full Power)",Skill 1,Wild Move,,TRUE,,,0,3,Default move.
0555_00,"Broly (Super), Super Saiyan (Full Power)",Skill 2,Untamed Instinct,,TRUE,,4,1,3,Default move.
0555_00,"Broly (Super), Super Saiyan (Full Power)",Super 1,Gigantic Cannon,,TRUE,30000,,4,38,Default move.
0555_00,"Broly (Super), Super Saiyan (Full Power)",Super 2,Blaster Meteor,,TRUE,40000,,7,40,Default move.
0555_00,"Broly (Super), Super Saiyan (Full Power)",Ultimate,Gigantic Catastrophe,,TRUE,50000,,6,55,Default move.
0561_00,Super Garlic Jr.,Skill 1,Sealing Paralyze Beam,,TRUE,,,2,3,Default move.
0561_00,Super Garlic Jr.,Skill 2,Makyo Star,,TRUE,,3,0,3,Default move.
0561_00,Super Garlic Jr.,Super 1,Death Impact,,TRUE,30000,,4,38,Default move.
0561_00,Super Garlic Jr.,Super 2,Darkness Illusion,,TRUE,40000,,5,40,Default move.
0561_00,Super Garlic Jr.,Ultimate,Dead Zone,,TRUE,50000,,5,55,Default move.
0570_00,Dr. Wheelo,Skill 1,Barrier,,TRUE,,3,1,3,Default move.
0570_00,Dr. Wheelo,Skill 2,Full Power,,TRUE,,4,1,3,Default move.
0570_00,Dr. Wheelo,Super 1,Photon Strike,,TRUE,30000,,5,38,Default move.
0570_00,Dr. Wheelo,Super 2,Gigantic Bomber,,TRUE,40000,,4,40,Default move.
0570_00,Dr. Wheelo,Ultimate,Planet Geyser,,TRUE,50000,,8,55,Default move.
0580_00,Turles,Skill 1,Explosive Wave,,TRUE,,,2,3,Default move.
0580_00,Turles,Skill 2,Fruit of the Tree of Might,,TRUE,,,0,3,Default move.
0580_00,Turles,Super 1,Kill Driver,,TRUE,30000,,4,38,Default move.
0580_00,Turles,Super 2,Full-Power Energy Wave Combo,,TRUE,30000,,6,40,Default move.
0580_00,Turles,Ultimate,Meteor Burst,,TRUE,50000,,5,55,Default move.
0590_00,Lord Slug,Skill 1,Explosive Wave,,TRUE,,,2,3,Default move.
0590_00,Lord Slug,Skill 2,High-Tension,,TRUE,,,1,3,Default move.
0590_00,Lord Slug,Super 1,Finger Beam,,TRUE,20000,,4,38,Default move.
0590_00,Lord Slug,Super 2,Darkness Eye Beam,,TRUE,30000,,7,40,Default move.
0590_00,Lord Slug,Ultimate,Power of Darkness,,TRUE,50000,,5,55,Default move.
0591_00,"Lord Slug, Giant Form",Skill 1,Explosive Wave,,TRUE,,,2,3,Default move.
0591_00,"Lord Slug, Giant Form",Skill 2,Pump Up,,TRUE,,,0,3,Default move.
0591_00,"Lord Slug, Giant Form",Super 1,Darkness Eye Beam,,TRUE,30000,,4,38,Default move.
0591_00,"Lord Slug, Giant Form",Super 2,Super Explosive Wave,,TRUE,40000,,7,40,Default move.
0591_00,"Lord Slug, Giant Form",Ultimate,Darkness Blaster,,TRUE,50000,,6,55,Default move.
0600_00,Cooler,Skill 1,Psychokinesis,,TRUE,,,2,3,Default move.
0600_00,Cooler,Skill 2,Afterimage,,TRUE,,,1,3,Default move.
0600_00,Cooler,Super 1,Full-Power Energy Wave,,TRUE,30000,,4,38,Default move.
0600_00,Cooler,Super 2,Darkness Eye Beam,,TRUE,20000,,7,40,Default move.
0600_00,Cooler,Ultimate,Death Ball,,TRUE,50000,,6,55,Default move.
0600_10,Metal Cooler,Skill 1,Instant Transmission,,TRUE,,,2,3,Default move.
0600_10,Metal Cooler,Skill 2,Regeneration,,TRUE,,4,1,3,Default move.
0600_10,Metal Cooler,Super 1,Lock-On Buster,,TRUE,40000,,4,38,Default move.
0600_10,Metal Cooler,Super 2,Finger Blitz Barrage,,TRUE,20000,,6,40,Default move.
0600_10,Metal Cooler,Ultimate,Supernova,,TRUE,50000,,6,55,Default move.
0601_00,"Cooler, Final Form",Skill 1,Psychokinesis,,TRUE,,,2,3,Default move.
0601_00,"Cooler, Final Form",Skill 2,Psycho Barrier,,TRUE,,3,1,3,Default move.
0601_00,"Cooler, Final Form",Super 1,Death Beam,,TRUE,20000,,4,38,Default move.
0601_00,"Cooler, Final Form",Super 2,Death Chaser,,TRUE,30000,,5,40,Default move.
0601_00,"Cooler, Final Form",Ultimate,Supernova,,TRUE,50000,,5,55,Default move.
0610_00,Salza,Skill 1,Explosive Wave,,TRUE,,,1,3,Default move.
0610_00,Salza,Skill 2,Finish Sign,,TRUE,,,0,3,Default move.
0610_00,Salza,Super 1,Full-Power Energy Wave,,TRUE,30000,,4,38,Default move.
0610_00,Salza,Super 2,Spread Finger Beam,,TRUE,20000,,6,40,Default move.
0610_00,Salza,Ultimate,Salza Blade Rush,,TRUE,50000,,5,55,Default move.
0620_00,Android 13,Skill 1,Wild Sense,,TRUE,,,1,3,Default move.
0620_00,Android 13,Skill 2,High-Tension,,TRUE,,,0,3,Default move.
0620_00,Android 13,Super 1,Full-Power Energy Wave,,TRUE,30000,,4,38,Default move.
0620_00,Android 13,Super 2,Silent Assassin 13,,TRUE,30000,,5,40,Default move.
0620_00,Android 13,Ultimate,S.S. Deadly Bomber,,TRUE,50000,,6,55,Default move.
0621_00,Fusion Android 13,Skill 1,Android Barrier,,TRUE,,3,2,3,Default move.
0621_00,Fusion Android 13,Skill 2,Pump Up,,TRUE,,,0,3,Default move.
0621_00,Fusion Android 13,Super 1,S.S. Deadly Bomber,,TRUE,30000,,4,38,Default move.
0621_00,Fusion Android 13,Super 2,Super Explosive Wave,,TRUE,40000,,6,40,Default move.
0621_00,Fusion Android 13,Ultimate,S.S. Deadly Hammer,,TRUE,50000,,5,55,Default move.
0630_00,Bojack,Skill 1,Psycho Barrier,,TRUE,,3,2,3,Default move.
0630_00,Bojack,Skill 2,Full Power,,TRUE,,4,1,3,Default move.
0630_00,Bojack,Super 1,Full-Power Energy Ball,,TRUE,30000,,4,38,Default move.
0630_00,Bojack,Super 2,Trap Shooter,,TRUE,20000,,6,40,Default move.
0630_00,Bojack,Ultimate,Grand Smasher,,TRUE,50000,,6,55,Default move.
0631_00,Full-Power Bojack,Skill 1,Psycho Barrier,,TRUE,,3,2,3,Default move.
0631_00,Full-Power Bojack,Skill 2,Pump Up,,TRUE,,,0,3,Default move.
0631_00,Full-Power Bojack,Super 1,Grand Smasher,,TRUE,30000,,4,38,Default move.
0631_00,Full-Power Bojack,Super 2,Galactic Tyrant,,TRUE,30000,,5,40,Default move.
0631_00,Full-Power Bojack,Ultimate,Galactic Buster,,TRUE,50000,,6,55,Default move.
0640_00,Zangya,Skill 1,Psycho Thread,,TRUE,,,2,3,Default move.
0640_00,Zangya,Skill 2,Wild Sense,,TRUE,,,0,3,Default move.
0640_00,Zangya,Super 1,Shoot Blaster,,TRUE,30000,,4,38,Default move.
0640_00,Zangya,Super 2,Trap Shooter,,TRUE,20000,,6,40,Default move.
0640_00,Zangya,Ultimate,Sky Zapper,,TRUE,50000,,5,55,Default move.
0650_00,Janemba,Skill 1,Mystic Breath,,TRUE,,1,1,3,Default move.
0650_00,Janemba,Skill 2,Howl,,TRUE,,4,0,3,Default move.
0650_00,Janemba,Super 1,Chou Makouhou,,TRUE,30000,,4,38,Default move.
0650_00,Janemba,Super 2,Rapid Cannon,,TRUE,30000,,4,40,Default move.
0650_00,Janemba,Ultimate,Illusion Smash,,TRUE,50000,,5,55,Default move.
0651_00,Super Janemba,Skill 1,Mystic Breath,,TRUE,,1,2,3,Default move.
0651_00,Super Janemba,Skill 2,Dimension Shift,,TRUE,,,0,3,Default move.
0651_00,Super Janemba,Super 1,Evil Cannon,,TRUE,30000,,4,38,Default move.
0651_00,Super Janemba,Super 2,Lightning Shower Rain,,TRUE,30000,,6,40,Default move.
0651_00,Super Janemba,Ultimate,Dimension Sword Attack,,TRUE,50000,,5,55,Default move.
0660_00,Tapion,Skill 1,Hero's Flute,,TRUE,,,2,3,Default move.
0660_00,Tapion,Skill 2,Afterimage,,TRUE,,,0,3,Default move.
0660_00,Tapion,Super 1,Brave Cannon,,TRUE,30000,,4,38,Default move.
0660_00,Tapion,Super 2,Brave Slash,,TRUE,30000,,6,40,Default move.
0660_00,Tapion,Ultimate,Brave Sword Attack,,TRUE,50000,,6,55,Default move.
0670_00,Hirudegarn,Skill 1,Explosive Wave,,TRUE,,,2,3,Default move.
0670_00,Hirudegarn,Skill 2,Dark Eyes,,TRUE,,,0,3,Default move.
0670_00,Hirudegarn,Super 1,Chou Makousen,,TRUE,20000,,4,38,Default move.
0670_00,Hirudegarn,Super 2,Super Explosive Wave,,TRUE,40000,,5,40,Default move.
0670_00,Hirudegarn,Ultimate,Gigantic Flame,,TRUE,50000,,6,55,Default move.
0680_00,Baby Vegeta (GT),Skill 1,Explosive Wave,,TRUE,,,2,3,Default move.
0680_00,Baby Vegeta (GT),Skill 2,High-Tension,,TRUE,,,1,3,Default move.
0680_00,Baby Vegeta (GT),Super 1,Galick Gun,,TRUE,30000,,4,38,Default move.
0680_00,Baby Vegeta (GT),Super 2,Finger Blitz Barrage,,TRUE,20000,,6,40,Default move.
0680_00,Baby Vegeta (GT),Ultimate,Final Flash,,TRUE,50000,,6,55,Default move.
0680_01,Super Baby 1 (GT),Skill 1,Afterimage,,TRUE,,,1,3,Default move.
0680_01,Super Baby 1 (GT),Skill 2,High-Tension,,TRUE,,,0,3,Default move.
0680_01,Super Baby 1 (GT),Super 1,Galick Gun,,TRUE,30000,,4,38,Default move.
0680_01,Super Baby 1 (GT),Super 2,Tuffle Revenger,,TRUE,30000,,5,40,Default move.
0680_01,Super Baby 1 (GT),Ultimate,Final Flash,,TRUE,50000,,6,55,Default move.
0680_02,Super Baby 2 (GT),Skill 1,Explosive Wave,,TRUE,,,2,3,Default move.
0680_02,Super Baby 2 (GT),Skill 2,Full Power,,TRUE,,4,1,3,Default move.
0680_02,Super Baby 2 (GT),Super 1,Final Flash,,TRUE,30000,,4,38,Default move.
0680_02,Super Baby 2 (GT),Super 2,Revenge Cutter,,TRUE,30000,,6,40,Default move.
0680_02,Super Baby 2 (GT),Ultimate,Revenge Death Ball,,TRUE,50000,,6,55,Default move.
0681_00,Great Ape Baby (GT),Skill 1,Explosive Wave,,TRUE,,,2,3,Default move.
0681_00,Great Ape Baby (GT),Skill 2,Howl,,TRUE,,4,1,3,Default move.
0681_00,Great Ape Baby (GT),Super 1,Super Galick Gun,,TRUE,30000,,4,38,Default move.
0681_00,Great Ape Baby (GT),Super 2,Gigantic Flame,,TRUE,30000,,6,40,Default move.
0681_00,Great Ape Baby (GT),Ultimate,Revenge Death Ball Final,,TRUE,50000,,6,55,Default move.
0690_00,Nuova Shenron (GT),Skill 1,Instant Transmission,,TRUE,,,1,3,Default move.
0690_00,Nuova Shenron (GT),Skill 2,Explosive Wave,,TRUE,,,1,3,Default move.
0690_00,Nuova Shenron (GT),Super 1,Burst Attack,,TRUE,30000,,4,38,Default move.
0690_00,Nuova Shenron (GT),Super 2,Burning Tornado,,TRUE,40000,,4,40,Default move.
0690_00,Nuova Shenron (GT),Ultimate,Blaster Meteor,,TRUE,50000,,5,55,Default move.
0700_00,Syn Shenron (GT),Skill 1,Explosive Wave,,TRUE,,,2,3,Default move.
0700_00,Syn Shenron (GT),Skill 2,Mystic Breath,,TRUE,,1,1,3,Default move.
0700_00,Syn Shenron (GT),Super 1,Trap Shooter,,TRUE,20000,,4,38,Default move.
0700_00,Syn Shenron (GT),Super 2,Blazing Storm,,TRUE,20000,,7,40,Default move.
0700_00,Syn Shenron (GT),Ultimate,Gigantic Blaze,,TRUE,50000,,6,55,Default move.
0700_01,Omega Shenron (GT),Skill 1,Wild Sense,,TRUE,,,2,3,Default move.
0700_01,Omega Shenron (GT),Skill 2,Power Up to the Very Limit,,TRUE,,4,0,3,Default move.
0700_01,Omega Shenron (GT),Super 1,Gigantic Blaze,,TRUE,40000,,5,38,Default move.
0700_01,Omega Shenron (GT),Super 2,Dragon Thunder,,TRUE,30000,,5,40,Default move.
0700_01,Omega Shenron (GT),Ultimate,Minus Energy Power Ball,,TRUE,50000,,6,55,Default move.
0710_00,Mercenary Tao,Skill 1,False Courage,,TRUE,,,2,3,Default move.
0710_00,Mercenary Tao,Skill 2,Wild Sense,,TRUE,,,1,3,Default move.
0710_00,Mercenary Tao,Super 1,Original Dodon Ray,,TRUE,20000,,4,38,Default move.
0710_00,Mercenary Tao,Super 2,Crane Style Assassin Strike,,TRUE,30000,,5,40,Default move.
0710_00,Mercenary Tao,Ultimate,Ultimate Final Strategy,,TRUE,50000,,5,55,Default move.
0720_00,General Blue,Skill 1,Telekinesis,,TRUE,,,2,3,Default move.
0720_00,General Blue,Skill 2,I'm the Worst!,,TRUE,,,0,3,Default move.
0720_00,General Blue,Super 1,I'll Shoot You!,,TRUE,20000,,4,38,Default move.
0720_00,General Blue,Super 2,Skewer!,,TRUE,40000,,6,40,Default move.
0720_00,General Blue,Ultimate,Rocket Engine Spark,,TRUE,50000,,5,55,Default move.
0730_00,Spike the Devil Man,Skill 1,Paralyze Beam,,TRUE,,,2,3,Default move.
0730_00,Spike the Devil Man,Skill 2,False Courage,,TRUE,,,1,3,Default move.
0730_00,Spike the Devil Man,Super 1,Fork Attack,,TRUE,20000,,4,38,Default move.
0730_00,Spike the Devil Man,Super 2,Demon Fork Rush,,TRUE,30000,,5,40,Default move.
0730_00,Spike the Devil Man,Ultimate,Devilmite Beam,,TRUE,50000,,6,55,Default move.
0760_00,Spopovich,Skill 1,A Servant's Latent Power,,TRUE,,1,0,3,Default move.
0760_00,Spopovich,Skill 2,Berserker,,TRUE,,,0,3,Default move.
0760_00,Spopovich,Super 1,Berserker Crash,,TRUE,40000,,4,38,Default move.
0760_00,Spopovich,Super 2,Mad Banquet,,TRUE,30000,,5,40,Default move.
0760_00,Spopovich,Ultimate,Majin Buu Resurrection,,TRUE,50000,,5,55,Default move.
0780_00,Beerus,Skill 1,Sleep,,TRUE,,4,1,3,Default move.
0780_00,Beerus,Skill 2,Verdict of Destruction,,TRUE,,4,0,3,Default move.
0780_00,Beerus,Super 1,Sphere of Destruction,,TRUE,30000,,4,38,Default move.
0780_00,Beerus,Super 2,Hakai Headshot,,TRUE,30000,,5,40,Default move.
0780_00,Beerus,Ultimate,Super Sphere of Destruction,,TRUE,50000,,6,55,Default move.
0790_00,Whis,Skill 1,Barrier,,TRUE,,3,2,3,Default move.
0790_00,Whis,Skill 2,Snack Time,,TRUE,,4,1,3,Default move.
0790_00,Whis,Super 1,Prelude to Destruction,,TRUE,30000,,4,38,Default move.
0790_00,Whis,Super 2,Symphonic Destruction,,TRUE,20000,,9,40,Default move.
0790_00,Whis,Ultimate,Epilogue to Destruction,,TRUE,50000,,5,55,Default move.
0800_00,Goku Black,Skill 1,Wild Sense,,TRUE,,,0,3,Default move.
0800_00,Goku Black,Skill 2,Finish Sign,,TRUE,,,0,3,Default move.
0800_00,Goku Black,Super 1,Black Power Ball,,TRUE,30000,,4,38,Default move.
0800_00,Goku Black,Super 2,Black Bind,,TRUE,40000,,5,40,Default move.
0800_00,Goku Black,Ultimate,Black Kamehameha,,TRUE,50000,,5,55,Default move.
0800_01,"Goku Black, Super Saiyan Rosé",Skill 1,Instant Transmission,,TRUE,,,1,3,Default move.
0800_01,"Goku Black, Super Saiyan Rosé",Skill 2,Audacious Laugh,,TRUE,,4,0,3,Default move.
0800_01,"Goku Black, Super Saiyan Rosé",Super 1,Black Kamehameha,,TRUE,30000,,4,38,Default move.
0800_01,"Goku Black, Super Saiyan Rosé",Super 2,Godly Display Slash,,TRUE,30000,,5,40,Default move.
0800_01,"Goku Black, Super Saiyan Rosé",Ultimate,Godly Black Kamehameha,,TRUE,50000,,5,55,Default move.
0810_00,Zamasu,Skill 1,Immortal Body,,TRUE,,4,1,3,Default move.
0810_00,Zamasu,Skill 2,Afterimage Strike,,TRUE,,3,0,3,Default move.
0810_00,Zamasu,Super 1,Divine Steel Blast,,TRUE,30000,,4,38,Default move.
0810_00,Zamasu,Super 2,God Slicer,,TRUE,30000,,5,40,Default move.
0810_00,Zamasu,Ultimate,Holy Light Grenade,,TRUE,50000,,6,55,Default move.
0810_01,Fused Zamasu,Skill 1,Immortal Body,,TRUE,,4,2,3,Default move.
0810_01,Fused Zamasu,Skill 2,This is True Justice!,,TRUE,,4,2,3,Default move.
0810_01,Fused Zamasu,Super 1,Holy Wrath,,TRUE,30000,,4,38,Default move.
0810_01,Fused Zamasu,Super 2,Blades of Judgment,,TRUE,30000,,6,40,Default move.
0810_01,Fused Zamasu,Ultimate,Lightning of Absolution,,TRUE,50000,,5,55,Default move.
0811_00,"Fused Zamasu, Half-Corrupted",Skill 1,Explosive Wave,,TRUE,,,2,3,Default move.
0811_00,"Fused Zamasu, Half-Corrupted",Skill 2,Light of Justice,,TRUE,,,1,3,Default move.
0811_00,"Fused Zamasu, Half-Corrupted",Super 1,Mark of Condemnation,,TRUE,30000,,4,38,Default move.
0811_00,"Fused Zamasu, Half-Corrupted",Super 2,Violent Fierce God Slicer,,TRUE,30000,,5,40,Default move.
0811_00,"Fused Zamasu, Half-Corrupted",Ultimate,Divine Hammer,,TRUE,50000,,5,55,Default move.
0820_00,Demon King Piccolo,Skill 1,Paralyze Beam,,TRUE,,,2,3,Default move.
0820_00,Demon King Piccolo,Skill 2,Full Power,,TRUE,,4,2,3,Default move.
0820_00,Demon King Piccolo,Super 1,Soumasen,,TRUE,20000,,4,38,Default move.
0820_00,Demon King Piccolo,Super 2,Explosive Evil Impact,,TRUE,30000,,7,40,Default move.
0820_00,Demon King Piccolo,Ultimate,Explosive Demon Wave,,TRUE,50000,,6,55,Default move.
0830_00,Jaco,Skill 1,Elite Flash,,TRUE,,,1,3,Default move.
0830_00,Jaco,Skill 2,Elite Pose,,TRUE,,4,0,3,Default move.
0830_00,Jaco,Super 1,Elite Beam,,TRUE,20000,,4,38,Default move.
0830_00,Jaco,Super 2,Elite Rush,,TRUE,30000,,5,40,Default move.
0830_00,Jaco,Ultimate,Super Elite Combo,,TRUE,50000,,5,55,Default move.
0870_00,Hit,Skill 1,Ki Clone,,TRUE,,,0,3,Default move.
0870_00,Hit,Skill 2,Time Skip,,TRUE,,,0,3,Default move.
0870_00,Hit,Super 1,Assassin's Art,,TRUE,30000,,4,38,Default move.
0870_00,Hit,Super 2,Time Skip/Jump Spike,,TRUE,40000,,5,40,Default move.
0870_00,Hit,Ultimate,Time Prison,,TRUE,50000,,5,55,Default move.
0881_00,Frost,Skill 1,Explosive Wave,,TRUE,,,2,3,Default move.
0881_00,Frost,Skill 2,Welcome to My World,,TRUE,,4,0,3,Default move.
0881_00,Frost,Super 1,Chaos Beam,,TRUE,30000,,4,38,Default move.
0881_00,Frost,Super 2,Secret Poison,,TRUE,30000,,5,40,Default move.
0881_00,Frost,Ultimate,Chaos Ball,,TRUE,50000,,6,55,Default move.
0890_00,Cabba,Skill 1,Explosive Wave,,TRUE,,,2,3,Default move.
0890_00,Cabba,Skill 2,Full Power,,TRUE,,4,1,3,Default move.
0890_00,Cabba,Super 1,Galick Cannon,,TRUE,30000,,4,38,Default move.
0890_00,Cabba,Super 2,High Speed Rush,,TRUE,30000,,5,40,Default move.
0890_00,Cabba,Ultimate,Galick Rage,,TRUE,50000,,5,55,Default move.
0890_01,"Cabba, Super Saiyan",Skill 1,Explosive Wave,,TRUE,,,2,3,Default move.
0890_01,"Cabba, Super Saiyan",Skill 2,Wild Sense,,TRUE,,,1,3,Default move.
0890_01,"Cabba, Super Saiyan",Super 1,Galick Rain,,TRUE,30000,,4,38,Default move.
0890_01,"Cabba, Super Saiyan",Super 2,Galick Rage,,TRUE,30000,,5,40,Default move.
0890_01,"Cabba, Super Saiyan",Ultimate,Super Galick Cannon,,TRUE,50000,,6,55,Default move.
0890_02,"Cabba, Super Saiyan 2",Skill 1,Explosive Wave,,TRUE,,,2,3,Default move.
0890_02,"Cabba, Super Saiyan 2",Skill 2,Growth,,TRUE,,4,2,3,Default move.
0890_02,"Cabba, Super Saiyan 2",Super 1,Super Galick Cannon,,TRUE,30000,,4,38,Default move.
0890_02,"Cabba, Super Saiyan 2",Super 2,Galick Rain,,TRUE,30000,,6,40,Default move.
0890_02,"Cabba, Super Saiyan 2",Ultimate,Final Stream,,TRUE,50000,,6,55,Default move.
0900_00,Caulifla,Skill 1,False Courage,,TRUE,,,2,3,Default move.
0900_00,Caulifla,Skill 2,Wild Sense,,TRUE,,,0,3,Default move.
0900_00,Caulifla,Super 1,Full-Power Energy Wave,,TRUE,30000,,4,38,Default move.
0900_00,Caulifla,Super 2,Super Explosive Wave,,TRUE,40000,,6,40,Default move.
0900_00,Caulifla,Ultimate,Crush Cannon,,TRUE,50000,,6,55,Default move.
0900_02,"Caulifla, Super Saiyan 2",Skill 1,Wild Sense,,TRUE,,,2,3,Default move.
0900_02,"Caulifla, Super Saiyan 2",Skill 2,Full Power,,TRUE,,4,2,3,Default move.
0900_02,"Caulifla, Super Saiyan 2",Super 1,Energy Blast,,TRUE,30000,,4,38,Default move.
0900_02,"Caulifla, Super Saiyan 2",Super 2,High Power Rush,,TRUE,30000,,5,40,Default move.
0900_02,"Caulifla, Super Saiyan 2",Ultimate,Limit Break Blaster,,TRUE,50000,,6,55,Default move.
0910_00,Kale,Skill 1,Full-Power Charge,,TRUE,,,0,3,Default move.
0910_00,Kale,Skill 2,Going Berserk,,TRUE,,4,1,3,Default move.
0910_00,Kale,Super 1,Resistance Cannon,,TRUE,30000,,4,38,Default move.
0910_00,Kale,Super 2,Full-Power Energy Blast Volley,,TRUE,30000,,4,40,Default move.
0910_00,Kale,Ultimate,Resistance Blast,,TRUE,50000,,6,55,Default move.
0911_00,"Kale, Super Saiyan (Berserk)",Skill 1,Cry of Rage,,TRUE,,,2,3,Default move.
0911_00,"Kale, Super Saiyan (Berserk)",Skill 2,Berserk Rage,,TRUE,,4,2,3,Default move.
0911_00,"Kale, Super Saiyan (Berserk)",Super 1,Gigantic Impact,,TRUE,30000,,4,38,Default move.
0911_00,"Kale, Super Saiyan (Berserk)",Super 2,Gigantic Throw,,TRUE,30000,,5,40,Default move.
0911_00,"Kale, Super Saiyan (Berserk)",Ultimate,Berserk Blaster,,TRUE,50000,,6,55,Default move.
0912_00,"Kale, Super Saiyan",Skill 1,Wild Sense,,TRUE,,,2,3,Default move.
0912_00,"Kale, Super Saiyan",Skill 2,Saiyan Spirit,,TRUE,,,0,3,Default move.
0912_00,"Kale, Super Saiyan",Super 1,Resistance Blast,,TRUE,30000,,4,38,Default move.
0912_00,"Kale, Super Saiyan",Super 2,Super Explosive Wave,,TRUE,40000,,6,40,Default move.
0912_00,"Kale, Super Saiyan",Ultimate,Limit Break Blaster,,TRUE,50000,,6,55,Default move.
0920_00,Kefla,Skill 1,Wild Sense,,TRUE,,,2,3,Default move.
0920_00,Kefla,Skill 2,High-Tension,,TRUE,,,1,3,Default move.
0920_00,Kefla,Super 1,Blaster Ball,,TRUE,30000,,4,38,Default move.
0920_00,Kefla,Super 2,Gigantic Swing,,TRUE,30000,,5,40,Default move.
0920_00,Kefla,Ultimate,Gigantic Burn,,TRUE,50000,,6,55,Default move.
0920_01,"Kefla, Super Saiyan",Skill 1,False Courage,,TRUE,,,2,3,Default move.
0920_01,"Kefla, Super Saiyan",Skill 2,Finish Sign,,TRUE,,,1,3,Default move.
0920_01,"Kefla, Super Saiyan",Super 1,Blaster Ball,,TRUE,30000,,4,38,Default move.
0920_01,"Kefla, Super Saiyan",Super 2,Gigantic Claw,,TRUE,30000,,5,40,Default move.
0920_01,"Kefla, Super Saiyan",Ultimate,Hexa-Cannonball,,TRUE,50000,,9,55,Default move.
0920_02,"Kefla, Super Saiyan 2",Skill 1,Saiyan Spirit,,TRUE,,,2,3,Default move.
0920_02,"Kefla, Super Saiyan 2",Skill 2,I'm Number One!,,TRUE,,4,1,3,Default move.
0920_02,"Kefla, Super Saiyan 2",Super 1,Gigantic Ray,,TRUE,30000,,4,38,Default move.
0920_02,"Kefla, Super Saiyan 2",Super 2,Gigantic Breaker,,TRUE,30000,,5,40,Default move.
0920_02,"Kefla, Super Saiyan 2",Ultimate,Gigantic Burst,,TRUE,50000,,6,55,Default move.
0930_00,Jiren,Skill 1,Ki Pressure,,TRUE,,,2,3,Default move.
0930_00,Jiren,Skill 2,Meditation,,TRUE,,4,1,3,Default move.
0930_00,Jiren,Super 1,Power Impact,,TRUE,30000,,4,38,Default move.
0930_00,Jiren,Super 2,Infinity Rush,,TRUE,30000,,5,40,Default move.
0930_00,Jiren,Ultimate,Heat Break,,TRUE,50000,,5,55,Default move.
0931_00,"Jiren, Full Power",Skill 1,Ki Storm,,TRUE,,,2,3,Default move.
0931_00,"Jiren, Full Power",Skill 2,Strength is Absolute!,,TRUE,,4,1,3,Default move.
0931_00,"Jiren, Full Power",Super 1,Heatwave Magnetron,,TRUE,30000,,4,38,Default move.
0931_00,"Jiren, Full Power",Super 2,Overheating Blast,,TRUE,40000,,6,40,Default move.
0931_00,"Jiren, Full Power",Ultimate,Omegaheat Magnetron,,TRUE,50000,,6,55,Default move.
0940_00,Toppo,Skill 1,Justice!,,TRUE,,,0,3,Default move.
0940_00,Toppo,Skill 2,Pride Trooper Pose 1,,TRUE,,4,1,3,Default move.
0940_00,Toppo,Super 1,Justice Flash,,TRUE,20000,,4,38,Default move.
0940_00,Toppo,Super 2,Justice Tornado,,TRUE,30000,,5,40,Default move.
0940_00,Toppo,Ultimate,United Justice Stream,,TRUE,50000,,6,55,Default move.
0941_00,"Toppo, God of Destruction",Skill 1,Resolution,,TRUE,,,1,3,Default move.
0941_00,"Toppo, God of Destruction",Skill 2,Hakai Aura,,TRUE,,3,1,3,Default move.
0941_00,"Toppo, God of Destruction",Super 1,Destruction Flash,,TRUE,20000,,4,38,Default move.
0941_00,"Toppo, God of Destruction",Super 2,Sphere of Destruction,,TRUE,30000,,6,40,Default move.
0941_00,"Toppo, God of Destruction",Ultimate,Super Large Sphere of Destruction,,TRUE,50000,,6,55,Default move.
0950_00,Dyspo,Skill 1,Super Maximum Light Speed Mode,,TRUE,,,1,3,Default move.
0950_00,Dyspo,Skill 2,Pride Trooper Pose 2,,TRUE,,4,1,3,Default move.
0950_00,Dyspo,Super 1,Justice Crusher,,TRUE,30000,,4,38,Default move.
0950_00,Dyspo,Super 2,Justice Kick,,TRUE,30000,,5,40,Default move.
0950_00,Dyspo,Ultimate,United Justice Stream,,TRUE,50000,,5,55,Default move.
1000_00,Champa,Skill 1,Sleep,,TRUE,,4,2,3,Default move.
1000_00,Champa,Skill 2,Fury,,TRUE,,4,1,3,Default move.
1000_00,Champa,Super 1,Sphere of Destruction,,TRUE,30000,,4,38,Default move.
1000_00,Champa,Super 2,God of Destruction's Menace,,TRUE,40000,,6,40,Default move.
1000_00,Champa,Ultimate,Super Sphere of Destruction,,TRUE,50000,,6,55,Default move.
1190_00,Bergamo,Skill 1,Howl,,TRUE,,4,1,3,Default move.
1190_00,Bergamo,Skill 2,Come at Me!,,TRUE,,,0,3,Default move.
1190_00,Bergamo,Super 1,Wolfgang Penetrator,,TRUE,30000,,4,38,Default move.
1190_00,Bergamo,Super 2,Danger Knuckle,,TRUE,30000,,5,40,Default move.
1190_00,Bergamo,Ultimate,Triangle Danger Beam,,TRUE,50000,,5,55,Default move.
1321_00,Ribrianne,Skill 1,Light of Love,,TRUE,,,2,3,Default move.
1321_00,Ribrianne,Skill 2,Maiden's Fury,,TRUE,,4,1,3,Default move.
1321_00,Ribrianne,Super 1,Pretty Cannon,,TRUE,30000,,4,38,Default move.
1321_00,Ribrianne,Super 2,Maiden's Charge,,TRUE,40000,,4,40,Default move.
1321_00,Ribrianne,Ultimate,Infinite Love,,TRUE,50000,,5,55,Default move.
1331_00,Kakunsa,Skill 1,Wild Sense,,TRUE,,,1,3,Default move.
1331_00,Kakunsa,Skill 2,Maiden's Fury,,TRUE,,4,1,3,Default move.
1331_00,Kakunsa,Super 1,Primal Charge,,TRUE,40000,,4,38,Default move.
1331_00,Kakunsa,Super 2,Primal Instinct,,TRUE,30000,,5,40,Default move.
1331_00,Kakunsa,Ultimate,Love Symphony,,TRUE,50000,,6,55,Default move.
1341_00,Roasie,Skill 1,Full-Power Charge,,TRUE,,,1,3,Default move.
1341_00,Roasie,Skill 2,Maiden's Fury,,TRUE,,4,1,3,Default move.
1341_00,Roasie,Super 1,Yatchaina Fist,,TRUE,30000,,4,38,Default move.
1341_00,Roasie,Super 2,Full-Power Energy Blast Volley,,TRUE,30000,,6,40,Default move.
1341_00,Roasie,Ultimate,Love Symphony,,TRUE,50000,,6,55,Default move.
1500_00,Anilaza,Skill 1,Ultrasonic Sensor,,TRUE,,,2,3,Default move.
1500_00,Anilaza,Skill 2,Howl,,TRUE,,4,1,3,Default move.
1500_00,Anilaza,Super 1,Warp Punch,,TRUE,40000,,5,38,Default move.
1500_00,Anilaza,Super 2,Spread Energy Blast,,TRUE,30000,,12,40,Default move.
1500_00,Anilaza,Ultimate,Destruction Burst,,TRUE,50000,,6,55,Default move.
1960_00,Cheelai,Skill 1,Flash Blast,,TRUE,,,1,3,Default move.
1960_00,Cheelai,Skill 2,False Courage,,TRUE,,,0,3,Default move.
1960_00,Cheelai,Super 1,Energy Shot,,TRUE,20000,,4,38,Default move.
1960_00,Cheelai,Super 2,Surprise Attack,,TRUE,30000,,5,40,Default move.
1960_00,Cheelai,Ultimate,Survival Attack,,TRUE,50000,,5,55,Default move.
3000_00,Gohan (Super Hero),Skill 1,Afterimage,,TRUE,,,1,3,Default move.
3000_00,Gohan (Super Hero),Skill 2,Full-Power Charge,,TRUE,,,0,3,Default move.
3000_00,Gohan (Super Hero),Super 1,Masenko,,TRUE,30000,,4,38,Default move.
3000_00,Gohan (Super Hero),Super 2,High-Speed Rush,,TRUE,30000,,5,40,Default move.
3000_00,Gohan (Super Hero),Ultimate,Super Kamehameha,,TRUE,50000,,6,55,Default move.
3000_01,"Gohan (Super Hero), Super Saiyan",Skill 1,Explosive Wave,,TRUE,,,2,3,Default move.
3000_01,"Gohan (Super Hero), Super Saiyan",Skill 2,Full-Power Charge,,TRUE,,,0,3,Default move.
3000_01,"Gohan (Super Hero), Super Saiyan",Super 1,Explosive Ray,,TRUE,30000,,4,38,Default move.
3000_01,"Gohan (Super Hero), Super Saiyan",Super 2,Explosive Kick,,TRUE,30000,,5,40,Default move.
3000_01,"Gohan (Super Hero), Super Saiyan",Ultimate,Super Kamehameha,,TRUE,50000,,7,55,Default move.
3000_02,"Gohan (Super Hero), Ultimate Gohan",Skill 1,Wild Sense,,TRUE,,,1,3,Default move.
3000_02,"Gohan (Super Hero), Ultimate Gohan",Skill 2,The Power to Rise Again,,TRUE,,,0,3,Default move.
3000_02,"Gohan (Super Hero), Ultimate Gohan",Super 1,Explosive Bullet,,TRUE,30000,,4,38,Default move.
3000_02,"Gohan (Super Hero), Ultimate Gohan",Super 2,Super Explosive Rush,,TRUE,30000,,5,40,Default move.
3000_02,"Gohan (Super Hero), Ultimate Gohan",Ultimate,Explosive Onslaught,,TRUE,50000,,5,55,Default move.
3000_03,Gohan Beast,Skill 1,Beast Sense,,TRUE,,,2,3,Default move.
3000_03,Gohan Beast,Skill 2,Guess It's My Turn,,TRUE,,4,1,3,Default move.
3000_03,Gohan Beast,Super 1,Super Explosive Ray,,TRUE,30000,,4,38,Default move.
3000_03,Gohan Beast,Super 2,Explosive Flash,,TRUE,40000,,6,40,Default move.
3000_03,Gohan Beast,Ultimate,Special Beam Cannon,,TRUE,50000,,7,55,Default move.
3010_00,Piccolo (Super Hero),Skill 1,Wild Sense,,TRUE,,,0,3,Default move.
3010_00,Piccolo (Super Hero),Skill 2,False Courage,,TRUE,,,0,3,Default move.
3010_00,Piccolo (Super Hero),Super 1,Full Power Energy Blast Volley,,TRUE,30000,,4,38,Default move.
3010_00,Piccolo (Super Hero),Super 2,Full Power Rush,,TRUE,30000,,6,40,Default move.
3010_00,Piccolo (Super Hero),Ultimate,Light Grenade,,TRUE,50000,,5,55,Default move.
3010_01,"Piccolo (Super Hero), Power Awakening",Skill 1,Wild Sense,,TRUE,,,0,3,Default move.
3010_01,"Piccolo (Super Hero), Power Awakening",Skill 2,This Won't End the Same Way,,TRUE,,,0,3,Default move.
3010_01,"Piccolo (Super Hero), Power Awakening",Super 1,Explosive Ruin,,TRUE,30000,,4,38,Default move.
3010_01,"Piccolo (Super Hero), Power Awakening",Super 2,Chou Magougeki,,TRUE,30000,,5,40,Default move.
3010_01,"Piccolo (Super Hero), Power Awakening",Ultimate,Special Beam Cannon,,TRUE,50000,,5,55,Default move.
3011_00,Orange Piccolo,Skill 1,Pump Up,,TRUE,,,0,3,Default move.
3011_00,Orange Piccolo,Skill 2,That Shenron...,,TRUE,,4,0,3,Default move.
3011_00,Orange Piccolo,Super 1,Explosive Demon Wave,,TRUE,30000,,4,38,Default move.
3011_00,Orange Piccolo,Super 2,Fierce Fist,,TRUE,30000,,6,40,Default move.
3011_00,Orange Piccolo,Ultimate,Special Beam Cannon,,TRUE,50000,,6,55,Default move.
3012_00,"Orange Piccolo, Giant Form",Skill 1,Explosive Wave,,TRUE,,,2,3,Default move.
3012_00,"Orange Piccolo, Giant Form",Skill 2,Behave Yourself!,,TRUE,,4,0,3,Default move.
3012_00,"Orange Piccolo, Giant Form",Super 1,Chou Makouhou,,TRUE,30000,,4,38,Default move.
3012_00,"Orange Piccolo, Giant Form",Super 2,Mighty Fist,,TRUE,40000,,5,40,Default move.
3012_00,"Orange Piccolo, Giant Form",Ultimate,Apocalyptic Burst,,TRUE,50000,,7,55,Default move.
3020_00,Gamma 1,Skill 1,Gamma Superhero Pose 1,,TRUE,,,0,3,Default move.
3020_00,Gamma 1,Skill 2,Android Barrier,,TRUE,,,1,3,Default move.
3020_00,Gamma 1,Super 1,Gamma Blaster,,TRUE,30000,,4,38,Default move.
3020_00,Gamma 1,Super 2,Gamma Impact,,TRUE,30000,,5,40,Default move.
3020_00,Gamma 1,Ultimate,Gamma Shift Shot,,TRUE,50000,,6,55,Default move.
3030_00,Gamma 2,Skill 1,Gamma Superhero Pose 2,,TRUE,,,0,3,Default move.
3030_00,Gamma 2,Skill 2,Android Barrier,,TRUE,,,1,3,Default move.
3030_00,Gamma 2,Super 1,Gamma Blaster,,TRUE,30000,,4,38,Default move.
3030_00,Gamma 2,Super 2,Gamma Impact,,TRUE,30000,,5,40,Default move.
3030_00,Gamma 2,Ultimate,Core Breaker,,TRUE,50000,,7,55,Default move.
3040_00,Cell Max,Skill 1,Explosive Wave,,TRUE,,,2,3,Default move.
3040_00,Cell Max,Skill 2,Howl,,TRUE,,4,0,3,Default move.
3040_00,Cell Max,Super 1,Max Cannon,,TRUE,30000,,4,38,Default move.
3040_00,Cell Max,Super 2,Mighty Fist,,TRUE,40000,,5,40,Default move.
3040_00,Cell Max,Ultimate,Max Bomb,,TRUE,50000,,6,55,Default move.
3050_00,Goku (Mini),Skill 1,Sleep,,TRUE,,4,2,3,Default move.
3050_00,Goku (Mini),Skill 2,Warm-up Exercise,,TRUE,,,1,3,Default move.
3050_00,Goku (Mini),Super 1,Quick Rush,,TRUE,30000,,7,38,Default move.
3050_00,Goku (Mini),Super 2,Take This!,,TRUE,30000,,6,40,Default move.
3050_00,Goku (Mini),Ultimate,Power Pole Rush,,TRUE,50000,,6,55,Default move.
3050_00,Goku (Mini),Ultimate,Aura Impact,ULT2,FALSE,50000,,4,16,Mapped variant; check Costume Moves for outfit assignments.
3050_01,"Goku (Mini), Super Saiyan",Skill 1,Afterimage,,TRUE,,,2,3,Default move.
3050_01,"Goku (Mini), Super Saiyan",Skill 2,Full Power,,TRUE,,4,1,3,Default move.
3050_01,"Goku (Mini), Super Saiyan",Super 1,Energy Strike,,TRUE,30000,,6,38,Default move.
3050_01,"Goku (Mini), Super Saiyan",Super 2,High-Speed Strike,,TRUE,30000,,6,40,Default move.
3050_01,"Goku (Mini), Super Saiyan",Ultimate,Super Kamehameha,,TRUE,50000,,6,55,Default move.
3050_14,"Goku (Mini), Super Saiyan 4",Skill 1,Wild Sense,,TRUE,,,1,3,Default move.
3050_14,"Goku (Mini), Super Saiyan 4",Skill 2,Limit Breaker Power,,TRUE,,4,0,3,Default move.
3050_14,"Goku (Mini), Super Saiyan 4",Super 1,Super Kamehameha,,TRUE,30000,,4,38,Default move.
3050_14,"Goku (Mini), Super Saiyan 4",Super 2,Dragon Strike,,TRUE,30000,,5,40,Default move.
3050_14,"Goku (Mini), Super Saiyan 4",Ultimate,Kamehameha Reversal,,TRUE,50000,,5,55,Default move.
3060_00,Vegeta (Mini),Skill 1,Revive Bug,,TRUE,,4,1,3,Default move.
3060_00,Vegeta (Mini),Skill 2,Afterimage,,TRUE,,,1,3,Default move.
3060_00,Vegeta (Mini),Super 1,Full-Power Energy Cannon,,TRUE,30000,,4,38,Default move.
3060_00,Vegeta (Mini),Super 2,Rising Rush,,TRUE,30000,,6,40,Default move.
3060_00,Vegeta (Mini),Ultimate,Atomic Rush,,TRUE,50000,,6,55,Default move.
3060_01,"Vegeta (Mini), Super Saiyan",Skill 1,Saiyan Spirit,,TRUE,,,2,3,Default move.
3060_01,"Vegeta (Mini), Super Saiyan",Skill 2,Afterimage,,TRUE,,,1,3,Default move.
3060_01,"Vegeta (Mini), Super Saiyan",Super 1,Full-Power Energy Blast Volley,,TRUE,30000,,4,38,Default move.
3060_01,"Vegeta (Mini), Super Saiyan",Super 2,Overpowering Crush,,TRUE,30000,,6,40,Default move.
3060_01,"Vegeta (Mini), Super Saiyan",Ultimate,Galick Gun,,TRUE,50000,,5,55,Default move.
3060_02,"Vegeta (Mini), Super Saiyan 2",Skill 1,Explosive Wave,,TRUE,,,1,3,Default move.
3060_02,"Vegeta (Mini), Super Saiyan 2",Skill 2,Afterimage Strike,,TRUE,,3,1,3,Default move.
3060_02,"Vegeta (Mini), Super Saiyan 2",Super 1,Galick Gun,,TRUE,30000,,4,38,Default move.
3060_02,"Vegeta (Mini), Super Saiyan 2",Super 2,Head-On Impact,,TRUE,30000,,6,40,Default move.
3060_02,"Vegeta (Mini), Super Saiyan 2",Ultimate,Big Bang Attack,,TRUE,50000,,6,55,Default move.
3060_03,"Vegeta (Mini), Super Saiyan 3",Skill 1,Wild Sense,,TRUE,,,2,3,Default move.
3060_03,"Vegeta (Mini), Super Saiyan 3",Skill 2,Special Training Results,,TRUE,,4,1,3,Default move.
3060_03,"Vegeta (Mini), Super Saiyan 3",Super 1,Slash Flash,,TRUE,30000,,4,38,Default move.
3060_03,"Vegeta (Mini), Super Saiyan 3",Super 2,Vanishing Strike,,TRUE,30000,,6,40,Default move.
3060_03,"Vegeta (Mini), Super Saiyan 3",Ultimate,Galick Doom,,TRUE,50000,,5,55,Default move.
3070_00,Glorio,Skill 1,Spark Bind,,TRUE,,,2,3,Default move.
3070_00,Glorio,Skill 2,Thunder Charge,,TRUE,,,1,3,Default move.
3070_00,Glorio,Super 1,Bolt Buster,,TRUE,20000,,4,38,Default move.
3070_00,Glorio,Super 2,Electric Whip,,TRUE,30000,,6,40,Default move.
3070_00,Glorio,Ultimate,Lightning Cannon,,TRUE,50000,,5,55,Default move.
3080_00,Third Eye Gomah,Skill 1,Magic Bind,,TRUE,,,2,3,Default move.
3080_00,Third Eye Gomah,Skill 2,Third Eye Barrier,,TRUE,,,1,3,Default move.
3080_00,Third Eye Gomah,Super 1,Magic Cannon,,TRUE,30000,,4,38,Default move.
3080_00,Third Eye Gomah,Super 2,Magic Stream,,TRUE,20000,,7,40,Default move.
3080_00,Third Eye Gomah,Ultimate,Magic Burst,,TRUE,50000,,5,55,Default move.
3100_03,"Vegeta (DAIMA), Super Saiyan 3",Skill 1,Saiyan Burst,,TRUE,,3,2,3,Default move.
3100_03,"Vegeta (DAIMA), Super Saiyan 3",Skill 2,Limit Breaker Power,,TRUE,,4,1,3,Default move.
3100_03,"Vegeta (DAIMA), Super Saiyan 3",Super 1,Infinite Blaster,,TRUE,30000,,4,38,Default move.
3100_03,"Vegeta (DAIMA), Super Saiyan 3",Super 2,Spirit Breaker,,TRUE,40000,,5,40,Default move.
3100_03,"Vegeta (DAIMA), Super Saiyan 3",Ultimate,Maximum Final Flash,,TRUE,50000,,5,55,Default move.
3110_00,Majin Kuu,Skill 1,Snack Time,,TRUE,,4,2,3,Default move.
3110_00,Majin Kuu,Skill 2,Majin Power,,TRUE,,,1,3,Default move.
3110_00,Majin Kuu,Super 1,Cresent Energy Wave,,TRUE,30000,,4,38,Default move.
3110_00,Majin Kuu,Super 2,Majin Corkscrew Attack,,TRUE,40000,,6,40,Default move.
3110_00,Majin Kuu,Ultimate,Wild Rush,,TRUE,50000,,6,55,Default move.
3120_04,"Goku (DAIMA), Super Saiyan 4",Skill 1,Saiyan Burst,,TRUE,,3,2,3,Default move.
3120_04,"Goku (DAIMA), Super Saiyan 4",Skill 2,Limit Breaker Power,,TRUE,,4,1,3,Default move.
3120_04,"Goku (DAIMA), Super Saiyan 4",Super 1,True Divine Dragon Strike,,TRUE,30000,,5,38,Default move.
3120_04,"Goku (DAIMA), Super Saiyan 4",Super 2,True Flash Dragon Kick,,TRUE,30000,,5,40,Default move.
3120_04,"Goku (DAIMA), Super Saiyan 4",Ultimate,Transcendent Kamehameha,,TRUE,50000,,6,55,Default move.
3130_00,Panzy,Skill 1,Wasabi Bomb,,TRUE,,,1,3,Default move.
3130_00,Panzy,Skill 2,Last Chance Full Power,,TRUE,,4,0,3,Default move.
3130_00,Panzy,Super 1,Last Chance Shot,,TRUE,20000,,4,38,Default move.
3130_00,Panzy,Super 2,Last Chance Shock,,TRUE,40000,,8,40,Default move.
3130_00,Panzy,Ultimate,Kadan Combination,,TRUE,50000,,6,55,Default move.
3140_00,Majin Duu,Skill 1,Powerful Shout,,TRUE,,,2,3,Default move.
3140_00,Majin Duu,Skill 2,Snack Time,,TRUE,,4,0,3,Default move.
3140_00,Majin Duu,Super 1,Powerful Cannon,,TRUE,30000,,5,38,Default move.
3140_00,Majin Duu,Super 2,Rolling Attack,,TRUE,40000,,5,40,Default move.
3140_00,Majin Duu,Ultimate,Full-Power Special Attack,,TRUE,50000,,6,55,Default move.
3150_00,"Third Eye Gomah, Giant Gomah",Skill 1,Third Eye Heal,,TRUE,,4,2,3,Default move.
3150_00,"Third Eye Gomah, Giant Gomah",Skill 2,Third Eye Enhance,,TRUE,,4,0,3,Default move.
3150_00,"Third Eye Gomah, Giant Gomah",Super 1,Magic Missile,,TRUE,30000,,5,38,Default move.
3150_00,"Third Eye Gomah, Giant Gomah",Super 2,Magic Tempest,,TRUE,40000,,6,40,Default move.
3150_00,"Third Eye Gomah, Giant Gomah",Ultimate,Giga Magic Burst,,TRUE,50000,,6,55,Default move.
3160_00,Shallot,Skill 1,Wild Sense,,TRUE,,,1,3,Default move.
3160_00,Shallot,Skill 2,Ancient Soul,,TRUE,,,0,3,Default move.
3160_00,Shallot,Super 1,Wild Cannon,,TRUE,30000,,4,38,Default move.
3160_00,Shallot,Super 2,Meteor Break,,TRUE,30000,,5,40,Default move.
3160_00,Shallot,Ultimate,Rising Rush,,TRUE,50000,,6,55,Default move.
3170_00,Supreme Kai,Skill 1,Afterimage Strike,,TRUE,,3,1,3,Default move.
3170_00,Supreme Kai,Skill 2,Shockwave,,TRUE,,,1,3,Default move.
3170_00,Supreme Kai,Super 1,Energy's Last,,TRUE,30000,,3,38,Default move.
3170_00,Supreme Kai,Super 2,Crazy Rush,,TRUE,30000,,5,40,Default move.
3170_00,Supreme Kai,Ultimate,Supreme Kai Hyper Cannon,,TRUE,50000,,6,55,Default move.
3190_00,Fasha,Skill 1,Wild Sense,,TRUE,,,2,3,Default move.
3190_00,Fasha,Skill 2,Saiyan Spirit,,TRUE,,,0,3,Default move.
3190_00,Fasha,Super 1,Full-Power Energy Wave,,TRUE,30000,,4,38,Default move.
3190_00,Fasha,Super 2,Energy Bullet,,TRUE,30000,,5,40,Default move.
3190_00,Fasha,Ultimate,Berserker Saiyan Rush,,TRUE,50000,,5,55,Default move.
3270_00,Vegeta (GT),Skill 1,Explosive Wave,,TRUE,,,2,3,Default move.
3270_00,Vegeta (GT),Skill 2,False Courage,,TRUE,,,0,3,Default move.
3270_00,Vegeta (GT),Super 1,Big Bang Attack,,TRUE,30000,,4,38,Default move.
3270_00,Vegeta (GT),Super 2,Quick Strike,,TRUE,30000,,5,40,Default move.
3270_00,Vegeta (GT),Ultimate,Final Shine Attack,,TRUE,50000,,5,55,Default move.
3270_01,"Vegeta (GT), Super Saiyan",Skill 1,Afterimage,,TRUE,,,2,3,Default move.
3270_01,"Vegeta (GT), Super Saiyan",Skill 2,Saiyan Who Calls Earth Home,,TRUE,,4,0,3,Default move.
3270_01,"Vegeta (GT), Super Saiyan",Super 1,Final Shine Attack,,TRUE,30000,,4,38,Default move.
3270_01,"Vegeta (GT), Super Saiyan",Super 2,Saiyan Pride Rush,,TRUE,30000,,5,40,Default move.
3270_01,"Vegeta (GT), Super Saiyan",Ultimate,Final Burst,,TRUE,50000,,5,55,Default move.
3280_00,Trunks (GT),Skill 1,Afterimage,,TRUE,,,1,3,Default move.
3280_00,Trunks (GT),Skill 2,Finish Sign,,TRUE,,,0,3,Default move.
3280_00,Trunks (GT),Super 1,Full-Power Energy Wave,,TRUE,30000,,4,38,Default move.
3280_00,Trunks (GT),Super 2,Buster Burst,,TRUE,40000,,6,40,Default move.
3280_00,Trunks (GT),Ultimate,Galaxy Tri-Attack,,TRUE,50000,,7,55,Default move.
3280_01,"Trunks (GT), Super Saiyan",Skill 1,Explosive Wave,,TRUE,,,2,3,Default move.
3280_01,"Trunks (GT), Super Saiyan",Skill 2,Power Up to the Very Limit,,TRUE,,4,0,3,Default move.
3280_01,"Trunks (GT), Super Saiyan",Super 1,Buster Attack,,TRUE,30000,,4,38,Default move.
3280_01,"Trunks (GT), Super Saiyan",Super 2,Rising Buster,,TRUE,30000,,6,40,Default move.
3280_01,"Trunks (GT), Super Saiyan",Ultimate,Twin Saiyan Rush,,TRUE,50000,,7,55,Default move.
3290_00,Hell Fighter 17,Skill 1,Android Barrier,,TRUE,,,2,3,Default move.
3290_00,Hell Fighter 17,Skill 2,High-Tension,,TRUE,,,0,3,Default move.
3290_00,Hell Fighter 17,Super 1,Hell Breaker,,TRUE,30000,,3,38,Default move.
3290_00,Hell Fighter 17,Super 2,Full Power Energy Blast Volley,,TRUE,30000,,6,40,Default move.
3290_00,Hell Fighter 17,Ultimate,Hellish Combo,,TRUE,50000,,5,55,Default move.
3300_00,Goku (World Tournament),Skill 1,Solar Flare,,TRUE,,,1,3,Default move.
3300_00,Goku (World Tournament),Skill 2,Wild Sense,,TRUE,,,0,3,Default move.
3300_00,Goku (World Tournament),Super 1,Kamehameha,,TRUE,30000,,4,38,Default move.
3300_00,Goku (World Tournament),Super 2,Kamehameha Assault,,TRUE,30000,,5,40,Default move.
3300_00,Goku (World Tournament),Ultimate,"Ready, Set, Go!",,TRUE,50000,,6,55,Default move.
3310_00,Ma Junior,Skill 1,Paralyze Beam,,TRUE,,,1,3,Default move.
3310_00,Ma Junior,Skill 2,Wild Sense,,TRUE,,,0,3,Default move.
3310_00,Ma Junior,Super 1,Soumasen,,TRUE,30000,,4,38,Default move.
3310_00,Ma Junior,Super 2,Demonic Chase Grenade,,TRUE,30000,,6,40,Default move.
3310_00,Ma Junior,Ultimate,Super Explosive Wave,,TRUE,50000,,5,55,Default move.
3310_10,"Ma Junior, Giant Form",Skill 1,Full-Power Charge,,TRUE,,,2,3,Default move.
3310_10,"Ma Junior, Giant Form",Skill 2,Pump Up,,TRUE,,,0,3,Default move.
3310_10,"Ma Junior, Giant Form",Super 1,Chou Makouhou,,TRUE,30000,,4,38,Default move.
3310_10,"Ma Junior, Giant Form",Super 2,Super Explosive Wave,,TRUE,40000,,6,40,Default move.
3310_10,"Ma Junior, Giant Form",Ultimate,Colossal Transformation,,TRUE,50000,,7,55,Default move.
3320_00,Tien (World Tournament),Skill 1,Solar Flare,,TRUE,,,1,3,Default move.
3320_00,Tien (World Tournament),Skill 2,Finish Sign,,TRUE,,,0,3,Default move.
3320_00,Tien (World Tournament),Super 1,Dodon Ray,,TRUE,20000,,4,38,Default move.
3320_00,Tien (World Tournament),Super 2,Volleyball Fist,,TRUE,30000,,6,40,Default move.
3320_00,Tien (World Tournament),Ultimate,Multi-Form,,TRUE,50000,,5,55,Default move.
3330_00,Uub (Kid),Skill 1,False Courage,,TRUE,,,1,3,Default move.
3330_00,Uub (Kid),Skill 2,Anger Boost,,TRUE,,,0,3,Default move.
3330_00,Uub (Kid),Super 1,Shout Impact,,TRUE,20000,,4,38,Default move.
3330_00,Uub (Kid),Super 2,Rage Kick,,TRUE,30000,,5,40,Default move.
3330_00,Uub (Kid),Ultimate,Blazing Barrage Palm,,TRUE,50000,,6,55,Default move.
3350_00,Tora,Skill 1,Full Power,,TRUE,,4,1,3,Default move.
3350_00,Tora,Skill 2,Saiyan Spirit,,TRUE,,,1,3,Default move.
3350_00,Tora,Super 1,Full Power Energy Blast Volley,,TRUE,30000,,3,38,Default move.
3350_00,Tora,Super 2,Flame Storm,,TRUE,20000,,7,40,Default move.
3350_00,Tora,Ultimate,Flame Bullet,,TRUE,50000,,5,55,Default move.
3360_00,Chilled,Skill 1,Psychokinesis,,TRUE,,,2,3,Default move.
3360_00,Chilled,Skill 2,Finish Sign,,TRUE,,,0,3,Default move.
3360_00,Chilled,Super 1,Death's Razor,,TRUE,20000,,4,38,Default move.
3360_00,Chilled,Super 2,Death Rain,,TRUE,30000,,6,40,Default move.
3360_00,Chilled,Ultimate,Death Sphere,,TRUE,50000,,6,55,Default move.
