Character ID,Character,Skill / Passive,Type,Duration (seconds),Rush Attack damage,Smash Attack damage,Combo attack damage,Throw damage,Counter damage,Follow-up attack damage,Interrupt attack damage,Normal Ki-blast damage,Charged Ki-blast damage,Skill attack damage,Super damage,Ultimate damage,Physical resistance,Energy resistance,Separate Blast resistance,Guarded-hit resistance,Combo scaling,Armor level,Armor break level,Ki recovery,Ki charge,Sparking charge,Pre-Sparking drain,Sparking drain,Melee charge,Ki-shot charge,Short-dash ki cost
0000_00,Goku (Z - Early),Solar Flare,Skill 1,5,,,,,,,,,,,,,,,,,,,,,,,,,,,
0000_00,Goku (Z - Early),Kaioken,Skill 2,25,0.1,0.1,0.1,0.1,0.1,0.1,,0.1,0.1,,,,0.1,0.1,,0.1,,,,,,,,,,,
0000_00,Goku (Z - Early),While Sparking,Passive,0,,,,,,,,,,,,,,,,,,,3,,,,,,,,
0000_00,Goku (Z - Early),"Low health: stored trigger 10,000 HP",Passive,0,0.1,0.1,0.1,0.1,0.1,0.1,0.1,0.1,0.1,0.1,0.1,0.1,,,,,,,,,,,,,,,
0000_10,Goku (Z - Mid),Give Me Your Energy!,Skill 1,100,,,,,,,,,,,,0.2 → 0.4 → 0.6,,,,,,,,,,,,,,,
0000_10,Goku (Z - Mid),I Can't Wait!,Skill 2,25,0.1,0.1,0.1,0.1,0.1,0.1,,0.1,0.1,,0.1,0.1,0.05,0.05,,0.05,,,,,,,,,,,
0000_10,Goku (Z - Mid),While Sparking,Passive,0,,,,,,,,,,,,,,,,,,,3,,,,,,,,
0000_11,"Goku (Z - Mid), Super Saiyan",Wild Sense,Skill 1,0,,,,,,,,,,,,,,,,,,,,,,,,,,,
0000_11,"Goku (Z - Mid), Super Saiyan",Now I'm Angry!,Skill 2,15 / 30,0.1,0.1,0.1,0.1,0.1,0.1,,0.1,0.1,,0.1,0.1,-0.2,-0.2,-0.2,-0.2,,,,,,,,,,,
0000_11,"Goku (Z - Mid), Super Saiyan",While Sparking,Passive,0,,,,,,,,,,,,,,,,,,,3,,,,,,,,
0000_20,Goku (Z - End),Instant Transmission,Skill 1,0.4,,,,,,,,,,,,,,,,,,,,,,,,,,,
0000_20,Goku (Z - End),Wild Sense,Skill 2,0,,,,,,,,,,,,,,,,,,,,,,,,,,,
0000_20,Goku (Z - End),While Sparking,Passive,0,,,,,,,,,,,,,,,,,,,3,,,,,,,,
0000_21,"Goku (Z - End), Super Saiyan",Wild Sense,Skill 1,0,,,,,,,,,,,,,,,,,,,,,,,,,,,
0000_21,"Goku (Z - End), Super Saiyan",Saiyan Spirit,Skill 2,25,0.1,0.1,0.1,0.1,0.1,0.1,,0.1,0.1,,0.1,0.1,,,,,-0.05,,,,,,,,,,
0000_21,"Goku (Z - End), Super Saiyan",While Sparking,Passive,0,,,,,,,,,,,,,,,,,,,3,,,,,,,,
0000_22,"Goku (Z - End), Super Saiyan 2",Instant Transmission,Skill 1,0.4,,,,,,,,,,,,,,,,,,,,,,,,,,,
0000_22,"Goku (Z - End), Super Saiyan 2",Full Power,Skill 2,0 / 30,,,,,,,,,,,,,-0.2,-0.2,-0.2,-0.2,,,,,,,,,,,
0000_22,"Goku (Z - End), Super Saiyan 2",While Sparking,Passive,0,,,,,,,,,,,,,,,,,,,3,,,,,,,,
0000_23,"Goku (Z - End), Super Saiyan 3",Instant Transmission,Skill 1,0.4,,,,,,,,,,,,,,,,,,,,,,,,,,,
0000_23,"Goku (Z - End), Super Saiyan 3",Power Up to the Very Limit,Skill 2,0 / 30,,,,,,,,,,,,,-0.2,-0.2,-0.2,-0.2,,,,,,,,,,,
0000_23,"Goku (Z - End), Super Saiyan 3",While Sparking,Passive,0,,,,,,,,,,,,,,,,,,,3,,,,,,,,
0000_33,"Goku (GT), Super Saiyan 4",Instant Transmission,Skill 1,0.4,,,,,,,,,,,,,,,,,,,,,,,,,,,
0000_33,"Goku (GT), Super Saiyan 4",All I Need Is Five Seconds!,Skill 2,5 / 25,0.4,0.4,0.4,0.4,0.4,0.4,,0.4,0.4,,0.4,0.4,-0.1,-0.1,-0.1,-0.1,,,,,,,,,,,
0000_33,"Goku (GT), Super Saiyan 4",While Sparking,Passive,0,,,,,,,,,,,,,,,,,,,3,,,,,,,,
0000_40,Goku (Super),Instant Transmission,Skill 1,0.4,,,,,,,,,,,,,,,,,,,,,,,,,,,
0000_40,Goku (Super),All Fired Up,Skill 2,0 / 30,,,,,,,,,,,,,-0.2,-0.2,-0.2,-0.2,,,,,,,,,,,
0000_40,Goku (Super),While Sparking,Passive,0,,,,,,,,,,,,,,,,,,,3,,,,,,,,
0000_41,"Goku (Super), Super Saiyan",Wild Sense,Skill 1,0,,,,,,,,,,,,,,,,,,,,,,,,,,,
0000_41,"Goku (Super), Super Saiyan",All-Encompassing Power,Skill 2,15 / 25,0.1,0.1,0.1,0.1,0.1,0.1,,0.1,0.1,,0.1,0.1,-0.1,-0.1,-0.1,0.1 → -0.1,,,,,,,,,,,
0000_41,"Goku (Super), Super Saiyan",While Sparking,Passive,0,,,,,,,,,,,,,,,,,,,3,,,,,,,,
0000_43,"Goku (Super), Super Saiyan God Super Saiyan",Instant Transmission,Skill 1,0.4,,,,,,,,,,,,,,,,,,,,,,,,,,,
0000_43,"Goku (Super), Super Saiyan God Super Saiyan",Kaioken,Skill 2,25,0.2,0.2,0.2,0.2,0.2,0.2,,0.2,0.2,,0.2,0.2,,,,,,,,,,,,,,,
0000_43,"Goku (Super), Super Saiyan God Super Saiyan",While Sparking,Passive,0,,,,,,,,,,,,,,,,,,,3,,,,,,,,
0000_50,"Goku (Super), Ultra Instinct -Sign-",You'll Never Beat Me,Skill 2,15 / 30,,,,,,,,0.1,0.1,,0.1,0.1,-0.2,-0.2,-0.2,-0.2,,,,,,,,,,,
0000_50,"Goku (Super), Ultra Instinct -Sign-",Even Greater Potential,Skill 1,15 / 25,0.1,0.1,0.1,0.1,0.1,0.1,,,,,,,-0.1,-0.1,-0.1,0.1 → -0.1,,,,,,,,,,,
0000_50,"Goku (Super), Ultra Instinct -Sign-",While Sparking,Passive,0,,,,,,,,,,,,,,,,,,,3,,,,,,,,
0000_51,"Goku (Super), Ultra Instinct",Ultra Movement,Skill 1,0,,,,,,,,,,,,,,,,,,,,,,,,,,,
0000_51,"Goku (Super), Ultra Instinct",No Backing Down,Skill 2,15 / 30,0.1,0.1,0.1,0.1,0.1,0.1,,0.1,0.1,,0.1,0.1,-0.2,-0.2,-0.2,-0.2,,,,0.1,,,,,,,
0000_51,"Goku (Super), Ultra Instinct",While Sparking,Passive,0,,,,,,,,,,,,,,,,,,,3,,,,,,,,
0001_42,"Goku (Super), Super Saiyan God",God Bind,Skill 1,5,,,,,,,,,,,,,,,,,,,,,,,,,,,
0001_42,"Goku (Super), Super Saiyan God",Shenron Aura,Skill 2,25,0.1,0.1,0.1,0.1,0.1,0.1,,0.1,0.1,,,,0.1,0.1,,0.1,,,,,,,,,,,
0001_42,"Goku (Super), Super Saiyan God",While Sparking,Passive,0,,,,,,,,,,,,,,,,,,,3,,,,,,,,
0002_30,Goku (GT),Solar Flare,Skill 1,5,,,,,,,,,,,,,,,,,,,,,,,,,,,
0002_30,Goku (GT),Afterimage Strike,Skill 2,10,,,,,,,,,,,,,,,,,,,,,,,,,,,
0002_30,Goku (GT),While Sparking,Passive,0,,,,,,,,,,,,,,,,,,,3,,,,,,,,
0002_31,"Goku (GT), Super Saiyan",Wild Sense,Skill 1,0,,,,,,,,,,,,,,,,,,,,,,,,,,,
0002_31,"Goku (GT), Super Saiyan",Full Power,Skill 2,0 / 30,,,,,,,,,,,,,-0.2,-0.2,-0.2,-0.2,,,,,,,,,,,
0002_31,"Goku (GT), Super Saiyan",While Sparking,Passive,0,,,,,,,,,,,,,,,,,,,3,,,,,,,,
0002_32,"Goku (GT), Super Saiyan 3",Saiyan Spirit,Skill 1,25,0.1,0.1,0.1,0.1,0.1,0.1,,0.1,0.1,,0.1,0.1,,,,,-0.05,,,,,,,,,,
0002_32,"Goku (GT), Super Saiyan 3",High-Tension,Skill 2,15,0.1,0.1,0.1,0.1,0.1,0.1,,0.1,0.1,0.1,0.1,0.1,,,,,,,,,,,,,,,
0002_32,"Goku (GT), Super Saiyan 3",While Sparking,Passive,0,,,,,,,,,,,,,,,,,,,3,,,,,,,,
0002_50,Goku (Teen),Afterimage Strike,Skill 1,10,,,,,,,,,,,,,,,,,,,,,,,,,,,
0002_50,Goku (Teen),False Courage,Skill 2,10,,,,,,,,,,,,,0.1,0.1,,0.1,,3,,,,,,,,,
0002_50,Goku (Teen),While Sparking,Passive,0,,,,,,,,,,,,,,,,,,,3,,,,,,,,
0002_50,Goku (Teen),"Low health: stored trigger 10,000 HP",Passive,0,0.1,0.1,0.1,0.1,0.1,0.1,0.1,0.1,0.1,0.1,0.1,0.1,,,,,,,,,,,,,,,
0020_00,Vegeta (Z - Scouter),Explosive Wave,Skill 1,0,,,,,,,,,,,,,,,,,,,,,,,,,,,
0020_00,Vegeta (Z - Scouter),Saiyan Spirit,Skill 2,25,0.1,0.1,0.1,0.1,0.1,,,0.1,0.1,,,,,,,,,,,,,,,,0.1,0.1,
0020_00,Vegeta (Z - Scouter),While Sparking,Passive,0,,,,,,,,,,,,,,,,,,,3,,,,,,,,
0020_10,Vegeta (Z - Early),Explosive Wave,Skill 1,0,,,,,,,,,,,,,,,,,,,,,,,,,,,
0020_10,Vegeta (Z - Early),Full Power,Skill 2,0 / 30,,,,,,,,,,,,,-0.2,-0.2,-0.2,-0.2,,,,,,,,,,,
0020_10,Vegeta (Z - Early),While Sparking,Passive,0,,,,,,,,,,,,,,,,,,,3,,,,,,,,
0020_11,"Vegeta (Z - Early), Super Saiyan",Explosive Wave,Skill 1,0,,,,,,,,,,,,,,,,,,,,,,,,,,,
0020_11,"Vegeta (Z - Early), Super Saiyan",Awakened by Anger,Skill 2,25,0.1,0.1,0.1,0.1,0.1,0.1,,0.1,0.1,,0.1,0.1,,,,,,,,,,,,,,,
0020_11,"Vegeta (Z - Early), Super Saiyan",While Sparking,Passive,0,,,,,,,,,,,,,,,,,,,3,,,,,,,,
0020_30,Vegeta (Z - End),Afterimage,Skill 1,0,,,,,,,,,,,,,,,,,,,,,,,,,,,
0020_30,Vegeta (Z - End),Saiyan Spirit,Skill 2,25,0.1,0.1,0.1,0.1,0.1,0.1,,0.1,0.1,,0.1,0.1,,,,,,,,,,,,,,,
0020_30,Vegeta (Z - End),While Sparking,Passive,0,,,,,,,,,,,,,,,,,,,3,,,,,,,,
0020_31,"Vegeta (Z - End), Super Saiyan",Explosive Wave,Skill 1,0,,,,,,,,,,,,,,,,,,,,,,,,,,,
0020_31,"Vegeta (Z - End), Super Saiyan",Saiyan Spirit,Skill 2,25,0.1,0.1,0.1,0.1,0.1,0.1,,0.1,0.1,,0.1,0.1,,,,,,,,,,,,,,,
0020_31,"Vegeta (Z - End), Super Saiyan",While Sparking,Passive,0,,,,,,,,,,,,,,,,,,,3,,,,,,,,
0020_32,"Vegeta (Z - End), Super Saiyan 2",Explosive Wave,Skill 1,0,,,,,,,,,,,,,,,,,,,,,,,,,,,
0020_32,"Vegeta (Z - End), Super Saiyan 2",Wild Sense,Skill 2,0,,,,,,,,,,,,,,,,,,,,,,,,,,,
0020_32,"Vegeta (Z - End), Super Saiyan 2",While Sparking,Passive,0,,,,,,,,,,,,,,,,,,,3,,,,,,,,
0020_40,Majin Vegeta,Prince's Pride,Skill 1,15,,,,,,,,,,,,,,,,,,3,,0.1,,,,,,,
0020_40,Majin Vegeta,Majin's Awakening,Skill 2,15 / 30,,,,,,,,,,,0.1,0.1,-0.2,-0.2,-0.2,-0.2,,,,,,,,,,,
0020_40,Majin Vegeta,While Sparking,Passive,0,,,,,,,,,,,,,,,,,,,3,,,,,,,,
0020_40,Majin Vegeta,"Low health: stored trigger 10,000 HP",Passive,0,0.1,0.1,0.1,0.1,0.1,0.1,0.1,0.1,0.1,0.1,0.1,0.1,,,,,,,,,,,,,,,
0020_50,"Vegeta (GT), Super Saiyan 4",Explosive Wave,Skill 1,0,,,,,,,,,,,,,,,,,,,,,,,,,,,
0020_50,"Vegeta (GT), Super Saiyan 4",Finish Sign,Skill 2,25,0.1,0.1,0.1,0.1,0.1,0.1,,0.1,0.1,,0.1,0.1,,,,,,,,,,,,,,,
0020_50,"Vegeta (GT), Super Saiyan 4",While Sparking,Passive,0,,,,,,,,,,,,,,,,,,,3,,,,,,,,
0020_60,Vegeta (Super),Explosive Wave,Skill 1,0,,,,,,,,,,,,,,,,,,,,,,,,,,,
0020_60,Vegeta (Super),All Warmed Up,Skill 2,0 / 30,,,,,,,,,,,,,-0.2,-0.2,-0.2,-0.2,,,,,,,,,,,
0020_60,Vegeta (Super),While Sparking,Passive,0,,,,,,,,,,,,,,,,,,,3,,,,,,,,
0020_61,"Vegeta (Super), Super Saiyan",Saiyan Spirit,Skill 1,25,0.1,0.1,0.1,0.1,0.1,0.1,,0.1,0.1,,0.1,0.1,,,,,-0.05,,,,,,,,,,
0020_61,"Vegeta (Super), Super Saiyan",I'll Get You For This...,Skill 2,0 / 30,,,,,,,,,,,,,-0.2,-0.2,-0.2,-0.2,,,,,,,,,,,
0020_61,"Vegeta (Super), Super Saiyan",While Sparking,Passive,0,,,,,,,,,,,,,,,,,,,3,,,,,,,,
0020_63,"Vegeta (Super), Super Saiyan God Super Saiyan",I'm No Pushover!,Skill 1,25,0.1,0.1,0.1,0.1,0.1,0.1,,0.1,0.1,,,,,,,,,,,0.1,,,,,,,
0020_63,"Vegeta (Super), Super Saiyan God Super Saiyan",Limits?! I Break Them!,Skill 2,15,0.2,0.2,0.2,0.2,0.2,0.2,,0.2,0.2,,0.2,0.2,,,,,,,,,,,,,,,
0020_63,"Vegeta (Super), Super Saiyan God Super Saiyan",While Sparking,Passive,0,,,,,,,,,,,,,,,,,,,3,,,,,,,,
0021_20,Super Vegeta,Explosive Wave,Skill 1,0,,,,,,,,,,,,,,,,,,,,,,,,,,,
0021_20,Super Vegeta,I am Super Vegeta!,Skill 2,15 / 30,,,,,,,,,,,0.1,0.1,-0.2,-0.2,-0.2,-0.2,,,,,,,,,,,
0021_20,Super Vegeta,While Sparking,Passive,0,,,,,,,,,,,,,,,,,,,3,,,,,,,,
0022_62,"Vegeta (Super), Super Saiyan God",Explosive Wave,Skill 1,0,,,,,,,,,,,,,,,,,,,,,,,,,,,
0022_62,"Vegeta (Super), Super Saiyan God",Saiyan Spirit,Skill 2,25,0.1,0.1,0.1,0.1,0.1,0.1,,0.1,0.1,,0.1,0.1,,,,,-0.05,,,,,,,,,,
0022_62,"Vegeta (Super), Super Saiyan God",While Sparking,Passive,0,,,,,,,,,,,,,,,,,,,3,,,,,,,,
0023_00,Great Ape Vegeta,Explosive Wave,Skill 1,0,,,,,,,,,,,,,,,,,,,,,,,,,,,
0023_00,Great Ape Vegeta,Howl,Skill 2,15 / 30,0.1,0.1,0.1,0.1,0.1,0.1,,0.1,0.1,,,,-0.2,-0.2,-0.2,-0.2,,,,,,,,,,,
0023_00,Great Ape Vegeta,While Sparking,Passive,0,,,,,,,,,,,,,,,,,,,3,,,,,,,,
0030_00,Gohan (Kid),Super Unyielding Spirit,Skill 1,0 / 30,,,,,,,,,,,,,-0.2,-0.2,-0.2,-0.2,,,,,,,,,,,
0030_00,Gohan (Kid),Afterimage Strike,Skill 2,10,,,,,,,,,,,,,,,,,,,,,,,,,,,
0030_00,Gohan (Kid),While Sparking,Passive,0,0.2,0.2,0.2,0.2,0.2,0.2,,0.2,0.2,0.2,0.2,0.2,,,,,,,3,,,,,0.15,,,
0031_00,Gohan (Teen),Wild Sense,Skill 1,0,,,,,,,,,,,,,,,,,,,,,,,,,,,
0031_00,Gohan (Teen),Full-Power Charge,Skill 2,0 / 25,,,,,,,,,,,,,-0.1,-0.1,-0.1,-0.1,,,,,,,,,,,
0031_00,Gohan (Teen),While Sparking,Passive,0,,,,,,,,,,,,,,,,,,,3,,,,,,,,
0031_01,"Gohan (Teen), Super Saiyan",Explosive Wave,Skill 1,0,,,,,,,,,,,,,,,,,,,,,,,,,,,
0031_01,"Gohan (Teen), Super Saiyan",Full Power,Skill 2,0 / 30,,,,,,,,,,,,,-0.2,-0.2,-0.2,-0.2,,,,,,,,,,,
0031_01,"Gohan (Teen), Super Saiyan",While Sparking,Passive,0,,,,,,,,,,,,,,,,,,,3,,,,,,,,
0031_02,"Gohan (Teen), Super Saiyan 2",Explosive Wave,Skill 1,0,,,,,,,,,,,,,,,,,,,,,,,,,,,
0031_02,"Gohan (Teen), Super Saiyan 2",Unforgivable,Skill 2,15 / 30,0.05,0.05,,,,,,0.05,0.05,,,,-0.2,-0.2,-0.2,-0.2,,,,,,,,,,,
0031_02,"Gohan (Teen), Super Saiyan 2",While Sparking,Passive,0,0.15,0.15,0.15,0.15,0.15,0.15,,0.15,0.15,0.15,0.15,0.15,,,,,,,3,,,,,,,,
0032_00,Gohan (Adult),Wild Sense,Skill 1,0,,,,,,,,,,,,,,,,,,,,,,,,,,,
0032_00,Gohan (Adult),Full-Power Charge,Skill 2,0 / 25,,,,,,,,,,,,,-0.1,-0.1,-0.1,-0.1,,,,,,,,,,,
0032_00,Gohan (Adult),While Sparking,Passive,0,,,,,,,,,,,,,,,,,,,3,,,,,,,,
0032_01,"Gohan (Adult), Super Saiyan",Explosive Wave,Skill 1,0,,,,,,,,,,,,,,,,,,,,,,,,,,,
0032_01,"Gohan (Adult), Super Saiyan",Full-Power Charge,Skill 2,0 / 25,,,,,,,,,,,,,-0.1,-0.1,-0.1,-0.1,,,,,,,,,,,
0032_01,"Gohan (Adult), Super Saiyan",While Sparking,Passive,0,,,,,,,,,,,,,,,,,,,3,,,,,,,,
0032_02,"Gohan (Adult), Super Saiyan 2",Explosive Wave,Skill 1,0,,,,,,,,,,,,,,,,,,,,,,,,,,,
0032_02,"Gohan (Adult), Super Saiyan 2",Full Power,Skill 2,0 / 30,,,,,,,,,,,,,-0.2,-0.2,-0.2,-0.2,,,,,,,,,,,
0032_02,"Gohan (Adult), Super Saiyan 2",While Sparking,Passive,0,,,,,,,,,,,,,,,,,,,3,,,,,,,,
0032_10,Great Saiyaman,Justice Pose,Skill 1,25,0.1,0.1,0.1,0.1,0.1,0.1,,0.1,0.1,,,,,,,,,,,,,,,,,,
0032_10,Great Saiyaman,Justice Finishing Pose,Skill 2,25,,,,,,,,,,,0.1,0.1,,,,,,,,,,,,,,,
0032_10,Great Saiyaman,While Sparking,Passive,0,,,,,,,,,,,,,,,,,,,3,,,,,,,,
0032_20,Ultimate Gohan,Wild Sense,Skill 1,0,,,,,,,,,,,,,,,,,,,,,,,,,,,
0032_20,Ultimate Gohan,Power Up to the Very Limit,Skill 2,0 / 30,,,,,,,,,,,,,-0.2,-0.2,-0.2,-0.2,,,,,,,,,,,
0032_20,Ultimate Gohan,While Sparking,Passive,0,,,,,,,,,,,,,,,,,,,3,,,,,,,,
0032_30,Gohan (Future),Wild Sense,Skill 1,0,,,,,,,,,,,,,,,,,,,,,,,,,,,
0032_30,Gohan (Future),Full-Power Charge,Skill 2,0 / 25,,,,,,,,,,,,,-0.1,-0.1,-0.1,-0.1,,,,,,,,,,,
0032_30,Gohan (Future),While Sparking,Passive,0,,,,,,,,,,,,,,,,,,,3,,,,,,,,
0032_30,Gohan (Future),"Low health: stored trigger 5,000 HP",Passive,0,0.2,0.2,0.2,0.2,0.2,0.2,0.2,0.2,0.2,0.2,0.2,0.2,,,,,,,,,,,,,,,
0032_31,"Gohan (Future), Super Saiyan",Evil Barrier,Skill 1,0,,,,,,,,,,,,,,,,,,,,,,,,,,,
0032_31,"Gohan (Future), Super Saiyan",Power Up to the Very Limit,Skill 2,15 / 30,0.1,0.1,0.1,0.1,0.1,0.1,,0.1,0.1,,0.1,0.1,-0.2,-0.2,-0.2,-0.2,,,,0.1,,,,,,,
0032_31,"Gohan (Future), Super Saiyan",While Sparking,Passive,0,,,,,,,,,,,,,,,,,,,3,,,,,,,,
0032_31,"Gohan (Future), Super Saiyan","Low health: stored trigger 5,000 HP",Passive,0,0.2,0.2,0.2,0.2,0.2,0.2,0.2,0.2,0.2,0.2,0.2,0.2,,,,,,,,,,,,,,,
0040_00,Piccolo,Paralyze Beam,Skill 1,3,,,,,,,,,,,,,,,,,,,,,,,,,,,
0040_00,Piccolo,All-Out,Skill 2,0 / 30,,,,,,,,,,,,,-0.2,-0.2,-0.2,-0.2,,,,,,,,,,,
0040_00,Piccolo,While Sparking,Passive,0,,,,,,,,,,,,,,,,,,,3,,,,,,,,
0040_10,Piccolo (Fused with Kami),Wild Sense,Skill 1,0,,,,,,,,,,,,,,,,,,,,,,,,,,,
0040_10,Piccolo (Fused with Kami),False Courage,Skill 2,10,,,,,,,,,,,,,0.1,0.1,,0.1,,3,,,,,,,,,
0040_10,Piccolo (Fused with Kami),While Sparking,Passive,0,,,,,,,,,,,,,,,,,,,3,,,,,,,,
0040_20,Nail,Buying Time,Skill 1,10,,,,,,,,,,,,,0.1,0.1,,0.1,,3,,,,,,,,,
0040_20,Nail,Full Power,Skill 2,0 / 30,,,,,,,,,,,,,-0.2,-0.2,-0.2,-0.2,,,,,,,,,,,
0040_20,Nail,While Sparking,Passive,0,,,,,,,,,,,,,,,,,,,3,,,,,,,,
0050_00,Krillin,Solar Flare,Skill 1,5,,,,,,,,,,,,,,,,,,,,,,,,,,,
0050_00,Krillin,Afterimage Strike,Skill 2,10,,,,,,,,,,,,,,,,,,,,,,,,,,,
0050_00,Krillin,While Sparking,Passive,0,,,,,,,,,,,,,,,,,,,3,,,,,,,,
0060_00,Yamcha,Afterimage,Skill 1,0,,,,,,,,,,,,,,,,,,,,,,,,,,,
0060_00,Yamcha,Power Up to the Very Limit,Skill 2,15 / 30,0.1,0.1,0.1,0.1,0.1,0.1,,0.1,0.1,,0.1,0.1,-0.2,-0.2,-0.2,-0.2,,,,,,,,,,,
0060_00,Yamcha,While Sparking,Passive,0,,,,,,,,,,,,,,,,,,,3,,,,,,,,
0070_00,Tien,Solar Flare,Skill 1,5,,,,,,,,,,,,,,,,,,,,,,,,,,,
0070_00,Tien,Wild Sense,Skill 2,0,,,,,,,,,,,,,,,,,,,,,,,,,,,
0070_00,Tien,While Sparking,Passive,0,,,,,,,,,,,,,,,,,,,3,,,,,,,,
0080_00,Trunks (Sword),Afterimage,Skill 1,0,,,,,,,,,,,,,,,,,,,,,,,,,,,
0080_00,Trunks (Sword),Power Up to the Very Limit,Skill 2,15 / 30,0.1,0.1,0.1,0.1,0.1,0.1,,0.1,0.1,,0.1,0.1,-0.2,-0.2,-0.2,-0.2,,,,,,,,,,,
0080_00,Trunks (Sword),While Sparking,Passive,0,,,,,,,,,,,,,,,,,,,3,,,,,,,,
0080_01,"Trunks (Sword), Super Saiyan",Explosive Wave,Skill 1,0,,,,,,,,,,,,,,,,,,,,,,,,,,,
0080_01,"Trunks (Sword), Super Saiyan",Burning Heart,Skill 2,15 / 30,,,,,,,,,,,0.1,0.1,-0.2,-0.2,-0.2,-0.2,,,,,,,,,,,
0080_01,"Trunks (Sword), Super Saiyan",While Sparking,Passive,0,,,,,,,,,,,,,,,,,,,3,,,,,,,,
0080_10,Trunks (Melee),Explosive Wave,Skill 1,0,,,,,,,,,,,,,,,,,,,,,,,,,,,
0080_10,Trunks (Melee),Wild Sense,Skill 2,0,,,,,,,,,,,,,,,,,,,,,,,,,,,
0080_10,Trunks (Melee),While Sparking,Passive,0,,,,,,,,,,,,,,,,,,,3,,,,,,,,
0080_11,"Trunks (Melee), Super Saiyan",Finish Sign,Skill 2,25,0.1,0.1,0.1,0.1,0.1,0.1,,0.1,0.1,,0.1,0.1,,,,,,,,,,,,,,,
0080_11,"Trunks (Melee), Super Saiyan",While Sparking,Passive,0,,,,,,,,,,,,,,,,,,,3,,,,,,,,
0080_30,Future Trunks,Solar Flare,Skill 1,5,,,,,,,,,,,,,,,,,,,,,,,,,,,
0080_30,Future Trunks,Wild Sense,Skill 2,0,,,,,,,,,,,,,,,,,,,,,,,,,,,
0080_30,Future Trunks,While Sparking,Passive,0,,,,,,,,,,,,,,,,,,,3,,,,,,,,
0080_30,Future Trunks,"Low health: stored trigger 10,000 HP",Passive,0,0.1,0.1,0.1,0.1,0.1,0.1,0.1,0.1,0.1,0.1,0.1,0.1,,,,,,,,,,,,,,,
0080_31,"Future Trunks, Super Saiyan",Explosive Wave,Skill 1,0,,,,,,,,,,,,,,,,,,,,,,,,,,,
0080_31,"Future Trunks, Super Saiyan",Power Up to the Very Limit,Skill 2,15 / 30,0.1,0.1,0.1,0.1,0.1,0.1,,0.1,0.1,,0.1,0.1,-0.2,-0.2,-0.2,-0.2,,,,,,,,,,,
0080_31,"Future Trunks, Super Saiyan",While Sparking,Passive,0,,,,,,,,,,,,,,,,,,,3,,,,,,,,
0080_31,"Future Trunks, Super Saiyan","Low health: stored trigger 10,000 HP",Passive,0,0.1,0.1,0.1,0.1,0.1,0.1,0.1,0.1,0.1,0.1,0.1,0.1,,,,,,,,,,,,,,,
0081_20,Super Trunks,Explosive Wave,Skill 1,0,,,,,,,,,,,,,,,,,,,,,,,,,,,
0081_20,Super Trunks,Inexperienced Power Up,Skill 2,15 / 30,0.1,0.1,0.1,0.1,0.1,0.1,,0.1,0.1,,,,-0.2,-0.2,-0.2,-0.2,,,,,,,,,,,
0081_20,Super Trunks,While Sparking,Passive,0,,,,,,,,,,,,,,,,,,,3,,,,,,,,
0082_00,Trunks (Kid),Afterimage,Skill 1,0,,,,,,,,,,,,,,,,,,,,,,,,,,,
0082_00,Trunks (Kid),Finish Sign,Skill 2,25,0.1,0.1,0.1,0.1,0.1,0.1,,0.1,0.1,,0.1,0.1,,,,,,,,,,,,,,,
0082_00,Trunks (Kid),While Sparking,Passive,0,,,,,,,,,,,,,,,,,,,3,,,,,,,,
0082_01,"Trunks (Kid), Super Saiyan",Explosive Wave,Skill 1,0,,,,,,,,,,,,,,,,,,,,,,,,,,,
0082_01,"Trunks (Kid), Super Saiyan",Super Unyielding Spirit,Skill 2,15 / 30,0.1,0.1,0.1,0.1,0.1,0.1,,0.1,0.1,,,,-0.2,-0.2,-0.2,-0.2,,,,,,,,,,,
0082_01,"Trunks (Kid), Super Saiyan",While Sparking,Passive,0,,,,,,,,,,,,,,,,,,,3,,,,,,,,
0090_00,Goten,Afterimage,Skill 1,0,,,,,,,,,,,,,,,,,,,,,,,,,,,
0090_00,Goten,Sleep,Skill 2,0,,,,,,,,,,,,,,,,,,,,,,,,,,,
0090_00,Goten,While Sparking,Passive,0,,,,,,,,,,,,,,,,,,,3,,,,,,,,
0090_01,"Goten, Super Saiyan",Wild Sense,Skill 1,0,,,,,,,,,,,,,,,,,,,,,,,,,,,
0090_01,"Goten, Super Saiyan",False Courage,Skill 2,10,,,,,,,,,,,,,0.1,0.1,,0.1,,3,,,,,,,,,
0090_01,"Goten, Super Saiyan",While Sparking,Passive,0,,,,,,,,,,,,,,,,,,,3,,,,,,,,
0100_00,Vegito,High-Tension,Skill 2,25,0.1,0.1,0.1,0.1,0.1,0.1,,0.1,0.1,,,,,,,,,,,0.1,,,,,,,
0100_00,Vegito,While Sparking,Passive,0,,,,,,,,,,,,,,,,,,,3,,,,,,,,
0100_01,Super Vegito,Afterimage Strike,Skill 1,10,,,,,,,,,,,,,,,,,,,,,,,,,,,
0100_01,Super Vegito,Finish Sign,Skill 2,25,0.1,0.1,0.1,0.1,0.1,0.1,,0.1,0.1,,0.1,0.1,,,,,,,,,,,,,,,
0100_01,Super Vegito,While Sparking,Passive,0,,,,,,,,,,,,,,,,,,,3,,,,,,,,
0100_02,"Vegito, Super Saiyan God Super Saiyan",Settling the Score,Skill 1,25,0.1,0.1,0.1,0.1,0.1,0.1,,0.1,0.1,,0.1,0.1,,,,,,,,,,,,,,,
0100_02,"Vegito, Super Saiyan God Super Saiyan",Full-Power Charge,Skill 2,0 / 25,,,,,,,,,,,,,-0.1,-0.1,-0.1,-0.1,,,,,,,,,,,
0100_02,"Vegito, Super Saiyan God Super Saiyan",While Sparking,Passive,0,,,,,,,,,,,,,,,,,,,3,,,,,,,,
0110_00,Gogeta (Super),Wild Sense,Skill 1,0,,,,,,,,,,,,,,,,,,,,,,,,,,,
0110_00,Gogeta (Super),Here We Go!,Skill 2,15 / 30,0.1,0.1,0.1,0.1,0.1,0.1,,0.1,0.1,,0.1,0.1,-0.2,-0.2,-0.2,-0.2,,,,0.1,,,,,,,
0110_00,Gogeta (Super),While Sparking,Passive,0,,,,,,,,,,,,,,,,,,,3,,,,,,,,
0110_01,"Gogeta (Super), Super Saiyan",Instant Transmission,Skill 1,0.4,,,,,,,,,,,,,,,,,,,,,,,,,,,
0110_01,"Gogeta (Super), Super Saiyan",Finish Sign,Skill 2,25,0.1,0.1,0.1,0.1,0.1,0.1,,0.1,0.1,,0.1,0.1,,,,,,,,,,,,,,,
0110_01,"Gogeta (Super), Super Saiyan",While Sparking,Passive,0,,,,,,,,,,,,,,,,,,,3,,,,,,,,
0110_02,"Gogeta (GT), Super Saiyan 4",Wild Sense,Skill 1,0,,,,,,,,,,,,,,,,,,,,,,,,,,,
0110_02,"Gogeta (GT), Super Saiyan 4",Power Up to the Very Limit,Skill 2,15 / 30,0.1,0.1,0.1,0.1,0.1,0.1,,0.1,0.1,,0.1,0.1,-0.2,-0.2,-0.2,-0.2,,,,,,,,,,,
0110_02,"Gogeta (GT), Super Saiyan 4",While Sparking,Passive,0,,,,,,,,,,,,,,,,,,,3,,,,,,,,
0110_03,"Gogeta (Super), Super Saiyan God Super Saiyan",Instant Transmission,Skill 1,0.4,,,,,,,,,,,,,,,,,,,,,,,,,,,
0110_03,"Gogeta (Super), Super Saiyan God Super Saiyan",Stardust Barrier,Skill 2,0,,,,,,,,,,,,,,,,,,,,,,,,,,,
0110_03,"Gogeta (Super), Super Saiyan God Super Saiyan",While Sparking,Passive,0,,,,,,,,,,,,,,,,,,,3,,,,,,,,
0110_04,Super Gogeta (Z),Immovable Stance,Skill 1,10,,,,,,,,,,,,,0.1,0.1,,0.1,,3,,,,,,,,,
0110_04,Super Gogeta (Z),I'm the One Who Will Defeat You!,Skill 2,25,0.1,0.1,0.1,0.1,0.1,0.1,,0.1,0.1,,0.1,0.1,,,,,,,,,,,,,,,
0110_04,Super Gogeta (Z),While Sparking,Passive,0,,,,,,,,,,,,,,,,,,,3,,,,,,,,
0120_00,Gotenks,Afterimage,Skill 1,0,,,,,,,,,,,,,,,,,,,,,,,,,,,
0120_00,Gotenks,Ta-dah!,Skill 2,15,-0.1,-0.1,-0.1,-0.1,-0.1,-0.1,,-0.1,-0.1,,,,0.1,0.1,,0.1,,3,,,,,,,,,
0120_00,Gotenks,While Sparking,Passive,0,,,,,,,,,,,,,,,,,,,3,,,,,,,,
0120_01,"Gotenks, Super Saiyan",False Courage,Skill 1,15,-0.1,-0.1,-0.1,-0.1,-0.1,-0.1,,-0.1,-0.1,,,,0.1,0.1,,0.1,,3,,,,,,,,,
0120_01,"Gotenks, Super Saiyan",High-Tension,Skill 2,15 / 25,0.1,0.1,0.1,0.1,0.1,0.1,,0.1,0.1,,,,-0.1,-0.1,-0.1,-0.1,,,,0.1,,,,,,,
0120_01,"Gotenks, Super Saiyan",While Sparking,Passive,0,,,,,,,,,,,,,,,,,,,3,,,,,,,,
0120_02,"Gotenks, Super Saiyan 3",Vice Shout,Skill 1,3,,,,,,,,,,,,,,,,,,,,,,,,,,,
0120_02,"Gotenks, Super Saiyan 3",Finish Sign,Skill 2,25,0.1,0.1,0.1,0.1,0.1,0.1,,0.1,0.1,,0.15,0.15,,,,,,,,,,,,,,,
0120_02,"Gotenks, Super Saiyan 3",While Sparking,Passive,0,,,,,,,,,,,,,,,,,,,3,,,,,,,,
0121_00,Mighty Mask,False Courage,Skill 1,10,,,,,,,,,,,,,0.1,0.1,,0.1,,3,,,,,,,,,
0121_00,Mighty Mask,Finish Sign,Skill 2,25,0.1,0.1,0.1,0.1,0.1,0.1,,0.1,0.1,,0.1,0.1,,,,,,,,,,,,,,,
0121_00,Mighty Mask,While Sparking,Passive,0,,,,,,,,,,,,,,,,,,,3,,,,,,,,
0130_00,Videl,Afterimage Strike,Skill 1,10,,,,,,,,,,,,,,,,,,,,,,,,,,,
0130_00,Videl,Super Unyielding Spirit,Skill 2,15 / 30,0.1,0.1,0.1,0.1,0.1,0.1,,0.1,0.1,,,,-0.2,-0.2,-0.2,-0.2,,,,,,,,,,,
0130_00,Videl,While Sparking,Passive,0,,,,,,,,,,,,,,,,,,,3,,,,,,,,
0140_00,Master Roshi,Afterimage Strike,Skill 1,10,,,,,,,,,,,,,,,,,,,,,,,,,,,
0140_00,Master Roshi,False Courage,Skill 2,10,,,,,,,,,,,,,0.1,0.1,,0.1,,3,,,,,,,,,
0140_00,Master Roshi,While Sparking,Passive,0,,,,,,,,,,,,,,,,,,,3,,,,,,,,
0141_00,"Master Roshi, Max Power",False Courage,Skill 1,10,,,,,,,,,,,,,0.1,0.1,,0.1,,3,,,,,,,,,
0141_00,"Master Roshi, Max Power",Pump Up,Skill 2,25,0.15,0.15,0.15,0.15,0.15,0.15,,0.15,0.15,,,,,,,,,,,,,,,,,,
0141_00,"Master Roshi, Max Power",While Sparking,Passive,0,,,,,,,,,,,,,,,,,,,3,,,,,,,,
0150_00,"Frieza (Z), 1st Form",Psychokinesis,Skill 1,3,,,,,,,,,,,,,,,,,,,,,,,,,,,
0150_00,"Frieza (Z), 1st Form",Pump Up,Skill 2,25,0.15,0.15,0.15,0.15,0.15,0.15,,0.15,0.15,,,,,,,,,,,-0.1,,,,,,,
0150_00,"Frieza (Z), 1st Form",While Sparking,Passive,0,,,,,,,,,,,,,,,,,,,3,,,,,,,,
0151_00,"Frieza (Z), 2nd Form",Explosive Wave,Skill 1,0,,,,,,,,,,,,,,,,,,,,,,,,,,,
0151_00,"Frieza (Z), 2nd Form",Finish Sign,Skill 2,25,0.1,0.1,0.1,0.1,0.1,0.1,,0.1,0.1,,0.15,0.15,,,,,,,,,,,,,,,
0151_00,"Frieza (Z), 2nd Form",While Sparking,Passive,0,,,,,,,,,,,,,,,,,,,3,,,,,,,,
0152_00,"Frieza (Z), 3rd Form",Explosive Wave,Skill 1,0,,,,,,,,,,,,,,,,,,,,,,,,,,,
0152_00,"Frieza (Z), 3rd Form",High-Tension,Skill 2,25,0.1,0.1,0.1,0.1,0.1,0.1,,0.1,0.1,,,,,,,,,,,0.1,,,,,,,
0152_00,"Frieza (Z), 3rd Form",While Sparking,Passive,0,,,,,,,,,,,,,,,,,,,3,,,,,,,,
0153_00,"Frieza (Z), 4th Form",Psychokinesis,Skill 1,3,,,,,,,,,,,,,,,,,,,,,,,,,,,
0153_00,"Frieza (Z), 4th Form",Your Arrogance Disgusts Me!,Skill 2,0 / 30,,,,,,,,,,,,,-0.2,-0.2,-0.2,-0.2,,,,,,,,,,,
0153_00,"Frieza (Z), 4th Form",While Sparking,Passive,0,,,,,,,,,,,,,,,,,,,3,,,,,,,,
0153_10,Mecha Frieza,Psychokinesis,Skill 1,3,,,,,,,,,,,,,,,,,,,,,,,,,,,
0153_10,Mecha Frieza,Finish Sign,Skill 2,25,0.1,0.1,0.1,0.1,0.1,0.1,,0.1,0.1,,0.1,0.1,,,,,,,,,,,,,,,
0153_10,Mecha Frieza,While Sparking,Passive,0,,,,,,,,,,,,,,,,,,,3,,,,,,,,
0153_20,Frieza (Super),Psychokinesis,Skill 1,3,,,,,,,,,,,,,,,,,,,,,,,,,,,
0153_20,Frieza (Super),Power of Revenge,Skill 2,25,0.1,0.1,0.1,0.1,0.1,0.1,,0.1,0.1,,0.1,0.1,,,,,-0.05,,,,,,,,,,
0153_20,Frieza (Super),While Sparking,Passive,0,,,,,,,,,,,,,,,,,,,3,,,,,,,,
0154_00,"Frieza (Z), Full Power",Psychokinesis,Skill 1,3,,,,,,,,,,,,,,,,,,,,,,,,,,,
0154_00,"Frieza (Z), Full Power",Long Awaited-for 100%,Skill 2,0 / 30,,,,,,,,,,,,,-0.2,-0.2,-0.2,-0.2,,,,,,,,,,,
0154_00,"Frieza (Z), Full Power",While Sparking,Passive,0,,,,,,,,,,,,,,,,,,,3,,,,,,,,
0155_00,Golden Frieza,Wild Sense,Skill 1,0,,,,,,,,,,,,,,,,,,,,,,,,,,,
0155_00,Golden Frieza,True Golden Frieza,Skill 2,0 / 30,,,,,,,,,,,,,-0.2,-0.2,-0.2,-0.2,,,,,,,,,,,
0155_00,Golden Frieza,While Sparking,Passive,0,,,,,,,,,,,,,,,,,,,3,,,,,,,,
0160_00,"Cell, 1st Form",Solar Flare,Skill 1,5,,,,,,,,,,,,,,,,,,,,,,,,,,,
0160_00,"Cell, 1st Form",Afterimage,Skill 2,0,,,,,,,,,,,,,,,,,,,,,,,,,,,
0160_00,"Cell, 1st Form",While Sparking,Passive,0,,,,,,,,,,,,,,,,,,,3,,,,,,,,
0161_00,"Cell, 2nd Form",Solar Flare,Skill 1,5,,,,,,,,,,,,,,,,,,,,,,,,,,,
0161_00,"Cell, 2nd Form",Pump Up,Skill 2,25,0.15,0.15,0.15,0.15,0.15,0.15,,0.15,0.15,,,,,,,,,,,,,,,,,,
0161_00,"Cell, 2nd Form",While Sparking,Passive,0,,,,,,,,,,,,,,,,,,,3,,,,,,,,
0162_00,"Cell, Perfect Form",Explosive Wave,Skill 1,0,,,,,,,,,,,,,,,,,,,,,,,,,,,
0162_00,"Cell, Perfect Form",Afterimage,Skill 2,0,,,,,,,,,,,,,,,,,,,,,,,,,,,
0162_00,"Cell, Perfect Form",While Sparking,Passive,0,,,,,,,,,,,,,,,,,,,3,,,,,,,,
0162_01,Perfect Cell,Instant Transmission,Skill 1,0.4,,,,,,,,,,,,,,,,,,,,,,,,,,,
0162_01,Perfect Cell,Wild Sense,Skill 2,0,,,,,,,,,,,,,,,,,,,,,,,,,,,
0162_01,Perfect Cell,While Sparking,Passive,0,,,,,,,,,,,,,,,,,,,3,,,,,,,,
0163_00,Cell Jr.,Solar Flare,Skill 1,5,,,,,,,,,,,,,,,,,,,,,,,,,,,
0163_00,Cell Jr.,Explosive Wave,Skill 2,0,,,,,,,,,,,,,,,,,,,,,,,,,,,
0163_00,Cell Jr.,While Sparking,Passive,0,,,,,,,,,,,,,,,,,,,3,,,,,,,,
0170_00,Majin Buu,Paralyze Beam,Skill 1,3,,,,,,,,,,,,,,,,,,,,,,,,,,,
0170_00,Majin Buu,Sleep,Skill 2,0,,,,,,,,,,,,,,,,,,,,,,,,,,,
0170_00,Majin Buu,While Sparking,Passive,0,,,,,,,,,,,,,,,,,,,3,,,,,,,,
0171_00,Majin Buu (Evil),Paralyze Beam,Skill 1,3,,,,,,,,,,,,,,,,,,,,,,,,,,,
0171_00,Majin Buu (Evil),Mystic Breath,Skill 2,0,,,,,,,,,,,,,,,,,,,,,,,,,,,
0171_00,Majin Buu (Evil),While Sparking,Passive,0,,,,,,,,,,,,,,,,,,,3,,,,,,,,
0172_00,Super Buu,Vice Shout,Skill 1,3,,,,,,,,,,,,,,,,,,,,,,,,,,,
0172_00,Super Buu,Regeneration,Skill 2,0,,,,,,,,,,,,,,,,,,,,,,,,,,,
0172_00,Super Buu,While Sparking,Passive,0,,,,,,,,,,,,,,,,,,,3,,,,,,,,
0172_10,Super Buu (Gotenks Absorbed),Explosive Wave,Skill 1,0,,,,,,,,,,,,,,,,,,,,,,,,,,,
0172_10,Super Buu (Gotenks Absorbed),Regeneration,Skill 2,0,,,,,,,,,,,,,,,,,,,,,,,,,,,
0172_10,Super Buu (Gotenks Absorbed),While Sparking,Passive,0,,,,,,,,,,,,,,,,,,,3,,,,,,,,
0172_11,Super Buu (Gohan Absorbed),Afterimage,Skill 1,0,,,,,,,,,,,,,,,,,,,,,,,,,,,
0172_11,Super Buu (Gohan Absorbed),High-Tension,Skill 2,15,0.1,0.1,0.1,0.1,0.1,0.1,,0.1,0.1,0.1,0.1,0.1,,,,,,,,,,,,,,,
0172_11,Super Buu (Gohan Absorbed),While Sparking,Passive,0,,,,,,,,,,,,,,,,,,,3,,,,,,,,
0173_00,Kid Buu,Instant Transmission,Skill 1,0.4,,,,,,,,,,,,,,,,,,,,,,,,,,,
0173_00,Kid Buu,Sleep,Skill 2,0,,,,,,,,,,,,,,,,,,,,,,,,,,,
0173_00,Kid Buu,While Sparking,Passive,0,,,,,,,,,,,,,,,,,,,3,,,,,,,,
0180_00,Mr. Satan,False Courage,Skill 1,10,,,,,,,,,,,,,0.1,0.1,,0.1,,3,,,,,,,,,
0180_00,Mr. Satan,Royal Raiment?!,Skill 2,25,0.1,0.1,0.1,0.1,0.1,0.1,,0.1,0.1,,0.1,0.1,0.1,0.1,,0.1,,,,0.1,,,,,,,
0180_00,Mr. Satan,While Sparking,Passive,0,,,,,,,,,,,,,,,,,,,1,,,,,,,,
0190_00,Chiaotzu,Telekinesis,Skill 1,5,,,,,,,,,,,,,,,,,,,,,,,,,,,
0190_00,Chiaotzu,Afterimage,Skill 2,0,,,,,,,,,,,,,,,,,,,,,,,,,,,
0190_00,Chiaotzu,While Sparking,Passive,0,,,,,,,,,,,,,,,,,,,3,,,,,,,,
0210_00,Yajirobe,Super Unyielding Spirit,Skill 1,15 / 30,0.1,0.1,0.1,0.1,0.1,0.1,,0.1,0.1,,,,-0.2,-0.2,-0.2,-0.2,,,,,,,,,,,
0210_00,Yajirobe,Senzu Beans,Skill 2,0,,,,,,,,,,,,,,,,,,,,,,,,,,,
0210_00,Yajirobe,While Sparking,Passive,0,,,,,,,,,,,,,,,,,,,3,,,,,,,,
0220_00,Pikkon,Wild Sense,Skill 1,0,,,,,,,,,,,,,,,,,,,,,,,,,,,
0220_00,Pikkon,High-Tension,Skill 2,15,0.1,0.1,0.1,0.1,0.1,0.1,,0.1,0.1,0.1,0.1,0.1,,,,,,,,,,,,,,,
0220_00,Pikkon,While Sparking,Passive,0,,,,,,,,,,,,,,,,,,,3,,,,,,,,
0230_00,Pan (GT),Afterimage Strike,Skill 1,10,,,,,,,,,,,,,,,,,,,,,,,,,,,
0230_00,Pan (GT),Saiyan Spirit,Skill 2,22,0.1,0.1,0.1,0.1,0.1,0.1,,0.1,0.1,,0.1,0.1,,,,,,,,,,,,,0.1,0.1,
0230_00,Pan (GT),While Sparking,Passive,0,,,,,,,,,,,,,,,,,,,3,,,,,,,,
0240_00,Uub (GT),Wild Sense,Skill 1,0,,,,,,,,,,,,,,,,,,,,,,,,,,,
0240_00,Uub (GT),Power Up to the Very Limit,Skill 2,15 / 30,,,,,,,,,,,,,-0.2,-0.2,-0.2,-0.2,,,,,,,,,,,
0240_00,Uub (GT),While Sparking,Passive,0,0.1,0.1,0.1,0.1,0.1,0.1,,0.1,0.1,0.1,0.1,0.1,,,,,,,3,,,,,-0.15,,,
0240_01,Majuub (GT),Paralyze Beam,Skill 1,3,,,,,,,,,,,,,,,,,,,,,,,,,,,
0240_01,Majuub (GT),Mystic Breath,Skill 2,0,,,,,,,,,,,,,,,,,,,,,,,,,,,
0240_01,Majuub (GT),While Sparking,Passive,0,,,,,,,,,,,,,,,,,,,3,,,,,,,,
0260_00,Grandpa Gohan,Afterimage Strike,Skill 1,10,,,,,,,,,,,,,,,,,,,,,,,,,,,
0260_00,Grandpa Gohan,Sleep,Skill 2,0,,,,,,,,,,,,,,,,,,,,,,,,,,,
0260_00,Grandpa Gohan,While Sparking,Passive,0,,,,,,,,,,,,,,,,,,,3,,,,,,,,
0270_00,Nam,Afterimage,Skill 1,0,,,,,,,,,,,,,,,,,,,,,,,,,,,
0270_00,Nam,For the Villagers,Skill 2,15 / 30,,,,,,,,,,,,,-0.2,-0.2,-0.2,0.1 → -0.2,,,,,,,,,,,
0270_00,Nam,While Sparking,Passive,0,,,,,,,,,,,,,,,,,,,3,,,,,,,,
0280_00,Eighter,False Courage,Skill 1,10,,,,,,,,,,,,,0.1,0.1,,0.1,,3,,,,,,,,,
0280_00,Eighter,Howl,Skill 2,15 / 30,0.1,0.1,0.1,0.1,0.1,0.1,,,,,,,-0.2,-0.2,-0.2,-0.2,,,,,,,,,,,
0280_00,Eighter,While Sparking,Passive,0,,,,,,,,,,,,,,,,,,,3,,,,,,,,
0301_00,Chi-Chi,Maiden's Temper,Skill 1,0 / 30,,,,,,,,,,,,,-0.2,-0.2,-0.2,-0.2,,,,,,,,,,,
0301_00,Chi-Chi,Maiden's Passion,Skill 2,15,,,,,,,,,,,,,,,,,,,,0.15,,,,,,,
0301_00,Chi-Chi,While Sparking,Passive,0,,,,,,,,,,,,,,,,,,,3,,,,,,,,
0310_00,Bardock,Saiyan Spirit,Skill 2,25,0.1,0.1,0.1,0.1,0.1,,,0.1,0.1,,,,,,,,,,,,,,,,0.1,0.1,
0310_00,Bardock,Shockwave of Rebellion,Skill 1,0 / 30,,,,,,,,,,,,,-0.2,-0.2,-0.2,-0.2,,,,,,,,,,,
0310_00,Bardock,While Sparking,Passive,0,,,,,,,,,,,,,,,,,,,3,,,,,,,,
0310_00,Bardock,"Low health: stored trigger 5,000 HP",Passive,0,0.2,0.2,0.2,0.2,0.2,0.2,0.2,0.2,0.2,0.2,0.2,0.2,,,,,,,,,,,,,,,
0310_01,"Bardock, Super Saiyan",Super Saiyan Spirit,Skill 2,25,0.2,0.2,0.2,0.2,0.2,0.2,,0.2,0.2,0.2,0.2,0.2,,,,,,,,,,,,,,,
0310_01,"Bardock, Super Saiyan",Shockwave of Rebellion,Skill 1,0 / 30,,,,,,,,,,,,,-0.2,-0.2,-0.2,-0.2,,,,,,,,,,,
0310_01,"Bardock, Super Saiyan",While Sparking,Passive,0,,,,,,,,,,,,,,,,,,,3,,,,,,,,
0310_01,"Bardock, Super Saiyan","Low health: stored trigger 5,000 HP",Passive,0,0.2,0.2,0.2,0.2,0.2,0.2,0.2,0.2,0.2,0.2,0.2,0.2,,,,,,,,,,,,,,,
0320_00,Raditz,Saiyan Spirit,Skill 1,30,0.1,0.1,0.1,0.1,0.1,0.1,,0.1,0.1,,0.1,0.1,,,,,,,,,,,,,0.1,0.1,
0320_00,Raditz,Full Power,Skill 2,0 / 30,,,,,,,,,,,,,-0.2,-0.2,-0.2,-0.2,,,,,,,,,,,
0320_00,Raditz,While Sparking,Passive,0,,,,,,,,,,,,,,,,,,,3,,,,,,,,
0330_00,Saibaman,Acid,Skill 1,1.5,,,,,,,,,,,,,,,,,,,,,,,,,,,
0330_00,Saibaman,Afterimage,Skill 2,0,,,,,,,,,,,,,,,,,,,,,,,,,,,
0330_00,Saibaman,While Sparking,Passive,0,,,,,,,,,,,,,,,,,,,3,,,,,,,,
0340_00,Nappa,Saiyan Spirit,Skill 1,30,0.1,0.1,0.1,0.1,0.1,0.1,,0.1,0.1,,0.1,0.1,,,,,,,,,,,,,0.1,0.1,
0340_00,Nappa,Pump Up,Skill 2,20,0.15,0.15,0.15,0.15,0.15,0.15,,0.15,0.15,,,,,,,,,,,-0.1,,,,,,,
0340_00,Nappa,While Sparking,Passive,0,,,,,,,,,,,,,,,,,,,3,,,,,,,,
0350_00,Zarbon,Wild Sense,Skill 1,0,,,,,,,,,,,,,,,,,,,,,,,,,,,
0350_00,Zarbon,Full Power,Skill 2,0 / 30,,,,,,,,,,,,,-0.2,-0.2,-0.2,-0.2,,,,,,,,,,,
0350_00,Zarbon,While Sparking,Passive,0,,,,,,,,,,,,,,,,,,,3,,,,,,,,
0351_00,Super Zarbon,False Courage,Skill 1,10,,,,,,,,,,,,,0.1,0.1,,0.1,,3,,,,,,,,,
0351_00,Super Zarbon,High-Tension,Skill 2,15,0.1,0.1,0.1,0.1,0.1,0.1,,0.1,0.1,0.1,0.1,0.1,,,,,,,,,,,,,,,
0351_00,Super Zarbon,While Sparking,Passive,0,,,,,,,,,,,,,,,,,,,3,,,,,,,,
0360_00,Dodoria,False Courage,Skill 1,10,,,,,,,,,,,,,0.1,0.1,,0.1,,3,,,,,,,,,
0360_00,Dodoria,Pump Up,Skill 2,20,0.15,0.15,0.15,0.15,0.15,0.15,,0.15,0.15,,,,,,,,,,,-0.1,,,,,,,
0360_00,Dodoria,While Sparking,Passive,0,,,,,,,,,,,,,,,,,,,3,,,,,,,,
0370_00,Cui,False Courage,Skill 1,10,,,,,,,,,,,,,0.1,0.1,,0.1,,3,,,,,,,,,
0370_00,Cui,Sleep,Skill 2,0,,,,,,,,,,,,,,,,,,,,,,,,,,,
0370_00,Cui,While Sparking,Passive,0,,,,,,,,,,,,,,,,,,,3,,,,,,,,
0380_00,Captain Ginyu,SP Fighting Pose 5,Skill 1,0 / 30,,,,,,,,,,,,,-0.2,-0.2,-0.2,-0.2,,,,,,,,,,,
0380_00,Captain Ginyu,Dangerous Shock,Skill 2,15,0.1,0.1,0.1,0.1,0.1,0.1,,0.1,0.1,,0.1,0.1,,,,,,,,,,,,,,,
0380_00,Captain Ginyu,While Sparking,Passive,0,,,,,,,,,,,,,,,,,,,3,,,,,,,,
0390_00,Recoome,False Courage,Skill 1,10,,,,,,,,,,,,,0.1,0.1,,0.1,,3,,,,,,,,,
0390_00,Recoome,SP Fighting Pose 1,Skill 2,0 / 30,,,,,,,,,,,,,-0.2,-0.2,-0.2,-0.2,,,,,,,,,,,
0390_00,Recoome,While Sparking,Passive,0,,,,,,,,,,,,,,,,,,,3,,,,,,,,
0400_00,Burter,Afterimage,Skill 1,0,,,,,,,,,,,,,,,,,,,,,,,,,,,
0400_00,Burter,SP Fighting Pose 2,Skill 2,0 / 30,,,,,,,,,,,,,-0.2,-0.2,-0.2,-0.2,,,,,,,,,,,
0400_00,Burter,While Sparking,Passive,0,,,,,,,,,,,,,,,,,,,3,,,,,,,,
0410_00,Jeice,Explosive Wave,Skill 1,0,,,,,,,,,,,,,,,,,,,,,,,,,,,
0410_00,Jeice,SP Fighting Pose 3,Skill 2,0 / 30,,,,,,,,,,,,,-0.2,-0.2,-0.2,-0.2,,,,,,,,,,,
0410_00,Jeice,While Sparking,Passive,0,,,,,,,,,,,,,,,,,,,3,,,,,,,,
0420_00,Guldo,Paralysis,Skill 1,3,,,,,,,,,,,,,,,,,,,,,,,,,,,
0420_00,Guldo,SP Fighting Pose 4,Skill 2,0 / 30,,,,,,,,,,,,,-0.2,-0.2,-0.2,-0.2,,,,,,,,,,,
0420_00,Guldo,While Sparking,Passive,0,,,,,,,,,,,,,,,,,,,3,,,,,,,,
0430_00,King Cold,Explosive Wave,Skill 1,0,,,,,,,,,,,,,,,,,,,,,,,,,,,
0430_00,King Cold,King's Dignity,Skill 2,25,0.1,0.1,0.1,0.1,0.1,0.1,,0.1,0.1,,,,,,,,,,,0.1,,,,,,,
0430_00,King Cold,While Sparking,Passive,0,,,,,,,,,,,,,,,,,,,3,,,,,,,,
0440_00,Android 16,Pump Up,Skill 2,20,0.15,0.15,0.15,0.15,0.15,0.15,,0.15,0.15,,,,,,,,,,,,,,,,,,
0440_00,Android 16,While Sparking,Passive,0,,,,,,,,,,,,,,,,,,,3,,,,,,,,
0450_00,Android 17 (Z),Android Barrier,Skill 1,0,,,,,,,,,,,,,,,,,,,,,,,,,,,
0450_00,Android 17 (Z),Finish Sign,Skill 2,25,0.1,0.1,0.1,0.1,0.1,0.1,,0.1,0.1,,0.1,0.1,,,,,,,,,,,,,,,
0450_00,Android 17 (Z),While Sparking,Passive,0,,,,,,,,,,,,,,,,,,,3,,,,,,,,
0450_10,Android 17 (Super),Android Barrier,Skill 1,0,,,,,,,,,,,,,,,,,,,,,,,,,,,
0450_10,Android 17 (Super),Time to Get Serious,Skill 2,15 / 30,0.1,0.1,0.1,0.1,0.1,0.1,,0.1,0.1,,0.1,0.1,-0.2,-0.2,-0.2,-0.2,,,,,,,,,,,
0450_10,Android 17 (Super),While Sparking,Passive,0,,,,,,,,,,,,,,,,,,,3,,,,,,,,
0451_00,Super 17,Android Barrier,Skill 1,0,,,,,,,,,,,,,,,,,,,,,,,,,,,
0451_00,Super 17,Pump Up,Skill 2,25,0.15,0.15,0.15,0.15,0.15,0.15,,0.15,0.15,,,,,,,,,,,-0.1,,,,,,,
0451_00,Super 17,While Sparking,Passive,0,,,,,,,,,,,,,,,,,,,3,,,,,,,,
0460_00,Android 18,Android Barrier,Skill 1,0,,,,,,,,,,,,,,,,,,,,,,,,,,,
0460_00,Android 18,Super Unyielding Spirit,Skill 2,15 / 30,0.1,0.1,0.1,0.1,0.1,0.1,,0.1,0.1,,,,-0.2,-0.2,-0.2,-0.2,,,,,,,,,,,
0460_00,Android 18,While Sparking,Passive,0,,,,,,,,,,,,,,,,,,,3,,,,,,,,
0470_00,Android 19,False Courage,Skill 1,10,,,,,,,,,,,,,0.1,0.1,,0.1,,3,,,,,,,,,
0470_00,Android 19,Pump Up,Skill 2,25,0.15,0.15,0.15,0.15,0.15,0.15,,0.15,0.15,,,,,,,,,,,,,,,,,,
0470_00,Android 19,While Sparking,Passive,0,,,,,,,,,,,,,,,,,,,3,,,,,,,,
0480_00,Dr. Gero,False Courage,Skill 1,15,-0.1,-0.1,-0.1,-0.1,-0.1,-0.1,,-0.1,-0.1,,,,0.1,0.1,,0.1,,3,,,,,,,,,
0480_00,Dr. Gero,Finish Sign,Skill 2,25,0.1,0.1,0.1,0.1,0.1,0.1,,0.1,0.1,,0.1,0.1,,,,,,,,,,,,,,,
0480_00,Dr. Gero,While Sparking,Passive,0,,,,,,,,,,,,,,,,,,,3,,,,,,,,
0490_00,Babidi,Demon Eye,Skill 1,4,,,,,,,,,,,,,,,,,,,,,,,,,,,
0490_00,Babidi,Wizard Barrier,Skill 2,0,,,,,,,,,,,,,,,,,,,,,,,,,,,
0490_00,Babidi,While Sparking,Passive,0,,,,,,,,,,,,,,,,,,,3,,,,,,,,
0500_00,Dabura,Evil Breath,Skill 1,0,,,,,,,,,,,,,,,,,,,,,,,,,,,
0500_00,Dabura,Afterimage Strike,Skill 2,10,,,,,,,,,,,,,,,,,,,,,,,,,,,
0500_00,Dabura,While Sparking,Passive,0,,,,,,,,,,,,,,,,,,,3,,,,,,,,
0510_00,King Vegeta,Explosive Wave,Skill 1,0,,,,,,,,,,,,,,,,,,,,,,,,,,,
0510_00,King Vegeta,King of Saiyans,Skill 2,30,0.1,0.1,0.1,0.1,0.1,0.1,,0.1,0.1,,0.1,0.1,,,,,,,,,,,,,0.1,0.1,
0510_00,King Vegeta,While Sparking,Passive,0,,,,,,,,,,,,,,,,,,,3,,,,,,,,
0540_00,Frieza Force Soldier,Full-Power Charge,Skill 1,0 / 25,,,,,,,,,,,,,-0.1,-0.1,-0.1,-0.1,,,,,,,,,,,
0540_00,Frieza Force Soldier,Sleep,Skill 2,0,,,,,,,,,,,,,,,,,,,,,,,,,,,
0540_00,Frieza Force Soldier,While Sparking,Passive,0,,,,,,,,,,,,,,,,,,,3,,,,,,,,
0550_00,Broly (Z),Wild Sense,Skill 1,0,,,,,,,,,,,,,,,,,,,,,,,,,,,
0550_00,Broly (Z),Kakarottt!,Skill 2,0 / 30,,,,,,,,,,,,,-0.2,-0.2,-0.2,-0.2,,,,,,,,,,,
0550_00,Broly (Z),While Sparking,Passive,0,,,,,,,,,,,,,,,,,,,3,,,,,,,,
0551_00,"Broly (Z), Super Saiyan",Kakarottt!,Skill 2,0 / 30,,,,,,,,,,,,,-0.2,-0.2,-0.2,-0.2,,,,,,,,,,,
0551_00,"Broly (Z), Super Saiyan",Saiyan Spirit,Skill 1,25,0.1,0.1,0.1,0.1,0.1,0.1,,0.1,0.1,,0.1,0.1,,,,,,,,,,,,,,,
0551_00,"Broly (Z), Super Saiyan",While Sparking,Passive,0,,,,,,,,,,,,,,,,,,,3,,,,,,,,
0552_00,"Broly (Z), Legendary Super Saiyan",Kakarottt!,Skill 2,15 / 30,0.15,0.15,0.15,0.15,0.15,0.15,,0.15,0.15,,,,-0.2,-0.2,-0.2,-0.2,,,,,,,,,,,
0552_00,"Broly (Z), Legendary Super Saiyan",While Sparking,Passive,0,,,,,,,,,,,,,,,,,,,3,,,,,,,,
0553_00,Broly (Super),Full-Power Charge,Skill 1,0 / 25,,,,,,,,,,,,,-0.1,-0.1,-0.1,-0.1,,,,,,,,,,,
0553_00,Broly (Super),Going Berserk,Skill 2,0 / 30,,,,,,,,,,,,,-0.2,-0.2,-0.2,-0.2,,,,,,,,,,,
0553_00,Broly (Super),While Sparking,Passive,0,,,,,,,,,,,,,,,,,,,3,,,,,,,,
0554_00,"Broly (Super), Super Saiyan",Saiyan Spirit,Skill 1,25,0.1,0.1,0.1,0.1,0.1,0.1,,0.1,0.1,,0.1,0.1,,,,,-0.05,,,,,,,,,,
0554_00,"Broly (Super), Super Saiyan",Howl,Skill 2,15 / 30,0.1,0.1,0.1,0.1,0.1,0.1,,0.1,0.1,,,,-0.2,-0.2,-0.2,-0.2,,,,,,,,,,,
0554_00,"Broly (Super), Super Saiyan",While Sparking,Passive,0,,,,,,,,,,,,,,,,,,,3,,,,,,,,
0555_00,"Broly (Super), Super Saiyan (Full Power)",Wild Move,Skill 1,0.4,,,,,,,,,,,,,,,,,,,,,,,,,,,
0555_00,"Broly (Super), Super Saiyan (Full Power)",Untamed Instinct,Skill 2,15 / 30,0.1,0.1,0.1,0.1,0.1,0.1,,0.1,0.1,,0.1,0.1,-0.2,-0.2,-0.2,-0.2,,,,,,,,,,,
0555_00,"Broly (Super), Super Saiyan (Full Power)",While Sparking,Passive,0,,,,,,,,,,,,,,,,,,,3,,,,,,,,
0561_00,Super Garlic Jr.,Sealing Paralyze Beam,Skill 1,3,,,,,,,,,,,,,,,,,,,,,,,,,,,
0561_00,Super Garlic Jr.,Makyo Star,Skill 2,15,0.1,0.1,0.1,0.1,0.1,0.1,,0.1,0.1,,,,0.1,0.1,,0.1,,,,0.1,,,,,,,
0561_00,Super Garlic Jr.,While Sparking,Passive,0,,,,,,,,,,,,,,,,,,,3,,,,,,,,
0570_00,Dr. Wheelo,Barrier,Skill 1,0,,,,,,,,,,,,,,,,,,,,,,,,,,,
0570_00,Dr. Wheelo,Full Power,Skill 2,0 / 30,,,,,,,,,,,,,-0.2,-0.2,-0.2,-0.2,,,,,,,,,,,
0570_00,Dr. Wheelo,While Sparking,Passive,0,,,,,,,,,,,,,,,,,,,3,,,,,,,,
0580_00,Turles,Explosive Wave,Skill 1,0,,,,,,,,,,,,,,,,,,,,,,,,,,,
0580_00,Turles,Fruit of the Tree of Might,Skill 2,15,0.15,0.15,0.15,0.15,0.15,0.15,,0.15,0.15,,0.15,0.15,0.15,0.15,,0.15,,,,0.15,,,,,,,
0580_00,Turles,While Sparking,Passive,0,,,,,,,,,,,,,,,,,,,3,,,,,,,,
0590_00,Lord Slug,Explosive Wave,Skill 1,0,,,,,,,,,,,,,,,,,,,,,,,,,,,
0590_00,Lord Slug,High-Tension,Skill 2,15,0.1,0.1,0.1,0.1,0.1,0.1,,0.1,0.1,0.1,0.1,0.1,,,,,,,,,,,,,,,
0590_00,Lord Slug,While Sparking,Passive,0,,,,,,,,,,,,,,,,,,,3,,,,,,,,
0591_00,"Lord Slug, Giant Form",Explosive Wave,Skill 1,0,,,,,,,,,,,,,,,,,,,,,,,,,,,
0591_00,"Lord Slug, Giant Form",Pump Up,Skill 2,25,0.15,0.15,0.15,0.15,0.15,0.15,,0.15,0.15,,,,,,,,,,,-0.1,,,,,,,
0591_00,"Lord Slug, Giant Form",While Sparking,Passive,0,,,,,,,,,,,,,,,,,,,3,,,,,,,,
0600_00,Cooler,Psychokinesis,Skill 1,3,,,,,,,,,,,,,,,,,,,,,,,,,,,
0600_00,Cooler,Afterimage,Skill 2,0,,,,,,,,,,,,,,,,,,,,,,,,,,,
0600_00,Cooler,While Sparking,Passive,0,,,,,,,,,,,,,,,,,,,3,,,,,,,,
0600_10,Metal Cooler,Instant Transmission,Skill 1,0.4,,,,,,,,,,,,,,,,,,,,,,,,,,,
0600_10,Metal Cooler,Regeneration,Skill 2,0,,,,,,,,,,,,,,,,,,,,,,,,,,,
0600_10,Metal Cooler,While Sparking,Passive,0,,,,,,,,,,,,,,,,,,,3,,,,,,,,
0601_00,"Cooler, Final Form",Psychokinesis,Skill 1,3,,,,,,,,,,,,,,,,,,,,,,,,,,,
0601_00,"Cooler, Final Form",Psycho Barrier,Skill 2,0,,,,,,,,,,,,,,,,,,,,,,,,,,,
0601_00,"Cooler, Final Form",While Sparking,Passive,0,,,,,,,,,,,,,,,,,,,3,,,,,,,,
0610_00,Salza,Explosive Wave,Skill 1,0,,,,,,,,,,,,,,,,,,,,,,,,,,,
0610_00,Salza,Finish Sign,Skill 2,25,,,,,,,,,,,0.1,0.1,,,,,,,,,,,,,,,
0610_00,Salza,While Sparking,Passive,0,,,,,,,,,,,,,,,,,,,3,,,,,,,,
0620_00,Android 13,Wild Sense,Skill 1,0,,,,,,,,,,,,,,,,,,,,,,,,,,,
0620_00,Android 13,High-Tension,Skill 2,25,0.1,0.1,0.1,0.1,0.1,0.1,,0.1,0.1,,,,,,,,,,,0.1,,,,,,,
0620_00,Android 13,While Sparking,Passive,0,,,,,,,,,,,,,,,,,,,3,,,,,,,,
0621_00,Fusion Android 13,Android Barrier,Skill 1,0,,,,,,,,,,,,,,,,,,,,,,,,,,,
0621_00,Fusion Android 13,Pump Up,Skill 2,25,0.15,0.15,0.15,0.15,0.15,0.15,,0.15,0.15,,,,,,,,,,,,,,,,,,
0621_00,Fusion Android 13,While Sparking,Passive,0,,,,,,,,,,,,,,,,,,,3,,,,,,,,
0630_00,Bojack,Psycho Barrier,Skill 1,0,,,,,,,,,,,,,,,,,,,,,,,,,,,
0630_00,Bojack,Full Power,Skill 2,0 / 30,,,,,,,,,,,,,-0.2,-0.2,-0.2,-0.2,,,,,,,,,,,
0630_00,Bojack,While Sparking,Passive,0,,,,,,,,,,,,,,,,,,,3,,,,,,,,
0631_00,Full-Power Bojack,Psycho Barrier,Skill 1,0,,,,,,,,,,,,,,,,,,,,,,,,,,,
0631_00,Full-Power Bojack,Pump Up,Skill 2,25,0.15,0.15,0.15,0.15,0.15,0.15,,0.15,0.15,,,,,,,,,,,,,,,,,,
0631_00,Full-Power Bojack,While Sparking,Passive,0,,,,,,,,,,,,,,,,,,,3,,,,,,,,
0640_00,Zangya,Psycho Thread,Skill 1,3,,,,,,,,,,,,,,,,,,,,,,,,,,,
0640_00,Zangya,Wild Sense,Skill 2,0,,,,,,,,,,,,,,,,,,,,,,,,,,,
0640_00,Zangya,While Sparking,Passive,0,,,,,,,,,,,,,,,,,,,3,,,,,,,,
0650_00,Janemba,Mystic Breath,Skill 1,0,,,,,,,,,,,,,,,,,,,,,,,,,,,
0650_00,Janemba,Howl,Skill 2,15 / 30,0.1,0.1,0.1,0.1,0.1,0.1,,0.1,0.1,,,,-0.2,-0.2,-0.2,-0.2,,,,,,,,,,,
0650_00,Janemba,While Sparking,Passive,0,,,,,,,,,,,,,,,,,,,3,,,,,,,,
0651_00,Super Janemba,Mystic Breath,Skill 1,0,,,,,,,,,,,,,,,,,,,,,,,,,,,
0651_00,Super Janemba,Dimension Shift,Skill 2,0.4,,,,,,,,,,,,,,,,,,,,,,,,,,,
0651_00,Super Janemba,While Sparking,Passive,0,,,,,,,,,,,,,,,,,,,3,,,,,,,,
0660_00,Tapion,Hero's Flute,Skill 1,0,,,,,,,,,,,,,,,,,,,,,,,,,,,
0660_00,Tapion,Afterimage,Skill 2,0,,,,,,,,,,,,,,,,,,,,,,,,,,,
0660_00,Tapion,While Sparking,Passive,0,,,,,,,,,,,,,,,,,,,3,,,,,,,,
0670_00,Hirudegarn,Explosive Wave,Skill 1,0,,,,,,,,,,,,,,,,,,,,,,,,,,,
0670_00,Hirudegarn,Dark Eyes,Skill 2,0,,,,,,,,,,,,,,,,,,,,,,,,,,,
0670_00,Hirudegarn,While Sparking,Passive,0,,,,,,,,,,,,,,,,,,,3,,,,,,,,
0680_00,Baby Vegeta (GT),Explosive Wave,Skill 1,0,,,,,,,,,,,,,,,,,,,,,,,,,,,
0680_00,Baby Vegeta (GT),High-Tension,Skill 2,25,0.1,0.1,0.1,0.1,0.1,0.1,,0.1,0.1,,,,,,,,,,,0.1,,,,,,,
0680_00,Baby Vegeta (GT),While Sparking,Passive,0,,,,,,,,,,,,,,,,,,,3,,,,,,,,
0680_01,Super Baby 1 (GT),Afterimage,Skill 1,0,,,,,,,,,,,,,,,,,,,,,,,,,,,
0680_01,Super Baby 1 (GT),High-Tension,Skill 2,25,0.1,0.1,0.1,0.1,0.1,0.1,,0.1,0.1,,,,,,,,,,,0.1,,,,,,,
0680_01,Super Baby 1 (GT),While Sparking,Passive,0,,,,,,,,,,,,,,,,,,,3,,,,,,,,
0680_02,Super Baby 2 (GT),Explosive Wave,Skill 1,0,,,,,,,,,,,,,,,,,,,,,,,,,,,
0680_02,Super Baby 2 (GT),Full Power,Skill 2,0 / 30,,,,,,,,,,,,,-0.2,-0.2,-0.2,-0.2,,,,,,,,,,,
0680_02,Super Baby 2 (GT),While Sparking,Passive,0,,,,,,,,,,,,,,,,,,,3,,,,,,,,
0681_00,Great Ape Baby (GT),Explosive Wave,Skill 1,0,,,,,,,,,,,,,,,,,,,,,,,,,,,
0681_00,Great Ape Baby (GT),Howl,Skill 2,15 / 30,0.1,0.1,0.1,0.1,0.1,0.1,,0.1,0.1,,,,-0.2,-0.2,-0.2,-0.2,,,,,,,,,,,
0681_00,Great Ape Baby (GT),While Sparking,Passive,0,,,,,,,,,,,,,,,,,,,3,,,,,,,,
0690_00,Nuova Shenron (GT),Instant Transmission,Skill 1,0.4,,,,,,,,,,,,,,,,,,,,,,,,,,,
0690_00,Nuova Shenron (GT),Explosive Wave,Skill 2,0,,,,,,,,,,,,,,,,,,,,,,,,,,,
0690_00,Nuova Shenron (GT),While Sparking,Passive,0,,,,,,,,,,,,,,,,,,,3,,,,,,,,
0700_00,Syn Shenron (GT),Explosive Wave,Skill 1,0,,,,,,,,,,,,,,,,,,,,,,,,,,,
0700_00,Syn Shenron (GT),Mystic Breath,Skill 2,0,,,,,,,,,,,,,,,,,,,,,,,,,,,
0700_00,Syn Shenron (GT),While Sparking,Passive,0,,,,,,,,,,,,,,,,,,,3,,,,,,,,
0700_01,Omega Shenron (GT),Wild Sense,Skill 1,0,,,,,,,,,,,,,,,,,,,,,,,,,,,
0700_01,Omega Shenron (GT),Power Up to the Very Limit,Skill 2,15 / 30,0.1,0.1,0.1,0.1,0.1,0.1,,0.1,0.1,,0.1,0.1,-0.2,-0.2,-0.2,-0.2,,,,0.1,,,,,,,
0700_01,Omega Shenron (GT),While Sparking,Passive,0,,,,,,,,,,,,,,,,,,,3,,,,,,,,
0710_00,Mercenary Tao,Wild Sense,Skill 2,0,,,,,,,,,,,,,,,,,,,,,,,,,,,
0710_00,Mercenary Tao,False Courage,Skill 1,10,,,,,,,,,,,,,0.1,0.1,,0.1,,3,,,,,,,,,
0710_00,Mercenary Tao,While Sparking,Passive,0,,,,,,,,,,,,,,,,,,,3,,,,,,,,
0720_00,General Blue,Telekinesis,Skill 1,5,,,,,,,,,,,,,,,,,,,,,,,,,,,
0720_00,General Blue,I'm the Worst!,Skill 2,15,0.1,0.1,0.1,0.1,0.1,0.1,,,,0.1,0.1,0.1,,,,,,,,,,,,,,,
0720_00,General Blue,While Sparking,Passive,0,,,,,,,,,,,,,,,,,,,3,,,,,,,,
0730_00,Spike the Devil Man,Paralyze Beam,Skill 1,3,,,,,,,,,,,,,,,,,,,,,,,,,,,
0730_00,Spike the Devil Man,False Courage,Skill 2,10,,,,,,,,,,,,,0.1,0.1,,0.1,,3,,,,,,,,,
0730_00,Spike the Devil Man,While Sparking,Passive,0,,,,,,,,,,,,,,,,,,,3,,,,,,,,
0760_00,Spopovich,A Servant's Latent Power,Skill 1,25,0.15,0.15,0.15,0.15,0.15,0.15,,0.15,0.15,,,,0.05,0.05,,0.05,,,,-0.1,,,,,,,
0760_00,Spopovich,Berserker,Skill 2,25,,,,,,,,,,,,,0.15,0.15,,0.15,,,,,,,,,,,
0760_00,Spopovich,While Sparking,Passive,0,,,,,,,,,,,,,,,,,,,3,,,,,,,,
0780_00,Beerus,Sleep,Skill 1,0,,,,,,,,,,,,,,,,,,,,,,,,,,,
0780_00,Beerus,Verdict of Destruction,Skill 2,0 / 30,,,,,,,,,,,,,-0.2,-0.2,-0.2,-0.2,,,,,,,,,,,
0780_00,Beerus,While Sparking,Passive,0,,,,,,,,,,,,,,,,,,,3,,,,,,,,
0790_00,Whis,Barrier,Skill 1,0,,,,,,,,,,,,,,,,,,,,,,,,,,,
0790_00,Whis,Snack Time,Skill 2,0,,,,,,,,,,,,,,,,,,,,,,,,,,,
0790_00,Whis,While Sparking,Passive,0,,,,,,,,,,,,,,,,,,,3,,,,,,,,
0800_00,Goku Black,Wild Sense,Skill 1,0,,,,,,,,,,,,,,,,,,,,,,,,,,,
0800_00,Goku Black,Finish Sign,Skill 2,25,0.1,0.1,0.1,0.1,0.1,0.1,,0.1,0.1,,0.1,0.1,,,,,,,,,,,,,,,
0800_00,Goku Black,While Sparking,Passive,0,,,,,,,,,,,,,,,,,,,3,,,,,,,,
0800_00,Goku Black,"Low health: stored trigger 10,000 HP",Passive,0,0.1,0.1,0.1,0.1,0.1,0.1,0.1,0.1,0.1,0.1,0.1,0.1,,,,,,,,,,,,,,,
0800_01,"Goku Black, Super Saiyan Rosé",Instant Transmission,Skill 1,0.4,,,,,,,,,,,,,,,,,,,,,,,,,,,
0800_01,"Goku Black, Super Saiyan Rosé",Audacious Laugh,Skill 2,0 / 30,,,,,,,,,,,,,-0.2,-0.2,-0.2,-0.2,,,,,,,,,,,
0800_01,"Goku Black, Super Saiyan Rosé",While Sparking,Passive,0,,,,,,,,,,,,,,,,,,,3,,,,,,,,
0800_01,"Goku Black, Super Saiyan Rosé","Low health: stored trigger 10,000 HP",Passive,0,0.1,0.1,0.1,0.1,0.1,0.1,0.1,0.1,0.1,0.1,0.1,0.1,,,,,,,,,,,,,,,
0810_00,Zamasu,Immortal Body,Skill 1,0,,,,,,,,,,,,,,,,,,,,,,,,,,,
0810_00,Zamasu,Afterimage Strike,Skill 2,10,,,,,,,,,,,,,,,,,,,,,,,,,,,
0810_00,Zamasu,While Sparking,Passive,0,,,,,,,,,,,,,,,,,,,3,,,,,,,,
0810_01,Fused Zamasu,Immortal Body,Skill 1,0,,,,,,,,,,,,,,,,,,,,,,,,,,,
0810_01,Fused Zamasu,This is True Justice!,Skill 2,0 / 30,,,,,,,,,,,,,-0.2,-0.2,-0.2,-0.2,,,,,,,,,,,
0810_01,Fused Zamasu,While Sparking,Passive,0,,,,,,,,,,,,,,,,,,,3,,,,,,,,
0811_00,"Fused Zamasu, Half-Corrupted",Light of Justice,Skill 2,25,0.1,0.1,0.1,0.1,0.1,0.1,,0.1,0.1,,0.1,0.1,,,,,-0.05,,,,,,,,,,
0811_00,"Fused Zamasu, Half-Corrupted",While Sparking,Passive,0,,,,,,,,,,,,,,,,,,,3,,,,,,,,
0820_00,Demon King Piccolo,Paralyze Beam,Skill 1,3,,,,,,,,,,,,,,,,,,,,,,,,,,,
0820_00,Demon King Piccolo,Full Power,Skill 2,0 / 30,,,,,,,,,,,,,-0.2,-0.2,-0.2,-0.2,,,,,,,,,,,
0820_00,Demon King Piccolo,While Sparking,Passive,0,,,,,,,,,,,,,,,,,,,3,,,,,,,,
0830_00,Jaco,Elite Flash,Skill 1,5,,,,,,,,,,,,,,,,,,,,,,,,,,,
0830_00,Jaco,Elite Pose,Skill 2,0 / 30,,,,,,,,,,,,,-0.2,-0.2,-0.2,-0.2,,,,,,,,,,,
0830_00,Jaco,While Sparking,Passive,0,,,,,,,,,,,,,,,,,,,3,,,,,,,,
0870_00,Hit,Ki Clone,Skill 1,0,,,,,,,,,,,,,,,,,,,,,,,,,,,
0870_00,Hit,Time Skip,Skill 2,0.4,,,,,,,,,,,,,,,,,,,,,,,,,,,
0870_00,Hit,While Sparking,Passive,0,,,,,,,,,,,,,,,,,,,3,,,,,,,,
0881_00,Frost,Explosive Wave,Skill 1,0,,,,,,,,,,,,,,,,,,,,,,,,,,,
0881_00,Frost,Welcome to My World,Skill 2,0 / 30,,,,,,,,,,,,,-0.2,-0.2,-0.2,-0.2,,,,,,,,,,,
0881_00,Frost,While Sparking,Passive,0,,,,,,,,,,,,,,,,,,,3,,,,,,,,
0890_00,Cabba,Explosive Wave,Skill 1,0,,,,,,,,,,,,,,,,,,,,,,,,,,,
0890_00,Cabba,Full Power,Skill 2,0 / 30,,,,,,,,,,,,,-0.2,-0.2,-0.2,-0.2,,,,,,,,,,,
0890_00,Cabba,While Sparking,Passive,0,,,,,,,,,,,,,,,,,,,3,,,,,,,,
0890_01,"Cabba, Super Saiyan",Explosive Wave,Skill 1,0,,,,,,,,,,,,,,,,,,,,,,,,,,,
0890_01,"Cabba, Super Saiyan",Wild Sense,Skill 2,0,,,,,,,,,,,,,,,,,,,,,,,,,,,
0890_01,"Cabba, Super Saiyan",While Sparking,Passive,0,,,,,,,,,,,,,,,,,,,3,,,,,,,,
0890_02,"Cabba, Super Saiyan 2",Growth,Skill 2,0 / 30,,,,,,,,,,,,,-0.2,-0.2,-0.2,-0.2,,,,,,,,,,,
0890_02,"Cabba, Super Saiyan 2",While Sparking,Passive,0,,,,,,,,,,,,,,,,,,,3,,,,,,,,
0900_00,Caulifla,False Courage,Skill 1,10,,,,,,,,,,,,,0.1,0.1,,0.1,,3,,,,,,,,,
0900_00,Caulifla,Wild Sense,Skill 2,0,,,,,,,,,,,,,,,,,,,,,,,,,,,
0900_00,Caulifla,While Sparking,Passive,0,,,,,,,,,,,,,,,,,,,3,,,,,,,,
0900_02,"Caulifla, Super Saiyan 2",Wild Sense,Skill 1,0,,,,,,,,,,,,,,,,,,,,,,,,,,,
0900_02,"Caulifla, Super Saiyan 2",Full Power,Skill 2,0 / 30,,,,,,,,,,,,,-0.2,-0.2,-0.2,-0.2,,,,,,,,,,,
0900_02,"Caulifla, Super Saiyan 2",While Sparking,Passive,0,,,,,,,,,,,,,,,,,,,3,,,,,,,,
0910_00,Kale,Full-Power Charge,Skill 1,0 / 25,,,,,,,,,,,,,-0.1,-0.1,-0.1,-0.1,,,,,,,,,,,
0910_00,Kale,Going Berserk,Skill 2,0 / 30,,,,,,,,,,,,,-0.2,-0.2,-0.2,-0.2,,,,,,,,,,,
0910_00,Kale,While Sparking,Passive,0,,,,,,,,,,,,,,,,,,,3,,,,,,,,
0911_00,"Kale, Super Saiyan (Berserk)",Cry of Rage,Skill 1,3,,,,,,,,,,,,,,,,,,,,,,,,,,,
0911_00,"Kale, Super Saiyan (Berserk)",Berserk Rage,Skill 2,15 / 30,0.15,0.15,,,,,,0.15,0.15,,0.15,0.15,-0.2,-0.2,-0.2,-0.2,,,,,,,,,,,
0911_00,"Kale, Super Saiyan (Berserk)",While Sparking,Passive,0,,,,,,,,,,,,,,,,,,,3,,,,,,,,
0912_00,"Kale, Super Saiyan",Wild Sense,Skill 1,0,,,,,,,,,,,,,,,,,,,,,,,,,,,
0912_00,"Kale, Super Saiyan",Saiyan Spirit,Skill 2,25,0.1,0.1,0.1,0.1,0.1,,,0.1,0.1,,,,,,,,,,,,,,,,0.1,0.1,
0912_00,"Kale, Super Saiyan",While Sparking,Passive,0,,,,,,,,,,,,,,,,,,,3,,,,,,,,
0920_00,Kefla,Wild Sense,Skill 1,0,,,,,,,,,,,,,,,,,,,,,,,,,,,
0920_00,Kefla,High-Tension,Skill 2,25,0.1,0.1,0.1,0.1,0.1,0.1,,0.1,0.1,,,,,,,,,,,0.1,,,,,,,
0920_00,Kefla,While Sparking,Passive,0,,,,,,,,,,,,,,,,,,,3,,,,,,,,
0920_01,"Kefla, Super Saiyan",False Courage,Skill 1,10,,,,,,,,,,,,,0.1,0.1,,0.1,,3,,,,,,,,,
0920_01,"Kefla, Super Saiyan",Finish Sign,Skill 2,25,0.1,0.1,0.1,0.1,0.1,0.1,,0.1,0.1,,0.1,0.1,,,,,,,,,,,,,,,
0920_01,"Kefla, Super Saiyan",While Sparking,Passive,0,,,,,,,,,,,,,,,,,,,3,,,,,,,,
0920_02,"Kefla, Super Saiyan 2",Saiyan Spirit,Skill 1,25,0.1,0.1,0.1,0.1,0.1,0.1,,0.1,0.1,,0.1,0.1,,,,,-0.05,,,,,,,,,,
0920_02,"Kefla, Super Saiyan 2",I'm Number One!,Skill 2,15 / 30,0.1,0.1,0.1,0.1,0.1,0.1,,0.1,0.1,,,,-0.2,-0.2,-0.2,-0.2,,,,,,,,,,,
0920_02,"Kefla, Super Saiyan 2",While Sparking,Passive,0,,,,,,,,,,,,,,,,,,,3,,,,,,,,
0930_00,Jiren,Ki Pressure,Skill 1,0,,,,,,,,,,,,,,,,,,,,,,,,,,,
0930_00,Jiren,Meditation,Skill 2,0,,,,,,,,,,,,,,,,,,,,,,,,,,,
0930_00,Jiren,While Sparking,Passive,0,,,,,,,,,,,,,,,,,,,3,,,,,,,,
0931_00,"Jiren, Full Power",Ki Storm,Skill 1,0,,,,,,,,,,,,,,,,,,,,,,,,,,,
0931_00,"Jiren, Full Power",Strength is Absolute!,Skill 2,15 / 30,0.1,0.1,0.1,0.1,0.1,0.1,,0.1,0.1,,0.1,0.1,-0.2,-0.2,-0.2,-0.2,,,,0.1,,,,,,,
0931_00,"Jiren, Full Power",While Sparking,Passive,0,,,,,,,,,,,,,,,,,,,3,,,,,,,,
0940_00,Toppo,Pride Trooper Pose 1,Skill 2,15 / 30,,,,,,,,,,,0.05,0.05,-0.2,-0.2,-0.2,-0.2,,,,0.05,,,,,,,
0940_00,Toppo,Justice!,Skill 1,25,,,,,,,,0.1,0.1,,,,,,,,,,,0.1,0.1,0.1,0.1,,,,
0940_00,Toppo,While Sparking,Passive,0,,,,,,,,,,,,,,,,,,,3,,,,,,,,
0941_00,"Toppo, God of Destruction",Resolution,Skill 1,25,0.1,0.1,0.1,0.1,0.1,0.1,,0.1,0.1,,0.1,0.1,,,,,,,,,,,,,,,
0941_00,"Toppo, God of Destruction",Hakai Aura,Skill 2,0,,,,,,,,,,,,,,,,,,,,,,,,,,,
0941_00,"Toppo, God of Destruction",While Sparking,Passive,0,,,,,,,,,,,,,,,,,,,3,,,,,,,,
0950_00,Dyspo,Super Maximum Light Speed Mode,Skill 1,25,,,,,,,,,,,,,,,,,,,,,,,,,,,-0.3
0950_00,Dyspo,Pride Trooper Pose 2,Skill 2,15 / 30,0.1,0.1,0.1,0.1,0.1,0.1,,0.1,0.1,,,,-0.2,-0.2,-0.2,-0.2,,,,,,,,,,,
0950_00,Dyspo,While Sparking,Passive,0,,,,,,,,,,,,,,,,,,,3,,,,,,,,
1000_00,Champa,Sleep,Skill 1,0,,,,,,,,,,,,,,,,,,,,,,,,,,,
1000_00,Champa,Fury,Skill 2,0 / 30,,,,,,,,,,,,,-0.2,-0.2,-0.2,-0.2,,,,,,,,,,,
1000_00,Champa,While Sparking,Passive,0,,,,,,,,,,,,,,,,,,,3,,,,,,,,
1190_00,Bergamo,Howl,Skill 1,15 / 30,0.1,0.1,0.1,0.1,0.1,0.1,,0.1,0.1,,,,-0.2,-0.2,-0.2,-0.2,,,,,,,,,,,
1190_00,Bergamo,Come at Me!,Skill 2,25,0.1,0.1,0.1,0.1,0.1,0.1,,0.1,0.1,,0.1,0.1,0.1,0.1,,0.1,,,,,,,,,,,
1190_00,Bergamo,While Sparking,Passive,0,,,,,,,,,,,,,,,,,,,3,,,,,,,,
1321_00,Ribrianne,Light of Love,Skill 1,4,,,,,,,,,,,,,,,,,,,,,,,,,,,
1321_00,Ribrianne,Maiden's Fury,Skill 2,0 / 30,,,,,,,,,,,,,-0.2,-0.2,-0.2,-0.2,,,,,,,,,,,
1321_00,Ribrianne,While Sparking,Passive,0,,,,,,,,,,,,,,,,,,,3,,,,,,,,
1331_00,Kakunsa,Wild Sense,Skill 1,0,,,,,,,,,,,,,,,,,,,,,,,,,,,
1331_00,Kakunsa,Maiden's Fury,Skill 2,0 / 30,,,,,,,,,,,,,-0.2,-0.2,-0.2,-0.2,,,,,,,,,,,
1331_00,Kakunsa,While Sparking,Passive,0,,,,,,,,,,,,,,,,,,,3,,,,,,,,
1341_00,Roasie,Full-Power Charge,Skill 1,0 / 25,,,,,,,,,,,,,-0.1,-0.1,-0.1,-0.1,,,,,,,,,,,
1341_00,Roasie,Maiden's Fury,Skill 2,0 / 30,,,,,,,,,,,,,-0.2,-0.2,-0.2,-0.2,,,,,,,,,,,
1341_00,Roasie,While Sparking,Passive,0,,,,,,,,,,,,,,,,,,,3,,,,,,,,
1500_00,Anilaza,Ultrasonic Sensor,Skill 1,0,,,,,,,,,,,,,,,,,,,,,,,,,,,
1500_00,Anilaza,Howl,Skill 2,15 / 30,0.1,0.1,0.1,0.1,0.1,0.1,,0.1,0.1,,,,-0.2,-0.2,-0.2,-0.2,,,,,,,,,,,
1500_00,Anilaza,While Sparking,Passive,0,,,,,,,,,,,,,,,,,,,3,,,,,,,,
1960_00,Cheelai,Flash Blast,Skill 1,5,,,,,,,,,,,,,,,,,,,,,,,,,,,
1960_00,Cheelai,False Courage,Skill 2,10,,,,,,,,,,,,,0.1,0.1,,0.1,,3,,,,,,,,,
1960_00,Cheelai,While Sparking,Passive,0,,,,,,,,,,,,,,,,,,,3,,,,,,,,
3000_00,Gohan (Super Hero),Afterimage,Skill 1,0,,,,,,,,,,,,,,,,,,,,,,,,,,,
3000_00,Gohan (Super Hero),Full-Power Charge,Skill 2,0 / 25,,,,,,,,,,,,,-0.1,-0.1,-0.1,-0.1,,,,,,,,,,,
3000_00,Gohan (Super Hero),While Sparking,Passive,0,,,,,,,,,,,,,,,,,,,3,,,,,,,,
3000_01,"Gohan (Super Hero), Super Saiyan",Full-Power Charge,Skill 2,0 / 25,,,,,,,,,,,,,-0.1,-0.1,-0.1,-0.1,,,,,,,,,,,
3000_01,"Gohan (Super Hero), Super Saiyan",While Sparking,Passive,0,,,,,,,,,,,,,,,,,,,3,,,,,,,,
3000_02,"Gohan (Super Hero), Ultimate Gohan",Wild Sense,Skill 1,0,,,,,,,,,,,,,,,,,,,,,,,,,,,
3000_02,"Gohan (Super Hero), Ultimate Gohan",The Power to Rise Again,Skill 2,25,0.1,0.1,0.1,0.1,0.1,0.1,,0.1,0.1,,0.1,0.1,,,,,-0.05,,,,,,,,,,
3000_02,"Gohan (Super Hero), Ultimate Gohan",While Sparking,Passive,0,,,,,,,,,,,,,,,,,,,3,,,,,,,,
3000_03,Gohan Beast,Beast Sense,Skill 1,0 / 5,0.1,0.1,0.1,0.1,0.1,0.1,,,,,,,,,,,,,,,,,,,,,
3000_03,Gohan Beast,Guess It's My Turn,Skill 2,15 / 30,0.1,0.1,0.1,0.1,0.1,0.1,,0.1,0.1,,,,-0.2,-0.2,-0.2,-0.2,,,,,,,,,,,
3000_03,Gohan Beast,While Sparking,Passive,0,,,,,,,,,,,,,,,,,,,3,,,,,,,,
3010_00,Piccolo (Super Hero),Wild Sense,Skill 1,0,,,,,,,,,,,,,,,,,,,,,,,,,,,
3010_00,Piccolo (Super Hero),False Courage,Skill 2,10,,,,,,,,,,,,,0.1,0.1,,0.1,,3,,,,,,,,,
3010_00,Piccolo (Super Hero),While Sparking,Passive,0,,,,,,,,,,,,,,,,,,,3,,,,,,,,
3010_01,"Piccolo (Super Hero), Power Awakening",Wild Sense,Skill 1,0,,,,,,,,,,,,,,,,,,,,,,,,,,,
3010_01,"Piccolo (Super Hero), Power Awakening",This Won't End the Same Way,Skill 2,25,0.1,0.1,0.1,0.1,0.1,0.1,,0.1,0.1,,0.1,0.1,0.1,0.1,,0.1,,,,,,,,,,,
3010_01,"Piccolo (Super Hero), Power Awakening",While Sparking,Passive,0,,,,,,,,,,,,,,,,,,,3,,,,,,,,
3011_00,Orange Piccolo,Pump Up,Skill 1,25,0.15,0.15,0.15,0.15,0.15,0.15,,0.15,0.15,,,,,,,,,,,,,,,,,,
3011_00,Orange Piccolo,That Shenron...,Skill 2,0 / 30,,,,,,,,,,,,,-0.2,-0.2,-0.2,-0.2,,,,,,,,,,,
3011_00,Orange Piccolo,While Sparking,Passive,0,,,,,,,,,,,,,,,,,,,3,,,,,,,,
3012_00,"Orange Piccolo, Giant Form",Explosive Wave,Skill 1,0,,,,,,,,,,,,,,,,,,,,,,,,,,,
3012_00,"Orange Piccolo, Giant Form",Behave Yourself!,Skill 2,15 / 30,0.1,0.1,0.1,0.1,0.1,0.1,,0.1,0.1,,,,-0.2,-0.2,-0.2,-0.2,,,,,,,,,,,
3012_00,"Orange Piccolo, Giant Form",While Sparking,Passive,0,,,,,,,,,,,,,,,,,,,3,,,,,,,,
3020_00,Gamma 1,Gamma Superhero Pose 1,Skill 1,25,0.1,0.1,0.1,0.1,0.1,0.1,,0.1,0.1,,0.1,0.1,,,,,-0.05,,,,,,,,,,
3020_00,Gamma 1,Android Barrier,Skill 2,0,,,,,,,,,,,,,,,,,,,,,,,,,,,
3020_00,Gamma 1,While Sparking,Passive,0,,,,,,,,,,,,,,,,,,,3,,,,,,,,
3030_00,Gamma 2,Gamma Superhero Pose 2,Skill 1,25,0.1,0.1,0.1,0.1,0.1,0.1,,0.1,0.1,,0.1,0.1,,,,,-0.05,,,,,,,,,,
3030_00,Gamma 2,Android Barrier,Skill 2,0,,,,,,,,,,,,,,,,,,,,,,,,,,,
3030_00,Gamma 2,While Sparking,Passive,0,,,,,,,,,,,,,,,,,,,3,,,,,,,,
3040_00,Cell Max,Explosive Wave,Skill 1,0,,,,,,,,,,,,,,,,,,,,,,,,,,,
3040_00,Cell Max,Howl,Skill 2,15 / 30,0.1,0.1,0.1,0.1,0.1,0.1,,0.1,0.1,,,,-0.2,-0.2,-0.2,-0.2,,,,,,,,,,,
3040_00,Cell Max,While Sparking,Passive,0,,,,,,,,,,,,,,,,,,,3,,,,,,,,
3050_00,Goku (Mini),Sleep,Skill 1,0,,,,,,,,,,,,,,,,,,,,,,,,,,,
3050_00,Goku (Mini),Warm-up Exercise,Skill 2,15,0.1,0.1,0.1,0.1,0.1,0.1,,,,,0.1,0.1,,,,,-0.05,,,,,,,,,,
3050_00,Goku (Mini),While Sparking,Passive,0,,,,,,,,,,,,,,,,,,,3,,,,,,,,
3050_01,"Goku (Mini), Super Saiyan",Afterimage,Skill 1,0,,,,,,,,,,,,,,,,,,,,,,,,,,,
3050_01,"Goku (Mini), Super Saiyan",Full Power,Skill 2,0 / 30,,,,,,,,,,,,,-0.2,-0.2,-0.2,-0.2,,,,,,,,,,,
3050_01,"Goku (Mini), Super Saiyan",While Sparking,Passive,0,,,,,,,,,,,,,,,,,,,3,,,,,,,,
3050_14,"Goku (Mini), Super Saiyan 4",Wild Sense,Skill 1,0,,,,,,,,,,,,,,,,,,,,,,,,,,,
3050_14,"Goku (Mini), Super Saiyan 4",Limit Breaker Power,Skill 2,15 / 30,0.15,0.15,0.15,0.15,0.15,0.15,,,,,,,-0.2,-0.2,-0.2,-0.2,,,,,,,,,,,
3050_14,"Goku (Mini), Super Saiyan 4",While Sparking,Passive,0,,,,,,,,,,,,,,,,,,,3,,,,,,,,
3060_00,Vegeta (Mini),Revive Bug,Skill 1,0,,,,,,,,,,,,,,,,,,,,,,,,,,,
3060_00,Vegeta (Mini),Afterimage,Skill 2,0,,,,,,,,,,,,,,,,,,,,,,,,,,,
3060_00,Vegeta (Mini),While Sparking,Passive,0,,,,,,,,,,,,,,,,,,,3,,,,,,,,
3060_01,"Vegeta (Mini), Super Saiyan",Saiyan Spirit,Skill 1,25,0.1,0.1,0.1,0.1,0.1,0.1,,0.1,0.1,,0.1,0.1,,,,,,,,,,,,,,,
3060_01,"Vegeta (Mini), Super Saiyan",Afterimage,Skill 2,0,,,,,,,,,,,,,,,,,,,,,,,,,,,
3060_01,"Vegeta (Mini), Super Saiyan",While Sparking,Passive,0,,,,,,,,,,,,,,,,,,,3,,,,,,,,
3060_02,"Vegeta (Mini), Super Saiyan 2",Afterimage Strike,Skill 2,10,,,,,,,,,,,,,,,,,,,,,,,,,,,
3060_02,"Vegeta (Mini), Super Saiyan 2",Explosive Wave,Skill 1,0,,,,,,,,,,,,,,,,,,,,,,,,,,,
3060_02,"Vegeta (Mini), Super Saiyan 2",While Sparking,Passive,0,,,,,,,,,,,,,,,,,,,3,,,,,,,,
3060_03,"Vegeta (Mini), Super Saiyan 3",Wild Sense,Skill 1,0,,,,,,,,,,,,,,,,,,,,,,,,,,,
3060_03,"Vegeta (Mini), Super Saiyan 3",Special Training Results,Skill 2,15 / 30,,,,,,,,,,,0.1,0.1,-0.2,-0.2,-0.2,-0.2,,,,,,,,,,,
3060_03,"Vegeta (Mini), Super Saiyan 3",While Sparking,Passive,0,,,,,,,,,,,,,,,,,,,3,,,,,,,,
3070_00,Glorio,Spark Bind,Skill 1,3,,,,,,,,,,,,,,,,,,,,,,,,,,,
3070_00,Glorio,Thunder Charge,Skill 2,15,0.1,0.1,0.1,0.1,0.1,0.1,,0.1,0.1,0.1,0.1,0.1,,,,,,,,,,,,,,,
3070_00,Glorio,While Sparking,Passive,0,,,,,,,,,,,,,,,,,,,3,,,,,,,,
3080_00,Third Eye Gomah,Magic Bind,Skill 1,3,,,,,,,,,,,,,,,,,,,,,,,,,,,
3080_00,Third Eye Gomah,While Sparking,Passive,0,,,,,,,,,,,,,,,,,,,3,,,,,,,,
3100_03,"Vegeta (DAIMA), Super Saiyan 3",Saiyan Burst,Skill 1,15,,,,,,,,0.1,0.1,0.1,0.1,0.1,,,,,,,,,,,,,,,
3100_03,"Vegeta (DAIMA), Super Saiyan 3",Limit Breaker Power,Skill 2,15 / 30,,,,,,,,0.15,0.15,,,,-0.2,-0.2,-0.2,-0.2,,,,,,,,,,,
3100_03,"Vegeta (DAIMA), Super Saiyan 3",While Sparking,Passive,0,,,,,,,,,,,,,,,,,,,3,,,,,,,,
3110_00,Majin Kuu,Snack Time,Skill 1,0,,,,,,,,,,,,,,,,,,,,,,,,,,,
3110_00,Majin Kuu,Majin Power,Skill 2,25,0.1,0.1,0.1,0.1,0.1,0.1,,0.1,0.1,,0.1,0.1,,,,,,,,,,,,,,,
3110_00,Majin Kuu,While Sparking,Passive,0,,,,,,,,,,,,,,,,,,,3,,,,,,,,
3120_04,"Goku (DAIMA), Super Saiyan 4",Saiyan Burst,Skill 1,15,0.1,0.1,0.1,0.1,0.1,0.1,,0.1,0.1,0.1,,,,,,,,,,,,,,,,,
3120_04,"Goku (DAIMA), Super Saiyan 4",Limit Breaker Power,Skill 2,15 / 30,,,,,,,,,,,0.15,0.15,-0.2,-0.2,-0.2,-0.2,,,,,,,,,,,
3120_04,"Goku (DAIMA), Super Saiyan 4",While Sparking,Passive,0,,,,,,,,,,,,,,,,,,,3,,,,,,,,
3130_00,Panzy,Wasabi Bomb,Skill 1,3,,,,,,,,,,,,,,,,,,,,,,,,,,,
3130_00,Panzy,Last Chance Full Power,Skill 2,15 / 30,0.1,0.1,0.1,0.1,0.1,0.1,,0.1,0.1,,,,-0.2,-0.2,-0.2,-0.2,,,,,,,,,,,
3130_00,Panzy,While Sparking,Passive,0,,,,,,,,,,,,,,,,,,,3,,,,,,,,
3140_00,Majin Duu,Powerful Shout,Skill 1,3,,,,,,,,,,,,,,,,,,,,,,,,,,,
3140_00,Majin Duu,Snack Time,Skill 2,0,,,,,,,,,,,,,,,,,,,,,,,,,,,
3140_00,Majin Duu,While Sparking,Passive,0,,,,,,,,,,,,,,,,,,,3,,,,,,,,
3150_00,"Third Eye Gomah, Giant Gomah",Third Eye Heal,Skill 1,0,,,,,,,,,,,,,,,,,,,,,,,,,,,
3150_00,"Third Eye Gomah, Giant Gomah",Third Eye Enhance,Skill 2,0 / 30,,,,,,,,,,,,,-0.2,-0.2,-0.2,-0.2,,,,,,,,,,,
3150_00,"Third Eye Gomah, Giant Gomah",While Sparking,Passive,0,,,,,,,,,,,,,,,,,,,3,,,,,,,,
3160_00,Shallot,Wild Sense,Skill 1,0,,,,,,,,,,,,,,,,,,,,,,,,,,,
3160_00,Shallot,Ancient Soul,Skill 2,15,0.1,0.1,0.1,0.1,0.1,0.1,,0.1,0.1,0.1,0.1,0.1,,,,,,,,,,,,,,,
3160_00,Shallot,While Sparking,Passive,0,,,,,,,,,,,,,,,,,,,3,,,,,,,,
3160_00,Shallot,"Low health: stored trigger 10,000 HP",Passive,0,0.1,0.1,0.1,0.1,0.1,0.1,0.1,0.1,0.1,0.1,0.1,0.1,,,,,,,,,,,,,,,
3170_00,Supreme Kai,Afterimage Strike,Skill 1,10,,,,,,,,,,,,,,,,,,,,,,,,,,,
3170_00,Supreme Kai,Shockwave,Skill 2,3,,,,,,,,,,,,,,,,,,,,,,,,,,,
3170_00,Supreme Kai,While Sparking,Passive,0,,,,,,,,,,,,,,,,,,,3,,,,,,,,
3190_00,Fasha,Wild Sense,Skill 1,0,,,,,,,,,,,,,,,,,,,,,,,,,,,
3190_00,Fasha,Saiyan Spirit,Skill 2,25,0.1,0.1,0.1,0.1,0.1,0.1,,0.1,0.1,,0.1,0.1,,,,,,,,,,,,,,,
3190_00,Fasha,While Sparking,Passive,0,,,,,,,,,,,,,,,,,,,3,,,,,,,,
3190_00,Fasha,"Low health: stored trigger 10,000 HP",Passive,0,0.1,0.1,0.1,0.1,0.1,0.1,0.1,0.1,0.1,0.1,0.1,0.1,,,,,,,,,,,,,,,
3270_00,Vegeta (GT),Explosive Wave,Skill 1,0,,,,,,,,,,,,,,,,,,,,,,,,,,,
3270_00,Vegeta (GT),False Courage,Skill 2,10,,,,,,,,,,,,,0.1,0.1,,0.1,,3,,,,,,,,,
3270_00,Vegeta (GT),While Sparking,Passive,0,,,,,,,,,,,,,,,,,,,3,,,,,,,,
3270_01,"Vegeta (GT), Super Saiyan",Afterimage,Skill 1,0,,,,,,,,,,,,,,,,,,,,,,,,,,,
3270_01,"Vegeta (GT), Super Saiyan",Saiyan Who Calls Earth Home,Skill 2,0 / 30,,,,,,,,,,,,,-0.2,-0.2,-0.2,-0.2,,,,,,,,,,,
3270_01,"Vegeta (GT), Super Saiyan",While Sparking,Passive,0,,,,,,,,,,,,,,,,,,,3,,,,,,,,
3280_00,Trunks (GT),Afterimage,Skill 1,0,,,,,,,,,,,,,,,,,,,,,,,,,,,
3280_00,Trunks (GT),Finish Sign,Skill 2,25,0.1,0.1,0.1,0.1,0.1,0.1,,0.1,0.1,,0.1,0.1,,,,,,,,,,,,,,,
3280_00,Trunks (GT),While Sparking,Passive,0,,,,,,,,,,,,,,,,,,,3,,,,,,,,
3280_01,"Trunks (GT), Super Saiyan",Explosive Wave,Skill 1,0,,,,,,,,,,,,,,,,,,,,,,,,,,,
3280_01,"Trunks (GT), Super Saiyan",Power Up to the Very Limit,Skill 2,15 / 30,0.1,0.1,0.1,0.1,0.1,0.1,,0.1,0.1,,0.1,0.1,-0.2,-0.2,-0.2,-0.2,,,,,,,,,,,
3280_01,"Trunks (GT), Super Saiyan",While Sparking,Passive,0,,,,,,,,,,,,,,,,,,,3,,,,,,,,
3290_00,Hell Fighter 17,Android Barrier,Skill 1,0,,,,,,,,,,,,,,,,,,,,,,,,,,,
3290_00,Hell Fighter 17,High-Tension,Skill 2,25,0.1,0.1,0.1,0.1,0.1,0.1,,0.1,0.1,,,,,,,,,,,0.1,,,,,,,
3290_00,Hell Fighter 17,While Sparking,Passive,0,,,,,,,,,,,,,,,,,,,3,,,,,,,,
3300_00,Goku (World Tournament),Solar Flare,Skill 1,5,,,,,,,,,,,,,,,,,,,,,,,,,,,
3300_00,Goku (World Tournament),Wild Sense,Skill 2,0,,,,,,,,,,,,,,,,,,,,,,,,,,,
3300_00,Goku (World Tournament),While Sparking,Passive,0,,,,,,,,,,,,,,,,,,,3,,,,,,,,
3300_00,Goku (World Tournament),"Low health: stored trigger 10,000 HP",Passive,0,0.1,0.1,0.1,0.1,0.1,0.1,0.1,0.1,0.1,0.1,0.1,0.1,,,,,,,,,,,,,,,
3310_00,Ma Junior,Paralyze Beam,Skill 1,3,,,,,,,,,,,,,,,,,,,,,,,,,,,
3310_00,Ma Junior,Wild Sense,Skill 2,0,,,,,,,,,,,,,,,,,,,,,,,,,,,
3310_00,Ma Junior,While Sparking,Passive,0,,,,,,,,,,,,,,,,,,,3,,,,,,,,
3310_10,"Ma Junior, Giant Form",Full-Power Charge,Skill 1,0 / 25,,,,,,,,,,,,,-0.1,-0.1,-0.1,-0.1,,,,,,,,,,,
3310_10,"Ma Junior, Giant Form",Pump Up,Skill 2,25,0.15,0.15,0.15,0.15,0.15,0.15,,0.15,0.15,,,,,,,,,,,,,,,,,,
3310_10,"Ma Junior, Giant Form",While Sparking,Passive,0,,,,,,,,,,,,,,,,,,,3,,,,,,,,
3320_00,Tien (World Tournament),Solar Flare,Skill 1,5,,,,,,,,,,,,,,,,,,,,,,,,,,,
3320_00,Tien (World Tournament),Finish Sign,Skill 2,25,0.1,0.1,0.1,0.1,0.1,0.1,,0.1,0.1,,0.1,0.1,,,,,,,,,,,,,,,
3320_00,Tien (World Tournament),While Sparking,Passive,0,,,,,,,,,,,,,,,,,,,3,,,,,,,,
3330_00,Uub (Kid),False Courage,Skill 1,10,,,,,,,,,,,,,0.1,0.1,,0.1,,3,,,,,,,,,
3330_00,Uub (Kid),Anger Boost,Skill 2,15 / 30,,,,,,,,,,,,,-0.2,-0.2,-0.2,-0.2,,,,,,,,0.3,,,
3330_00,Uub (Kid),While Sparking,Passive,0,0.1,0.1,0.1,0.1,0.1,0.1,,0.1,0.1,0.1,0.1,0.1,,,,,,,3,,,,,-0.15,,,
3350_00,Tora,Full Power,Skill 1,0 / 30,,,,,,,,,,,,,-0.2,-0.2,-0.2,-0.2,,,,,,,,,,,
3350_00,Tora,Saiyan Spirit,Skill 2,25,0.1,0.1,0.1,0.1,0.1,0.1,,0.1,0.1,,0.1,0.1,,,,,,,,,,,,,,,
3350_00,Tora,While Sparking,Passive,0,,,,,,,,,,,,,,,,,,,3,,,,,,,,
3350_00,Tora,"Low health: stored trigger 10,000 HP",Passive,0,0.1,0.1,0.1,0.1,0.1,0.1,0.1,0.1,0.1,0.1,0.1,0.1,,,,,,,,,,,,,,,
3360_00,Chilled,Psychokinesis,Skill 1,3,,,,,,,,,,,,,,,,,,,,,,,,,,,
3360_00,Chilled,Finish Sign,Skill 2,25,0.1,0.1,0.1,0.1,0.1,0.1,,0.1,0.1,,0.1,0.1,,,,,,,,,,,,,,,
3360_00,Chilled,While Sparking,Passive,0,,,,,,,,,,,,,,,,,,,3,,,,,,,,
