alias,id,name,kind,note
Master Roshi Max Power,0141_00,Master Roshi Full Power,capsulecorp,Capsule Corp Stats spelling
Broky (Z),0550_00,Broly (Z),masterlist,website apps/website/public/content/teams/season-1.yaml spelling
Demon king Piccolo,0820_00,Demon King Piccolo,masterlist,website apps/website/public/content/teams/season-1.yaml spelling
Frieza Soldier,0540_00,Frieza Force Soldier,masterlist,website apps/website/public/content/teams/season-1.yaml spelling
Future Gohan,0032_30,Gohan (Future),masterlist,website apps/website/public/content/teams/season-1.yaml spelling
Goku (World Martial Arts Tournament),3300_00,Goku (World Tournament),masterlist,website apps/website/public/content/teams/season-1.yaml spelling
Saibamen,0330_00,Saibaman,masterlist,website apps/website/public/content/teams/season-1.yaml spelling
Spike The Devil Man,0730_00,Spike the Devil Man,masterlist,website apps/website/public/content/teams/season-1.yaml spelling
Supreme kai,3170_00,Supreme Kai,masterlist,website apps/website/public/content/teams/season-1.yaml spelling
Tien (World Martial Arts Tournament),3320_00,Tien (World Tournament),masterlist,website apps/website/public/content/teams/season-1.yaml spelling
Vegeta (Z-Scouter),0020_00,Vegeta (Z - Scouter),masterlist,website apps/website/public/content/teams/season-1.yaml spelling
Zangaya,0640_00,Zangya,masterlist,website apps/website/public/content/teams/season-1.yaml spelling
Gohan (Super Hero) Ultimate Gohan,3000_02,Ultimate Gohan (Super Hero),previous-name,name used by the calculator before the 2026-10 data rebuild; old share links carry it
Goku (DAIMA) Super Saiyan 4,3120_04,Goku (Daima) Super Saiyan 4,previous-name,name used by the calculator before the 2026-10 data rebuild; old share links carry it
Vegeta (DAIMA) Super Saiyan 3,3100_03,Vegeta (Daima) Super Saiyan 3,previous-name,name used by the calculator before the 2026-10 data rebuild; old share links carry it
