id,character,slot,variant,move,damage,boostedDamage,category,type,impactPower,traits,flags,triggerKi,lungeSpeed,moveLimitTime,note
0000_00,Goku (Z - Early),Super 1,,Kamehameha,7125,,Beam,,5,Chargeable,beamClashCapable,30000,,,
0000_00,Goku (Z - Early),Super 2,,Kaioken Attack,8375,,Rush,Lunge Fighting,,Cinematic,lockOnNeeded; dashClashCapable,15000,8750,2,
0000_00,Goku (Z - Early),Ultimate,,Spirit Bomb,15000,,Fire,,12,Unguardable; Cinematic,beamClashCapable; unblockable; audienceFlees,50000,,,
0000_00,Goku (Z - Early),Ultimate,ULT2,Legendary Strike,,,Rush,Lunge Fighting,,Cinematic,dashClashCapable; lockOnNeeded,,11700,,"category Rush, cinematic: league in-game 2026-10-09"
0000_10,Goku (Z - Mid),Super 1,,x20 Kaioken Kamehameha,7485,,Beam,,5,,beamClashCapable; audienceFlees,30000,,,"old name ""x20 Kamehameha"" matched by slot"
0000_10,Goku (Z - Mid),Super 2,,Kaioken Rush,8794,,Rush,Lunge Fighting,,Cinematic,lockOnNeeded; dashClashCapable,15000,8750,2,
0000_10,Goku (Z - Mid),Ultimate,,Spirit Bomb,15750,,Fire,,12,Unguardable; Cinematic,beamClashCapable; unblockable; audienceFlees,50000,,,
0000_11,Goku (Z - Mid) Super Saiyan,Super 1,,Super Kamehameha,8550,,Beam,,5,Chargeable,beamClashCapable; audienceFlees,30000,,,
0000_11,Goku (Z - Mid) Super Saiyan,Super 2,,Meteor Smash,10051,,Rush,Lunge Fighting,,Cinematic,lockOnNeeded; dashClashCapable,15000,8750,2,"old name ""Meteor Blast"" matched by slot"
0000_11,Goku (Z - Mid) Super Saiyan,Ultimate,,Angry Kamehameha,18751,,Beam,,9,Cinematic,beamClashCapable; audienceFlees,50000,,,
0000_11,Goku (Z - Mid) Super Saiyan,Ultimate,ULT2,All-Out Kamehameha,,,Rush,Lunge Fighting,,Cinematic,dashClashCapable; lockOnNeeded,,11700,,"category Rush, cinematic: league in-game 2026-10-09"
0000_20,Goku (Z - End),Super 1,,Kamehameha,7485,,Beam,,5,Chargeable,beamClashCapable; audienceFlees,30000,,,
0000_20,Goku (Z - End),Super 2,,Meteor Smash,8794,,Rush,Lunge Fighting,,Cinematic,lockOnNeeded; dashClashCapable,15000,8750,2,
0000_20,Goku (Z - End),Ultimate,,Super Spirit Bomb,17719,,Fire,,12,Unguardable; Cinematic,beamClashCapable; unblockable; audienceFlees,50000,,,
0000_20,Goku (Z - End),Ultimate,ULT2,Vanishing Meteor,,,Rush,Lunge Fighting,,Cinematic,dashClashCapable; lockOnNeeded,,11700,,"category Rush, cinematic: league in-game 2026-10-09"
0000_21,Goku (Z - End) Super Saiyan,Super 1,,Super Kamehameha,8550,,Beam,,5,Chargeable,beamClashCapable; audienceFlees,30000,,,
0000_21,Goku (Z - End) Super Saiyan,Super 2,,Super Energy Wave Combo,9000,,Continuous Fire,,,,,30000,,,
0000_21,Goku (Z - End) Super Saiyan,Ultimate,,Instant Transmission Kamehameha,18001,,Beam,,9,Unguardable; Cinematic,beamClashCapable; lockOnNeeded; unblockable; audienceFlees,50000,,,
0000_21,Goku (Z - End) Super Saiyan,Ultimate,ULT2,Legendary Smash,,,Rush,Lunge Fighting,,Cinematic,dashClashCapable; lockOnNeeded,,8750,,"category Rush, cinematic: league in-game 2026-10-09"
0000_22,Goku (Z - End) Super Saiyan 2,Super 1,,Instant Transmission Kamehameha,8550,,Beam,,5,Chargeable,beamClashCapable; lockOnNeeded,30000,,,
0000_22,Goku (Z - End) Super Saiyan 2,Super 2,,Meteor Crash,10051,,Rush,Lunge Fighting,,Cinematic,lockOnNeeded; dashClashCapable,15000,8750,2,
0000_22,Goku (Z - End) Super Saiyan 2,Ultimate,,Super Kamehameha,18751,,Beam,,9,Cinematic,beamClashCapable; audienceFlees; destroyMap,50000,,,
0000_23,Goku (Z - End) Super Saiyan 3,Super 1,,Super Kamehameha,8915,,Beam,,5,Chargeable,beamClashCapable; audienceFlees,30000,,,
0000_23,Goku (Z - End) Super Saiyan 3,Super 2,,Super Dragon Twin Fists,10469,,Rush,Lunge Fighting,,Cinematic,lockOnNeeded; dashClashCapable,15000,11700,1,
0000_23,Goku (Z - End) Super Saiyan 3,Ultimate,,Dragon Fist,18750,,Rush,Lunge Fighting,,Cinematic,targetGiant; lockOnNeeded; dashClashCapable,50000,11700,1,
0000_33,Goku (GT) Super Saiyan 4,Super 1,,x10 Kamehameha,9265,,Beam,,5,,beamClashCapable; audienceFlees; destroyMap,30000,,,
0000_33,Goku (GT) Super Saiyan 4,Super 2,,Meteor Crash,10888,,Rush,Lunge Fighting,,Cinematic,lockOnNeeded; dashClashCapable,15000,8750,2,
0000_33,Goku (GT) Super Saiyan 4,Ultimate,,Dragon Fist,19501,,Rush,Lunge Fighting,,Cinematic,lockOnNeeded; dashClashCapable,50000,11700,1,
0000_40,Goku (Super),Super 1,,Super Kamehameha,7485,,Beam,,5,Chargeable,beamClashCapable; audienceFlees,30000,,,
0000_40,Goku (Super),Super 2,,Dragon Burst,8794,,Rush,Lunge Fighting,,Cinematic,lockOnNeeded; dashClashCapable,15000,8750,2,
0000_40,Goku (Super),Super 2,SPM4,Power Pole Dance,8794,,Rush,Lunge Fighting,,Cinematic,lockOnNeeded; dashClashCapable,15000,10000,1.5,league in-game test 2026-10-08: 8794 (no ground bounce) (was 9294)
0000_40,Goku (Super),Ultimate,,Super Spirit Bomb,18375,,Fire,,12,Unguardable; Cinematic,beamClashCapable; unblockable; audienceFlees,50000,,,
0000_40,Goku (Super),Ultimate,ULT2,Co-op Rising,,,Rush,Lunge Fighting,,Cinematic,dashClashCapable,,11700,,"category Rush, cinematic: league in-game 2026-10-09"
0000_41,Goku (Super) Super Saiyan,Super 1,,Super Kamehameha,8550,,Beam,,5,Chargeable,beamClashCapable; audienceFlees,30000,,,
0000_41,Goku (Super) Super Saiyan,Super 2,,Dragon Blast,10051,,Rush,Lunge Fighting,,Cinematic,lockOnNeeded; dashClashCapable,15000,8750,2,
0000_41,Goku (Super) Super Saiyan,Ultimate,,Sonic Blast,18001,,Rush,Lunge Fighting,,Cinematic,lockOnNeeded; dashClashCapable,50000,8750,2,
0000_43,Goku (Super) Super Saiyan God Super Saiyan,Super 1,,God Kamehameha,9265,,Beam,,5,Chargeable,beamClashCapable; audienceFlees,30000,,,
0000_43,Goku (Super) Super Saiyan God Super Saiyan,Super 2,,"""No Hard Feelings"" Hit",10888,,Rush,Lunge Fighting,,Cinematic,lockOnNeeded; dashClashCapable,15000,11700,1,
0000_43,Goku (Super) Super Saiyan God Super Saiyan,Ultimate,,Limit Breaker God Kamehameha,19501,,Beam,,9,Cinematic,beamClashCapable; audienceFlees; destroyMap,50000,,,
0000_43,Goku (Super) Super Saiyan God Super Saiyan,Ultimate,ULT2,Joint Strike,,,Rush,Lunge Fighting,,Cinematic,dashClashCapable; lockOnNeeded,,8750,,"category Rush, cinematic: league in-game 2026-10-09"
0000_50,Goku (Super) Ultra Instinct -Sign-,Super 1,,Kamehameha -Sign-,9620,,Beam,,5,,beamClashCapable; audienceFlees,30000,,,
0000_50,Goku (Super) Ultra Instinct -Sign-,Super 2,,Flash -Sign-,11307,,Rush,Lunge Fighting,,Cinematic,lockOnNeeded; dashClashCapable,15000,11700,1,league in-game test 2026-10-07 (was 10174)
0000_50,Goku (Super) Ultra Instinct -Sign-,Ultimate,,Point-Blank Kamehameha,20250,,Rush,Lunge Fighting,,Cinematic,lockOnNeeded; dashClashCapable,50000,8750,2,
0000_51,Goku (Super) Ultra Instinct,Super 1,,Ultra Kamehameha,9975,,Beam,,5,Chargeable,beamClashCapable; audienceFlees,30000,,,
0000_51,Goku (Super) Ultra Instinct,Super 2,,Ultra Barrage,11725,,Rush,Lunge Fighting,,Cinematic,lockOnNeeded; dashClashCapable,20000,8750,0.3,
0000_51,Goku (Super) Ultra Instinct,Ultimate,,Supreme Kamehameha,21000,,Rush,Lunge Fighting,,Cinematic,lockOnNeeded; dashClashCapable; audienceFlees; destroyMap,50000,8750,2,
0001_42,Goku (Super) Super Saiyan God,Super 1,,God Kamehameha,8915,,Beam,,5,Chargeable,beamClashCapable; audienceFlees,30000,,,
0001_42,Goku (Super) Super Saiyan God,Super 2,,God Impact,10469,,Rush,Lunge Fighting,,Cinematic,lockOnNeeded; dashClashCapable,15000,11700,1,
0001_42,Goku (Super) Super Saiyan God,Ultimate,,God Burst Kamehameha,18750,,Beam,,9,Cinematic,beamClashCapable; audienceFlees; destroyMap,50000,,,"old name ""God Burst"""
0002_30,Goku (GT),Super 1,,Kamehameha,7485,,Beam,,5,Chargeable,beamClashCapable; audienceFlees,30000,,,
0002_30,Goku (GT),Super 2,,Dragon Fist,8794,,Rush,Lunge Fighting,,Cinematic,lockOnNeeded; dashClashCapable,15000,11700,1,
0002_30,Goku (GT),Ultimate,,Spirit Bomb,17063,,Fire,,12,Unguardable; Cinematic,beamClashCapable; unblockable; audienceFlees,50000,,,
0002_31,Goku (GT) Super Saiyan,Super 1,,Super Kamehameha,8550,,Beam,,5,Chargeable,beamClashCapable; audienceFlees,30000,,,
0002_31,Goku (GT) Super Saiyan,Super 2,,Full-Power Energy Blast Volley,9008,,Continuous Fire,,,,,30000,,,
0002_31,Goku (GT) Super Saiyan,Ultimate,,Super Explosive Wave,18751,,Explosive Wave,,,Cinematic,audienceFlees,50000,,,
0002_32,Goku (GT) Super Saiyan 3,Super 1,,Super Kamehameha,8915,,Beam,,5,Chargeable,beamClashCapable; audienceFlees,30000,,,
0002_32,Goku (GT) Super Saiyan 3,Super 2,,Full-Power Energy Blast Volley,9376,,Continuous Fire,,,,,30000,,,
0002_32,Goku (GT) Super Saiyan 3,Ultimate,,Dragon Fist,18750,,Rush,Lunge Fighting,,Cinematic,lockOnNeeded; dashClashCapable,50000,11700,1,
0002_50,Goku (Teen),Super 1,,Kamehameha,6770,,Beam,,5,Chargeable,beamClashCapable; audienceFlees,30000,,,
0002_50,Goku (Teen),Super 2,,Commencing Counterattack!,7957,,Rush,Lunge Fighting,,Cinematic,lockOnNeeded; dashClashCapable,15000,8750,2,
0002_50,Goku (Teen),Ultimate,,Keep Going!,14250,,Rush,Lunge Fighting,,Cinematic,lockOnNeeded; dashClashCapable,50000,8750,2,"old name ""Supreme Kamehameha"" matched by slot"
0020_00,Vegeta (Z - Scouter),Super 1,,Galick Gun,7125,,Beam,,5,,beamClashCapable; audienceFlees,30000,,,
0020_00,Vegeta (Z - Scouter),Super 2,,Final Galick Cannon,8375,,Rush,Lunge Fighting,,Cinematic,lockOnNeeded; dashClashCapable,15000,11700,1,
0020_00,Vegeta (Z - Scouter),Ultimate,,Dirty Fireworks,15000,,Rush,Lunge Fighting,,Cinematic,lockOnNeeded; dashClashCapable,50000,8750,2,
0020_10,Vegeta (Z - Early),Super 1,,Galick Gun,7485,,Beam,,5,,beamClashCapable; audienceFlees,30000,,,
0020_10,Vegeta (Z - Early),Super 2,,Super Energy Wave Combo,7880,,Continuous Fire,,,,,30000,,,league in-game test 2026-10-08: 7880 (10 hits) (was 6560)
0020_10,Vegeta (Z - Early),Ultimate,,Super Explosive Wave,16407,,Explosive Wave,,,Cinematic,audienceFlees,50000,,,
0020_11,Vegeta (Z - Early) Super Saiyan,Super 1,,Maximum Flasher,8550,,Beam,,5,,beamClashCapable; audienceFlees,30000,,,
0020_11,Vegeta (Z - Early) Super Saiyan,Super 2,,Cosmic Impact,9001,,Rush,Lunge Fighting,,Cinematic,lockOnNeeded; dashClashCapable,15000,8750,2,league in-game test 2026-10-08: 9001 (no ground bounce) (was 9501)
0020_11,Vegeta (Z - Early) Super Saiyan,Ultimate,,Big Bang Attack,18001,,Fire,,8,Cinematic,beamClashCapable; audienceFlees,50000,,,
0020_30,Vegeta (Z - End),Super 1,,Double Galick Cannon,8794,,Rush,Lunge Fighting,,Cinematic,lockOnNeeded; dashClashCapable; audienceFlees,15000,11700,1,
0020_30,Vegeta (Z - End),Super 2,,Infinite Blaster,7880,,Continuous Fire,,,,,20000,,,league in-game test 2026-10-08: 7880 (10 hits) (was 6560)
0020_30,Vegeta (Z - End),Ultimate,,Big Bang Attack,15750,,Fire,,8,Cinematic,beamClashCapable; audienceFlees,50000,,,
0020_31,Vegeta (Z - End) Super Saiyan,Super 1,,Final Flash,8550,,Beam,,5,,beamClashCapable; audienceFlees; destroyMap,30000,,,
0020_31,Vegeta (Z - End) Super Saiyan,Super 2,,Infinite Blaster,9000,,Continuous Fire,,,,,20000,,,league in-game test 2026-10-08: 9000 (10 hits) (was 7500)
0020_31,Vegeta (Z - End) Super Saiyan,Ultimate,,Cosmic Circle,18001,,Simultaneous Fire,,,Cinematic,,50000,,,
0020_32,Vegeta (Z - End) Super Saiyan 2,Super 1,,Big Bang Attack,8550,,Fire,,5,,beamClashCapable,30000,,,
0020_32,Vegeta (Z - End) Super Saiyan 2,Super 2,,Infinite Blaster,9000,,Continuous Fire,,,,,20000,,,league in-game test 2026-10-08: 9000 (10 hits) (was 7500)
0020_32,Vegeta (Z - End) Super Saiyan 2,Ultimate,,Infinity Flasher,18751,,Rush,Lunge Fighting,,Cinematic,lockOnNeeded; dashClashCapable; audienceFlees,50000,11700,1,
0020_40,Majin Vegeta,Super 1,,Final Impact,8125,,Fire,,5,,beamClashCapable; audienceFlees,30000,,,
0020_40,Majin Vegeta,Super 2,,Big Bang Attack,8907,,Fire,,5,,beamClashCapable,30000,,,
0020_40,Majin Vegeta,Ultimate,,Final Explosion,25000,,Explosive Wave,,,Self-damage; Unguardable; Cinematic,unblockable; audienceFlees,50000,,,
0020_50,Vegeta (GT) Super Saiyan 4,Super 1,,Final Flash,9265,,Beam,,5,,beamClashCapable; audienceFlees; destroyMap,30000,,,
0020_50,Vegeta (GT) Super Saiyan 4,Super 2,,Spirit Breaking Cannon,10888,,Rush,Lunge Fighting,,Cinematic,lockOnNeeded; dashClashCapable,15000,11700,1,
0020_50,Vegeta (GT) Super Saiyan 4,Ultimate,,Final Shine Attack,19501,,Beam,,9,Cinematic,beamClashCapable; audienceFlees,50000,,,
0020_60,Vegeta (Super),Super 1,,Galick Gun,7485,,Beam,,5,,beamClashCapable; audienceFlees,30000,,,
0020_60,Vegeta (Super),Super 2,,Absolute Rush,8794,,Rush,Lunge Fighting,,Cinematic,lockOnNeeded; dashClashCapable,15000,8750,2,"old name ""Absolute"""
0020_60,Vegeta (Super),Ultimate,,Final Flash,15735,,Beam,,9,,beamClashCapable; audienceFlees; destroyMap,50000,,,
0020_61,Vegeta (Super) Super Saiyan,Super 1,,Galick Rush,8550,,Fire,,,Cinematic,,30000,,,
0020_61,Vegeta (Super) Super Saiyan,Super 2,,Galick Uppercut,10051,,Rush,Lunge Fighting,,Cinematic,lockOnNeeded; dashClashCapable,15000,8750,2,
0020_61,Vegeta (Super) Super Saiyan,Ultimate,,Final Galick Blast,18001,,Rush,Lunge Fighting,,Cinematic,lockOnNeeded; dashClashCapable,50000,11700,1,
0020_63,Vegeta (Super) Super Saiyan God Super Saiyan,Super 1,,God Final Flash,9265,,Beam,,5,,beamClashCapable; audienceFlees; destroyMap,30000,,,
0020_63,Vegeta (Super) Super Saiyan God Super Saiyan,Super 2,,Gamma Burst Flash,9478,,Short-Range Energy Attack,,,,audienceFlees,20000,,,
0020_63,Vegeta (Super) Super Saiyan God Super Saiyan,Ultimate,,Final God Explosion,26001,,Explosive Wave,,,Self-damage; Unguardable; Cinematic,unblockable; audienceFlees,50000,,,
0020_63,Vegeta (Super) Super Saiyan God Super Saiyan,Ultimate,ULT2,Joint Strike,,,Rush,Lunge Fighting,,Cinematic,dashClashCapable; lockOnNeeded,,8750,,"category Rush, cinematic: league in-game 2026-10-09"
0021_20,Super Vegeta,Super 1,,Big Bang Attack,8550,,Fire,,5,,beamClashCapable; audienceFlees,30000,,,
0021_20,Super Vegeta,Super 2,,Spirit Breaking Cannon,10051,,Rush,Lunge Fighting,,Cinematic,lockOnNeeded; dashClashCapable,15000,11700,1,"league in-game test 2026-10-07 (was 10551, which includes the 500 ground-bounce hit that not every use lands)"
0021_20,Super Vegeta,Ultimate,,Final Flash,19501,,Beam,,9,Cinematic,beamClashCapable; audienceFlees; destroyMap,50000,,,
0022_62,Vegeta (Super) Super Saiyan God,Super 1,,God Shine Attack,8915,,Continuous Fire,,,Cinematic,audienceFlees,30000,,,
0022_62,Vegeta (Super) Super Saiyan God,Super 2,,Gamma Fist,10469,,Rush,Lunge Fighting,,Cinematic,lockOnNeeded; dashClashCapable,15000,11700,1,
0022_62,Vegeta (Super) Super Saiyan God,Ultimate,,Prominence Flash,18750,,Beam,,9,Cinematic,beamClashCapable; audienceFlees; destroyMap,50000,,,
0023_00,Great Ape Vegeta,Super 1,,Chou Makouhou,8915,,Beam,,5,,beamClashCapable,30000,,,
0023_00,Great Ape Vegeta,Super 2,,Chou Makouhou Barrage,9636,,Continuous Fire,,,,,30000,,,
0023_00,Great Ape Vegeta,Ultimate,,Super Galick Gun,20125,,Beam,,9,Cinematic,beamClashCapable; audienceFlees; destroyMap,50000,,,
0030_00,Gohan (Kid),Super 1,,Masenko,6770,,Beam,,5,Chargeable,beamClashCapable,30000,,,
0030_00,Gohan (Kid),Super 2,,Energy Blast Barrage,7130,,Continuous Fire,,,,,20000,,,
0030_00,Gohan (Kid),Ultimate,,Wild Rush Blaster,17250,,Rush,Lunge Fighting,,Cinematic,dashClashCapable; lockOnNeeded,50000,8750,2,confirmed: league in-game test 2026-10-07; includes his Sparking passive (+20% ultimate damage); clash dash: league in-game 2026-10-09
0031_00,Gohan (Teen),Super 1,,Super Masenko,7125,,Beam,,5,Chargeable,beamClashCapable; audienceFlees,30000,,,
0031_00,Gohan (Teen),Super 2,,Energy Blast Barrage,7500,,Continuous Fire,,,,,20000,,,
0031_00,Gohan (Teen),Ultimate,,Super Kamehameha,15000,,Beam,,9,,beamClashCapable; audienceFlees,50000,,,
0031_01,Gohan (Teen) Super Saiyan,Super 1,,Super Kamehameha,8550,,Beam,,5,Chargeable,beamClashCapable; audienceFlees,30000,,,
0031_01,Gohan (Teen) Super Saiyan,Super 2,,Super Assault Combo,10051,,Rush,Lunge Fighting,,Cinematic,lockOnNeeded; dashClashCapable; audienceFlees,15000,11700,1,
0031_01,Gohan (Teen) Super Saiyan,Ultimate,,Raging Masenko,18001,,Continuous Fire,,,Cinematic,audienceFlees,50000,,,
0031_02,Gohan (Teen) Super Saiyan 2,Super 1,,Super Kamehameha,8915,,Beam,,5,,beamClashCapable; audienceFlees,20000,,,
0031_02,Gohan (Teen) Super Saiyan 2,Super 2,,Explosive Rush,10469,,Rush,Lunge Fighting,,Cinematic,lockOnNeeded; dashClashCapable,15000,8750,2,
0031_02,Gohan (Teen) Super Saiyan 2,Ultimate,,Father-Son Kamehameha,19250,,Beam,,9,Unguardable; Cinematic,beamClashCapable; unblockable; audienceFlees,50000,,,confirmed: league in-game test 2026-10-07; includes his Sparking passive (+15% ultimate damage)
0031_02,Gohan (Teen) Super Saiyan 2,Ultimate,ULT2,Blinding Strike,,,Beam,,9,Unguardable; Cinematic,beamClashCapable; unblockable,,,,"category Beam, cinematic: league in-game 2026-10-09"
0032_00,Gohan (Adult),Super 1,,Explosive Cannon,7500,,Short-Range Energy Attack,,,,audienceFlees,20000,,,
0032_00,Gohan (Adult),Super 2,,Explosive Flash Strike,8375,,Rush,Lunge Fighting,,Cinematic,lockOnNeeded; dashClashCapable,15000,8750,2,
0032_00,Gohan (Adult),Ultimate,,Super Kamehameha,15000,,Beam,Lunge Fighting,9,Cinematic,beamClashCapable; audienceFlees,50000,,,clash beam: league in-game 2026-10-09
0032_00,Gohan (Adult),Ultimate,ULT2,Punishing Rush,,,Rush,Lunge Fighting,,Cinematic,dashClashCapable; lockOnNeeded,,8750,,"category Rush, cinematic: league in-game 2026-10-09"
0032_00,Gohan (Adult),Ultimate,ULT3,Z-Sword Rush,,,Rush,Lunge Fighting,,Cinematic,dashClashCapable; lockOnNeeded,,11700,,"category Rush, cinematic: league in-game 2026-10-09"
0032_01,Gohan (Adult) Super Saiyan,Super 1,,Explosive Cannon,9004,,Short-Range Energy Attack,,,,,20000,,,
0032_01,Gohan (Adult) Super Saiyan,Super 2,,Full-Power Energy Blast Volley,9008,,Continuous Fire,,,,,30000,,,
0032_01,Gohan (Adult) Super Saiyan,Ultimate,,Bros. Kamehameha,18001,,Beam,,9,Unguardable; Cinematic,beamClashCapable; unblockable; audienceFlees,50000,,,
0032_01,Gohan (Adult) Super Saiyan,Ultimate,ULT2,Bloodline Kamehameha,,,Beam,,9,Unguardable; Cinematic,beamClashCapable; unblockable,,,,"category Beam, cinematic: league in-game 2026-10-09"
0032_02,Gohan (Adult) Super Saiyan 2,Super 1,,Super Explosive Cannon,9376,,Short-Range Energy Attack,,,,,20000,,,
0032_02,Gohan (Adult) Super Saiyan 2,Super 2,,Super Explosive Flash Strike,10469,,Rush,Lunge Fighting,,Cinematic,lockOnNeeded; dashClashCapable,15000,8750,2,
0032_02,Gohan (Adult) Super Saiyan 2,Ultimate,,Super Kamehameha,18750,,Beam,,9,Cinematic,beamClashCapable; audienceFlees; destroyMap,50000,,,
0032_10,Great Saiyaman,Super 1,,Justice Bomber,8754,,Explosive Wave,,,,audienceFlees,40000,,,
0032_10,Great Saiyaman,Super 2,,Justice Rush,8375,,Rush,Lunge Fighting,,Cinematic,lockOnNeeded; dashClashCapable,15000,8750,2,
0032_10,Great Saiyaman,Ultimate,,Justice Judgment,15000,,Rush,Lunge Fighting,,Cinematic,lockOnNeeded; dashClashCapable,50000,11700,1,
0032_20,Ultimate Gohan,Super 1,,Super Kamehameha,8915,,Beam,,5,Chargeable,beamClashCapable; audienceFlees; destroyMap,30000,,,
0032_20,Ultimate Gohan,Super 2,,Fierce Combination,10469,,Rush,Lunge Fighting,,Cinematic,lockOnNeeded; dashClashCapable,15000,8750,2,
0032_20,Ultimate Gohan,Ultimate,,Burst Rush,18750,,Rush,Lunge Fighting,,Cinematic,lockOnNeeded; dashClashCapable,50000,11700,1,
0032_30,Gohan (Future),Super 1,,Masenko,7485,,Beam,,5,Chargeable,beamClashCapable,30000,,,
0032_30,Gohan (Future),Super 2,,Super Destructive Wave,9190,,Explosive Wave,,,,audienceFlees,40000,,,
0032_30,Gohan (Future),Ultimate,,Super Kamehameha,15750,,Beam,,9,Cinematic,beamClashCapable; audienceFlees,50000,,,
0032_31,Gohan (Future) Super Saiyan,Super 1,,Hyper Masenko,8550,,Beam,,5,,beamClashCapable,30000,,,
0032_31,Gohan (Future) Super Saiyan,Super 2,,Special Beam Cannon,10055,,Beam,,,Chargeable,audienceFlees,30000,,,
0032_31,Gohan (Future) Super Saiyan,Ultimate,,Fierce Combination,18001,,Rush,Lunge Fighting,,Cinematic,lockOnNeeded; dashClashCapable; audienceFlees,50000,11700,1,
0040_00,Piccolo,Super 1,,Explosive Demon Wave,7500,,Short-Range Energy Attack,,,,audienceFlees,20000,,,
0040_00,Piccolo,Super 2,,Explosive Breath Cannon,8375,,Rush,Lunge Fighting,,Cinematic,lockOnNeeded; dashClashCapable; audienceFlees,15000,8750,2,
0040_00,Piccolo,Ultimate,,Special Beam Cannon,15000,,Beam,,,,,50000,,,not cinematic: league in-game 2026-10-09
0040_00,Piccolo,Ultimate,ULT2,Demonic Airstrike,,,Rush,Lunge Fighting,,Cinematic,dashClashCapable; lockOnNeeded,,8750,,"category Rush, cinematic: league in-game 2026-10-09"
0040_10,Piccolo (Fused with Kami),Super 1,,Special Beam Cannon,7490,,Beam,,,Chargeable,,30000,,,
0040_10,Piccolo (Fused with Kami),Super 2,,Light Grenade,7485,,Fire,,5,,beamClashCapable,30000,,,
0040_10,Piccolo (Fused with Kami),Ultimate,,Hellzone Grenade,15751,,Simultaneous Fire,,,Cinematic,,50000,,,
0040_10,Piccolo (Fused with Kami),Ultimate,ULT2,Demonic Smiting,,,Rush,Lunge Fighting,,Cinematic,dashClashCapable; lockOnNeeded,,8750,,"category Rush, cinematic: league in-game 2026-10-09"
0040_20,Nail,Super 1,,Full-Power Energy Wave,7125,,Beam,,5,,beamClashCapable,30000,,,
0040_20,Nail,Super 2,,Super Destructive Wave,8750,,Explosive Wave,,,,audienceFlees,40000,,,
0040_20,Nail,Ultimate,,Mystic Flasher,15000,,Rush,Lunge Fighting,,Cinematic,lockOnNeeded; dashClashCapable,50000,8750,2,
0050_00,Krillin,Super 1,,Kamehameha,6770,,Beam,,5,Chargeable,beamClashCapable; audienceFlees,30000,,,
0050_00,Krillin,Super 2,,Spread Energy Wave,6771,,Simultaneous Fire,Special,,,,30000,,,
0050_00,Krillin,Ultimate,,Chain Destructo Disc,14252,,Continuous Fire,,,Unguardable; Cinematic,unblockable; audienceFlees,50000,,,
0050_00,Krillin,Ultimate,ULT2,Round Cannonball,,,Rush,Lunge Fighting,,Cinematic,dashClashCapable; lockOnNeeded,,8750,,"category Rush, cinematic: league in-game 2026-10-09"
0060_00,Yamcha,Super 1,,Kamehameha,6770,,Beam,,5,Chargeable,beamClashCapable; audienceFlees,30000,,,
0060_00,Yamcha,Super 2,,Wolf Fang Fist,7957,,Rush,Lunge Fighting,,Cinematic,lockOnNeeded; dashClashCapable,15000,11700,1,
0060_00,Yamcha,Ultimate,,Spirit Ball,14250,,Fire,,,Cinematic,,50000,,,
0070_00,Tien,Super 1,,Dodon Ray,7150,,Beam,,,,audienceFlees,20000,,,
0070_00,Tien,Super 2,,Tri-Beam,7838,,Fire,,,,,30000,,,
0070_00,Tien,Ultimate,,Neo Tri-Beam,37500,,Fire,,,Self-damage; Repeated usage possible,,50000,,,
0080_00,Trunks (Sword),Super 1,,Finish Buster,7125,,Fire,,5,,beamClashCapable; audienceFlees,30000,,,
0080_00,Trunks (Sword),Super 2,,Burning Storm,6250,,Continuous Fire,,,,,30000,,,
0080_00,Trunks (Sword),Ultimate,,Lightning Sword Slash,15000,,Fire,,,Unguardable; Cinematic,unblockable,50000,,,"old name ""Lighting Sword Attack"" matched by slot"
0080_01,Trunks (Sword) Super Saiyan,Super 1,,Burning Attack,8551,,Fire,,5,,beamClashCapable; audienceFlees,30000,,,
0080_01,Trunks (Sword) Super Saiyan,Super 2,,Burning Storm,7500,,Continuous Fire,,,,,30000,,,
0080_01,Trunks (Sword) Super Saiyan,Ultimate,,Shining Sword Attack,18001,,Rush,Lunge Fighting,,Cinematic,lockOnNeeded; dashClashCapable,50000,11700,1,
0080_10,Trunks (Melee),Super 1,,Burning Attack,7485,,Fire,,5,,beamClashCapable; audienceFlees,30000,,,
0080_10,Trunks (Melee),Super 2,,High Speed Rush,8794,,Rush,Lunge Fighting,,Cinematic,lockOnNeeded; dashClashCapable,15000,10000,1.5,
0080_10,Trunks (Melee),Ultimate,,Finish Buster,15750,,Fire,,8,,beamClashCapable; audienceFlees,50000,,,
0080_11,Trunks (Melee) Super Saiyan,Super 1,,Burning Attack,8551,,Fire,,5,,beamClashCapable; audienceFlees,30000,,,
0080_11,Trunks (Melee) Super Saiyan,Super 2,,Burning Breaker,10051,,Rush,Lunge Fighting,,Cinematic,lockOnNeeded; dashClashCapable,15000,8750,2,
0080_11,Trunks (Melee) Super Saiyan,Ultimate,,Heat Dome Attack,18001,,Rush,Lunge Fighting,,Cinematic,lockOnNeeded; dashClashCapable,50000,11700,1,
0080_30,Future Trunks,Super 1,,Masenko,7485,,Beam,,5,Chargeable,beamClashCapable,30000,,,
0080_30,Future Trunks,Super 2,,Lightning Sword Slash,8794,,Fire,,,Unguardable; Cinematic,unblockable,30000,,,
0080_30,Future Trunks,Ultimate,,Shining Slash,15750,,Rush,Lunge Fighting,,Cinematic,lockOnNeeded; dashClashCapable,50000,11700,1,
0080_31,Future Trunks Super Saiyan,Super 1,,Galick Gun,8550,,Beam,,5,,beamClashCapable; audienceFlees,30000,,,
0080_31,Future Trunks Super Saiyan,Super 2,,Final Flash,12825,,Beam,,5,,beamClashCapable; audienceFlees; destroyMap,30000,,,
0080_31,Future Trunks Super Saiyan,Ultimate,,Final Hope Slash,18001,,Rush,Lunge Fighting,,Cinematic,lockOnNeeded; dashClashCapable,50000,11700,1,
0081_20,Super Trunks,Super 1,,Finish Buster,9352,,Fire,,5,,beamClashCapable; audienceFlees,30000,,,
0081_20,Super Trunks,Super 2,,Burning Attack,7485,,Fire,,5,,beamClashCapable; audienceFlees,30000,,,
0081_20,Super Trunks,Ultimate,,Super Explosive Wave,16407,,Explosive Wave,,,Cinematic,audienceFlees,50000,,,
0082_00,Trunks (Kid),Super 1,,Full-Power Energy Wave,7125,,Beam,,5,,beamClashCapable; audienceFlees,30000,,,
0082_00,Trunks (Kid),Super 2,,High Speed Rush,8375,,Rush,Lunge Fighting,,Cinematic,lockOnNeeded; dashClashCapable,15000,10000,1.5,
0082_00,Trunks (Kid),Ultimate,,Finish Buster,15000,,Fire,,8,,beamClashCapable; audienceFlees,50000,,,
0082_01,Trunks (Kid) Super Saiyan,Super 1,,Full-Power Energy Wave,8195,,Beam,,5,,beamClashCapable; audienceFlees,30000,,,
0082_01,Trunks (Kid) Super Saiyan,Super 2,,High Speed Rush,9632,,Rush,Lunge Fighting,,Cinematic,lockOnNeeded; dashClashCapable,15000,10000,1.5,league in-game test 2026-10-08: 9632 (was 9640)
0082_01,Trunks (Kid) Super Saiyan,Ultimate,,Victory Cannon,17250,,Beam,,9,Cinematic,beamClashCapable; audienceFlees,50000,,,
0090_00,Goten,Super 1,,Boulder Toss Barrage,6250,,Continuous Fire,,,,,20000,,,
0090_00,Goten,Super 2,,Charge!,7125,,Rush,Lunge Fighting,,Cinematic,lockOnNeeded; dashClashCapable,10000,6500,1.5,
0090_00,Goten,Ultimate,,Super Kamekameha,15000,,Beam,,9,Cinematic,beamClashCapable; audienceFlees,50000,,,"old name ""Super Kamehameha"""
0090_01,Goten Super Saiyan,Super 1,,Kamekameha,8195,,Beam,,5,Chargeable,beamClashCapable; audienceFlees,30000,,,"old name ""Kamehameha"""
0090_01,Goten Super Saiyan,Super 2,,Charge!,9632,,Rush,Lunge Fighting,,Cinematic,lockOnNeeded; dashClashCapable,15000,11700,1,league in-game test 2026-10-08: 9632 (was 9640)
0090_01,Goten Super Saiyan,Ultimate,,Double Kamehameha,17250,,Beam,,9,Cinematic,beamClashCapable; audienceFlees,50000,,,
0100_00,Vegito,Super 1,,Big Bang Cannon,8907,,Fire,,5,,beamClashCapable,30000,,,
0100_00,Vegito,Super 2,,Rampaging Rush,10469,,Rush,Lunge Fighting,,Cinematic,lockOnNeeded; dashClashCapable,15000,8750,2,
0100_00,Vegito,Ultimate,,Super Kamehameha,18750,,Beam,,9,Cinematic,beamClashCapable; audienceFlees,50000,,,
0100_01,Super Vegito,Super 1,,Big Bang Attack,9265,,Beam,,5,,beamClashCapable; audienceFlees,30000,,,
0100_01,Super Vegito,Super 2,,Final Kamehameha,13325,,Beam,,5,,beamClashCapable; audienceFlees; destroyMap,40000,,,
0100_01,Super Vegito,Ultimate,,Beam Sword Slash,19501,,Rush,Lunge Fighting,,Cinematic,lockOnNeeded; dashClashCapable,50000,11700,1,
0100_02,Vegito Super Saiyan God Super Saiyan,Super 1,,God Kamehameha,9975,,Beam,,5,Chargeable,beamClashCapable; audienceFlees,30000,,,
0100_02,Vegito Super Saiyan God Super Saiyan,Super 2,,Omega Finishing Blow,11725,,Rush,Lunge Fighting,,Cinematic,lockOnNeeded; dashClashCapable,15000,11700,1,
0100_02,Vegito Super Saiyan God Super Saiyan,Ultimate,,God Final Kamehameha,21000,,Beam,,9,Cinematic,beamClashCapable; audienceFlees; destroyMap,50000,,,
0110_00,Gogeta (Super),Super 1,,Super Kamehameha,8915,,Beam,,5,Chargeable,beamClashCapable; audienceFlees,30000,,,
0110_00,Gogeta (Super),Super 2,,Super Explosive Wave,10940,,Explosive Wave,,,,audienceFlees,40000,,,
0110_00,Gogeta (Super),Ultimate,,Big Bang Kamehameha,18750,,Beam,,,Cinematic,beamClashCapable; audienceFlees,50000,,,
0110_01,Gogeta (Super) Super Saiyan,Super 1,,Super Kamehameha,9265,,Beam,,5,Chargeable,beamClashCapable; audienceFlees,30000,,,
0110_01,Gogeta (Super) Super Saiyan,Super 2,,Rising Vortex,10888,,Rush,Lunge Fighting,,Cinematic,lockOnNeeded; dashClashCapable,15000,8750,2,
0110_01,Gogeta (Super) Super Saiyan,Ultimate,,Stardust Fall,19501,,Rush,Lunge Fighting,,Cinematic,lockOnNeeded; dashClashCapable,50000,,,
0110_02,Gogeta (GT) Super Saiyan 4,Super 1,,Big Bang Kamehameha,9975,,Beam,,5,Chargeable,beamClashCapable; audienceFlees,30000,,,
0110_02,Gogeta (GT) Super Saiyan 4,Super 2,,Ultimate Impact,11725,,Rush,Lunge Fighting,,Cinematic,lockOnNeeded; dashClashCapable,15000,11700,1,
0110_02,Gogeta (GT) Super Saiyan 4,Ultimate,,Ultra Big Bang Kamehameha,21000,,Beam,,9,Cinematic,beamClashCapable; audienceFlees; destroyMap,50000,,,
0110_03,Gogeta (Super) Super Saiyan God Super Saiyan,Super 1,,Stardust Blaster,9975,,Fire,,,,audienceFlees,30000,,,
0110_03,Gogeta (Super) Super Saiyan God Super Saiyan,Super 2,,Meteor Explosion,11725,,Rush,Lunge Fighting,,Cinematic,lockOnNeeded; dashClashCapable,15000,8750,2,
0110_03,Gogeta (Super) Super Saiyan God Super Saiyan,Ultimate,,Ultimate Kamehameha,21000,,Beam,,9,Cinematic,beamClashCapable; audienceFlees; destroyMap,50000,,,
0110_04,Super Gogeta (Z),Super 1,,Big Bang Kamehameha,9265,,Beam,,5,Chargeable,beamClashCapable; audienceFlees; destroyMap,30000,,,
0110_04,Super Gogeta (Z),Super 2,,Punisher Drive,10888,,Rush,Lunge Fighting,,Cinematic,lockOnNeeded; dashClashCapable,20000,8750,0.3,
0110_04,Super Gogeta (Z),Ultimate,,Stardust Breaker,19501,,Rush,Lunge Fighting,,Cinematic,lockOnNeeded; dashClashCapable,50000,11700,1,
0120_00,Gotenks,Super 1,,Full-Power Energy Wave,8550,,Beam,,5,,beamClashCapable; audienceFlees,30000,,,
0120_00,Gotenks,Super 2,,High Speed Rush,10051,,Rush,Lunge Fighting,,Cinematic,lockOnNeeded; dashClashCapable,15000,10000,1.5,
0120_00,Gotenks,Ultimate,,Victory Cannon,18001,,Beam,,9,Cinematic,beamClashCapable; audienceFlees,50000,,,
0120_01,Gotenks Super Saiyan,Super 1,,Victory Cannon,8915,,Beam,,5,,beamClashCapable; audienceFlees,30000,,,
0120_01,Gotenks Super Saiyan,Super 2,,Galactic Donuts,10469,,Fire,,,Unguardable; Cinematic,unblockable,30000,,,
0120_01,Gotenks Super Saiyan,Ultimate,,Super Ghost Kamikaze Attack,18750,,Simultaneous Fire,,,Unguardable,unblockable,50000,,,
0120_02,Gotenks Super Saiyan 3,Super 1,,Victory Bazooka,9265,,Beam,,5,,beamClashCapable; audienceFlees,30000,,,
0120_02,Gotenks Super Saiyan 3,Super 2,,DIE DIE Missile Barrage,9760,,Continuous Fire,,,,audienceFlees,30000,,,
0120_02,Gotenks Super Saiyan 3,Ultimate,,Charging Ultra Buu Buu Volleyball,19501,,Rush,Lunge Fighting,,Cinematic,lockOnNeeded; dashClashCapable,50000,8750,2,league in-game test 2026-10-08: 19501 (no ground bounce) (was 20001)
0121_00,Mighty Mask,Ultimate,,Final Cannon,14250,,Beam,,9,Cinematic,beamClashCapable,,,,"league in-game test 2026-10-08; category Beam, cinematic: league in-game 2026-10-09"
0121_00,Mighty Mask,Super 2,,Mighty Rush,,,Rush,Lunge Fighting,,Cinematic,dashClashCapable; lockOnNeeded,,8750,,cinematic: league in-game 2026-10-09
0130_00,Videl,Super 1,,Videl Kick,6413,,Rush,Lunge Fighting,,Cinematic,lockOnNeeded; dashClashCapable,10000,9750,1.5,
0130_00,Videl,Super 2,,Desperado Rush,7538,,Rush,Lunge Fighting,,Cinematic,lockOnNeeded; dashClashCapable,15000,11700,1,
0130_00,Videl,Ultimate,,Videl Rush,13500,,Rush,Lunge Fighting,,Cinematic,lockOnNeeded; dashClashCapable,50000,11700,1,
0130_00,Videl,Ultimate,ULT2,Justice Judgment,,,Rush,Lunge Fighting,,Cinematic,dashClashCapable; lockOnNeeded,,8750,,"category Rush, cinematic: league in-game 2026-10-09"
0140_00,Master Roshi,Super 1,,Original Kamehameha,5560,,Beam,,5,,beamClashCapable; audienceFlees,30000,,,"old name ""Orginal Kamehameha"""
0140_00,Master Roshi,Super 2,,Thunder Shock Surprise,6533,,Beam,,,Unguardable; Cinematic,unblockable,40000,,,
0140_00,Master Roshi,Ultimate,,Evil Containment Wave,15000,,Short-Range Energy Attack,,,Self-damage; Unguardable; Cinematic; Damage dealt and taken changes based on your opponent's DP.,unblockable,50000,,,
0141_00,Master Roshi Full Power,Super 1,,Original Kamehameha,6060,,Beam,,5,,beamClashCapable; audienceFlees,30000,,,"old name ""Orginal Kamehameha"""
0141_00,Master Roshi Full Power,Super 2,,Turtle School Ultimate Fist,7119,,Rush,Lunge Fighting,,Cinematic,lockOnNeeded; dashClashCapable,15000,8750,2,
0141_00,Master Roshi Full Power,Ultimate,,Max Power Kamehameha,14875,,Beam,,9,Cinematic,beamClashCapable; audienceFlees,50000,,,
0150_00,Frieza (Z) 1st Form,Super 1,,Death Beam,6826,,Beam,,,,,20000,,,
0150_00,Frieza (Z) 1st Form,Super 2,,Punishing Rush,8794,,Rush,Lunge Fighting,,Cinematic,lockOnNeeded; dashClashCapable,15000,8750,2,
0150_00,Frieza (Z) 1st Form,Ultimate,,Death Ball,15750,,Fire,,12,,beamClashCapable; audienceFlees; destroyMap,50000,,,
0151_00,Frieza (Z) 2nd Form,Super 1,,Punishing Blaster,7120,,Beam,,5,,beamClashCapable,30000,,,
0151_00,Frieza (Z) 2nd Form,Super 2,,Death Storm,8748,,Lock-On Explosion,,,,lockOnNeeded; audienceFlees,40000,,,category Lock-On Explosion: league in-game test 2026-10-08 (the Neo Export was right)
0151_00,Frieza (Z) 2nd Form,Ultimate,,HAIL Frieza,16250,,Rush,Lunge Fighting,,Cinematic,lockOnNeeded; dashClashCapable,50000,11700,1,
0152_00,Frieza (Z) 3rd Form,Super 1,,Barrage Death Beam,7650,,Beam,,,,,20000,,,
0152_00,Frieza (Z) 3rd Form,Super 2,,High Speed Rush,10260,,Rush,Lunge Fighting,,Cinematic,lockOnNeeded; dashClashCapable,15000,10000,1.5,
0152_00,Frieza (Z) 3rd Form,Ultimate,,Crazy Finger Beam,19141,,Rush,Lunge Fighting,,Cinematic,lockOnNeeded; dashClashCapable,50000,8750,2,
0153_00,Frieza (Z) 4th Form,Super 1,,Barrage Death Beam,7970,,Beam,,,,,20000,,,
0153_00,Frieza (Z) 4th Form,Super 2,,You Might Die This Time,10679,,Rush,Lunge Fighting,,Cinematic,lockOnNeeded; dashClashCapable,15000,8750,2,
0153_00,Frieza (Z) 4th Form,Ultimate,,I'll Destroy This Planet!,18328,,Fire,,12,,beamClashCapable; audienceFlees; destroyMap,50000,,,
0153_10,Mecha Frieza,Super 1,,Death Beam,7150,,Beam,,,,,20000,,,
0153_10,Mecha Frieza,Super 2,,Fissure Slash,8250,,Fire,,,Unguardable,unblockable,30000,,,
0153_10,Mecha Frieza,Ultimate,,Supernova,16500,,Fire,,12,Cinematic,beamClashCapable; audienceFlees; destroyMap,50000,,,
0153_20,Frieza (Super),Super 1,,Death Beam,7150,,Beam,,,,,20000,,,
0153_20,Frieza (Super),Super 2,,Super Nova Strike,9213,,Rush,Lunge Fighting,,Unguardable; Cinematic,lockOnNeeded; dashClashCapable; unblockable,20000,11700,1,
0153_20,Frieza (Super),Ultimate,,Super Death Ball,17188,,Fire,,12,Cinematic,beamClashCapable; audienceFlees; destroyMap,50000,,,
0153_20,Frieza (Super),Ultimate,ULT2,Co-op Rising,,,Rush,Lunge Fighting,,Cinematic,dashClashCapable,,11700,,"category Rush, cinematic: league in-game 2026-10-09"
0154_00,Frieza (Z) Full Power,Super 1,,Death Saucer,9936,,Fire,,,Unguardable,unblockable,30000,,,
0154_00,Frieza (Z) Full Power,Super 2,,Nova Strike,9937,,Rush,Lunge Fighting,,Unguardable,lockOnNeeded; dashClashCapable; unblockable,40000,10000,2,
0154_00,Frieza (Z) Full Power,Ultimate,,I'm the One Who'll Kill You!,19875,,Beam,,9,Cinematic,beamClashCapable; audienceFlees,50000,,,
0155_00,Golden Frieza,Super 1,,Great Death Beam,9265,,Beam,,,,,30000,,,
0155_00,Golden Frieza,Super 2,,"""No Hard Feelings"" Hit",10888,,Rush,Lunge Fighting,,Cinematic,lockOnNeeded; dashClashCapable,15000,11700,1,
0155_00,Golden Frieza,Ultimate,,Earth Breaker,19501,,Rush,Lunge Fighting,,Cinematic,lockOnNeeded; dashClashCapable; destroyMap,50000,8750,2,
0160_00,Cell 1st Form,Super 1,,Kamehameha,7485,,Beam,,5,Chargeable,beamClashCapable; audienceFlees,30000,,,"row set was filed under ""Cell 2nd Form""; its moves are Cell 1st Form's; category/traits/impact/ki/lunge columns were left on the Cell Jr. row by the seed, moved here (the Neo Export's Blasts tab agrees)"
0160_00,Cell 1st Form,Super 2,,Special Beam Cannon,7490,,Beam,,,Chargeable,audienceFlees,30000,,,"row set was filed under ""Cell 2nd Form""; its moves are Cell 1st Form's; category/traits/impact/ki/lunge columns were left on the Cell Jr. row by the seed, moved here (the Neo Export's Blasts tab agrees)"
0160_00,Cell 1st Form,Ultimate,,Drain Life Cell,15751,,Rush,Lunge Fighting,,Cinematic,lockOnNeeded; dashClashCapable,50000,8750,2,"row set was filed under ""Cell 2nd Form""; its moves are Cell 1st Form's; category/traits/impact/ki/lunge columns were left on the Cell Jr. row by the seed, moved here (the Neo Export's Blasts tab agrees)"
0161_00,Cell 2nd Form,Super 1,,Big Bang Crash,7482,,Fire,,5,,beamClashCapable; audienceFlees,30000,,,"row set was filed under ""Cell Jr.""; its moves are Cell 2nd Form's; category/traits/impact/ki/lunge columns were left on the Cell 1st Form row by the seed, moved here (the Neo Export's Blasts tab agrees)"
0161_00,Cell 2nd Form,Super 2,,Drain Life Cell,8795,,Rush,Lunge Fighting,,Cinematic,lockOnNeeded; dashClashCapable,15000,8750,2,"row set was filed under ""Cell Jr.""; its moves are Cell 2nd Form's; category/traits/impact/ki/lunge columns were left on the Cell 1st Form row by the seed, moved here (the Neo Export's Blasts tab agrees)"
0161_00,Cell 2nd Form,Ultimate,,Unforgivable!,17062,,Explosive Wave,,,Self-damage; Unguardable; Cinematic,lockOnNeeded; unblockable; audienceFlees; destroyMap,50000,11700,1,"row set was filed under ""Cell Jr.""; its moves are Cell 2nd Form's; old name ""Unforgiveable!""; category/traits/impact/ki/lunge columns were left on the Cell 1st Form row by the seed, moved here (the Neo Export's Blasts tab agrees)"
0162_00,Cell Perfect Form,Super 1,,Super Kamehameha,9085,,Beam,,5,Chargeable,beamClashCapable; audienceFlees,30000,,,
0162_00,Cell Perfect Form,Super 2,,Barrage Death Beam,7970,,Beam,,,,,20000,,,
0162_00,Cell Perfect Form,Ultimate,,Perfect Barrier,20130,,Explosive Wave,,,,audienceFlees,50000,,,
0162_01,Perfect Cell,Super 1,,Perfect Beam,8125,,Beam,,,,,20000,,,
0162_01,Perfect Cell,Super 2,,Perfect Rush,10469,,Rush,Lunge Fighting,,Cinematic,lockOnNeeded; dashClashCapable,15000,11700,1,
0162_01,Perfect Cell,Ultimate,,Solar Kamehameha,18750,,Beam,,9,Cinematic,beamClashCapable; audienceFlees; destroyMap,50000,,,
0163_00,Cell Jr.,Super 1,,Special Beam Cannon,6181,,Beam,,,Chargeable,,30000,,,"row set was filed under ""Cell 1st Form""; its moves are Cell Jr.'s; category/traits/impact/ki/lunge columns were left on the Cell 2nd Form row by the seed, moved here (the Neo Export's Blasts tab agrees)"
0163_00,Cell Jr.,Super 2,,Innocence Rush,7957,,Rush,Lunge Fighting,,Cinematic,lockOnNeeded; dashClashCapable,15000,8750,2,"row set was filed under ""Cell 1st Form""; its moves are Cell Jr.'s; category/traits/impact/ki/lunge columns were left on the Cell 2nd Form row by the seed, moved here (the Neo Export's Blasts tab agrees); league in-game test 2026-10-08: 7957 (was 7987)"
0163_00,Cell Jr.,Ultimate,,Super Kamehameha,14250,,Beam,,9,,beamClashCapable; audienceFlees,50000,,,"row set was filed under ""Cell 1st Form""; its moves are Cell Jr.'s; category/traits/impact/ki/lunge columns were left on the Cell 2nd Form row by the seed, moved here (the Neo Export's Blasts tab agrees)"
0170_00,Majin Buu,Super 1,,Buu Buu Gum,8794,,Fire,,,Cinematic,,30000,,,
0170_00,Majin Buu,Super 2,,Super Kamehameha,7485,,Beam,,5,Chargeable,beamClashCapable; audienceFlees,30000,,,
0170_00,Majin Buu,Ultimate,,Angry Explosion,17063,,Explosive Wave,,,Unguardable; Cinematic,unblockable; audienceFlees,50000,,,
0171_00,Majin Buu (Evil),Super 1,,Super Kamehameha,7840,,Beam,,5,Chargeable,beamClashCapable; audienceFlees,30000,,,
0171_00,Majin Buu (Evil),Super 2,,Flame Shower Breath,8250,,Short-Range Energy Attack,,,Unguardable,unblockable,30000,,,
0171_00,Majin Buu (Evil),Ultimate,,Guilty Flash,16500,,Rush,Lunge Fighting,,Cinematic,lockOnNeeded; dashClashCapable,50000,8750,2,
0172_00,Super Buu,Super 1,,Assault Rain,11955,,Simultaneous Fire,,,,,30000,,,
0172_00,Super Buu,Super 2,,Majin Beam,10679,,Beam,,,Unguardable; Cinematic,unblockable,40000,,,
0172_00,Super Buu,Ultimate,,Revenge Death Bomber,25500,,Explosive Wave,,,Self-damage; Unguardable; Cinematic,unblockable; audienceFlees,50000,,,
0172_10,Super Buu (Gotenks Absorbed),Super 1,,Galactic Donut Volley,8907,,Fire,,,Unguardable,unblockable,30000,,,"old name ""Galatic Donut Volley"""
0172_10,Super Buu (Gotenks Absorbed),Super 2,,Special Beam Cannon,8918,,Beam,,,Chargeable,,30000,,,
0172_10,Super Buu (Gotenks Absorbed),Ultimate,,Super Kamehameha,18750,,Beam,,9,Cinematic,beamClashCapable; audienceFlees,50000,,,
0172_11,Super Buu (Gohan Absorbed),Super 1,,Super Kamehameha,8915,,Beam,,5,Chargeable,beamClashCapable; audienceFlees,30000,,,
0172_11,Super Buu (Gohan Absorbed),Super 2,,Majin Beam,10469,,Beam,,,Unguardable; Cinematic,unblockable,40000,,,
0172_11,Super Buu (Gohan Absorbed),Ultimate,,Super Ghost Buu Attack,19532,,Simultaneous Fire,,,Unguardable; Cinematic,unblockable,50000,,,
0173_00,Kid Buu,Super 1,,Super Kamehameha,8915,,Beam,,5,Chargeable,beamClashCapable; audienceFlees,30000,,,
0173_00,Kid Buu,Super 2,,Mystic Combination,10469,,Rush,Lunge Fighting,,Cinematic,lockOnNeeded; dashClashCapable,15000,11700,1,
0173_00,Kid Buu,Ultimate,,Planet Burst,19532,,Fire,,12,Cinematic,beamClashCapable; audienceFlees; destroyMap,50000,,,
0180_00,Mr. Satan,Super 1,,Dynamite Kick,4251,,Rush,Lunge Fighting,,Cinematic,lockOnNeeded; dashClashCapable,15000,10000,1.5,"old name ""Dynomite Kick"""
0180_00,Mr. Satan,Super 2,,Present Bomb,3176,,Rush,Lunge Fighting,,Unguardable; Cinematic,lockOnNeeded; dashClashCapable; unblockable,15000,11700,1,
0180_00,Mr. Satan,Ultimate,,Mr. Buu Arrives!,9318,,Rush,Lunge Fighting,,Cinematic,lockOnNeeded; dashClashCapable,50000,8750,2,
0190_00,Chiaotzu,Super 1,,Dodon Ray,5850,,Beam,,,,,20000,,,
0190_00,Chiaotzu,Super 2,,Psychic Rock Throw,6413,,Fire,,,,,20000,,,
0190_00,Chiaotzu,Ultimate,,"Farewell, Mr. Tien",16250,,Rush,Lunge Fighting,,Cinematic; Self-damage,lockOnNeeded; dashClashCapable; audienceFlees,50000,8750,2,confirmed: league in-game test 2026-10-07
0210_00,Yajirobe,Super 1,,Ka-Blam Attack,5850,,Rush,Lunge Fighting,,Unguardable,lockOnNeeded; dashClashCapable; unblockable,40000,8750,1,
0210_00,Yajirobe,Super 2,,Flash and Kill,6533,,Rush,Lunge Fighting,,Cinematic,lockOnNeeded; dashClashCapable,15000,8750,2,
0210_00,Yajirobe,Ultimate,,Miracle Ka-Blam Slash,12000,,Rush,Lunge Fighting,,Cinematic,lockOnNeeded; dashClashCapable,50000,11700,1,"old name ""Miracle Ka-Blam Smash"""
0230_00,Pan (GT),Super 1,,Kamehameha,6770,,Beam,,5,Chargeable,beamClashCapable,30000,,,
0230_00,Pan (GT),Super 2,,Giru Missile,7957,,Rush,Lunge Fighting,,Cinematic,lockOnNeeded; dashClashCapable,15000,8750,2,
0230_00,Pan (GT),Ultimate,,Maiden's Rage,14250,,Rush,Lunge Fighting,,Cinematic,lockOnNeeded; dashClashCapable,50000,11700,1,
0240_00,Uub (GT),Super 1,,Super Kamehameha,7125,,Beam,,5,Chargeable,beamClashCapable; audienceFlees,30000,,,
0240_00,Uub (GT),Super 2,,Blazing Barrage Palm,8375,,Rush,Lunge Fighting,,Cinematic,lockOnNeeded; dashClashCapable,15000,8750,2,
0240_00,Uub (GT),Ultimate,,Super Explosive Wave,17000,,Explosive Wave,,,,audienceFlees,50000,,,
0240_01,Majuub (GT),Super 1,,Super Consecutive Energy Blast,8250,,Continuous Fire,,,,,20000,,,
0240_01,Majuub (GT),Super 2,,Majin Beam,9213,,Beam,,,Unguardable; Cinematic,unblockable,40000,,,
0240_01,Majuub (GT),Ultimate,,Lightning Arrow,16500,,Rush,Lunge Fighting,,Cinematic,lockOnNeeded; dashClashCapable; audienceFlees,50000,8750,2,
0270_00,Nam,Super 1,,Shura Gekiretsuken,6533,,Rush,Lunge Fighting,,Cinematic,dashClashCapable; lockOnNeeded,,8750,,league in-game test 2026-10-08; cinematic: league in-game 2026-10-09
0270_00,Nam,Super 2,,Cross Arm Hurricane,5850,,,,,,,,,,league in-game test 2026-10-08
0270_00,Nam,Ultimate,,Aerial Attack,,,Rush,Lunge Fighting,,Cinematic,dashClashCapable; lockOnNeeded,,11700,,"category Rush, cinematic: league in-game 2026-10-09"
0280_00,Eighter,Super 2,,Eighter's Anger,7878,,,,,,,,,,league in-game test 2026-10-08
0280_00,Eighter,Ultimate,,You Hurt Goku!,,,Rush,Lunge Fighting,,Cinematic,dashClashCapable; lockOnNeeded,,8750,,"category Rush, cinematic: league in-game 2026-10-09"
0301_00,Chi-Chi,Super 1,,Bansho Fan,5558,,,,,,,,,,league in-game test 2026-10-08
0301_00,Chi-Chi,Super 2,,You'll Pay for That!,,,Rush,Lunge Fighting,,Cinematic,dashClashCapable; lockOnNeeded,,11700,,cinematic: league in-game 2026-10-09
0301_00,Chi-Chi,Ultimate,,"Help Me, Goku!",,,Rush,,,Cinematic,beamClashCapable; lockOnNeeded,,8750,,"category Rush, cinematic: league in-game 2026-10-09"
0310_00,Bardock,Super 1,,Riot Blaster,7125,,Beam,,5,,beamClashCapable; audienceFlees,30000,,,
0310_00,Bardock,Super 2,,Final Revenger,8375,,Rush,Lunge Fighting,,Cinematic,lockOnNeeded; dashClashCapable,15000,11700,1,
0310_00,Bardock,Ultimate,,Final Spirit Cannon,15000,,Fire,,8,Cinematic,beamClashCapable; audienceFlees,50000,,,
0320_00,Raditz,Super 1,,Energy Crash,6769,,Fire,,5,,beamClashCapable,30000,,,
0320_00,Raditz,Super 2,,Sonic Assault,7957,,Rush,Lunge Fighting,,Cinematic,lockOnNeeded; dashClashCapable,15000,8750,2,
0320_00,Raditz,Ultimate,,Begone!,14250,,Fire,,8,Cinematic,beamClashCapable; audienceFlees,50000,,,
0330_00,Saibaman,Super 1,,Full-Power Energy Wave,6415,,Beam,,5,,beamClashCapable; audienceFlees,30000,,,
0330_00,Saibaman,Super 2,,High Speed Rush,7538,,Rush,Lunge Fighting,,Cinematic,lockOnNeeded; dashClashCapable,15000,10000,1.5,
0330_00,Saibaman,Ultimate,,Saibaman Bomb,14625,,Rush,Lunge Fighting,,Cinematic; Self-damage,lockOnNeeded; dashClashCapable,50000,11700,1,
0340_00,Nappa,Super 1,,Volcano Explosion,7876,,Lock-On Explosion,,,,lockOnNeeded,40000,,,"old name ""Volcanic Explosion"""
0340_00,Nappa,Super 2,,Blazing Storm,5852,,Sweep,,,,lockOnNeeded,20000,,,
0340_00,Nappa,Ultimate,,Nappa Cannon,14625,,Beam,,9,Cinematic,beamClashCapable; audienceFlees,50000,,,
0350_00,Zarbon,Super 1,,Shooting Star Arrow,5940,,Continuous Fire,,,,,20000,,,league in-game test 2026-10-08: 5940 (5 hits) (was 4752)
0350_00,Zarbon,Super 2,,Bloody Dance,7125,,Rush,Lunge Fighting,,Cinematic,lockOnNeeded; dashClashCapable,15000,8750,2,
0350_00,Zarbon,Ultimate,,Elegant Blaster,14250,,Beam,,9,Cinematic,beamClashCapable; audienceFlees,50000,,,
0351_00,Super Zarbon,Super 1,,Elegant Blaster,6415,,Beam,,5,,beamClashCapable; audienceFlees,30000,,,
0351_00,Super Zarbon,Super 2,,Wild Pressure,7538,,Rush,Lunge Fighting,,Cinematic,lockOnNeeded; dashClashCapable,15000,8750,2,
0351_00,Super Zarbon,Ultimate,,Monster Crush,15688,,Rush,Throw,,Unguardable; Cinematic,lockOnNeeded; dashClashCapable; unblockable,50000,8750,0.5,"confirmed: league in-game test 2026-10-08; the ground impact is part of the cinematic, so its 500 is always included"
0360_00,Dodoria,Super 1,,Chou Makouhou,6415,,Beam,,5,,beamClashCapable; audienceFlees,30000,,,
0360_00,Dodoria,Super 2,,Dodoria Head Ram,6750,,Rush,Lunge Fighting,,Unguardable,lockOnNeeded; dashClashCapable; unblockable,40000,11700,1.5,
0360_00,Dodoria,Ultimate,,Maximum Buster,14625,,Beam,,,Cinematic,audienceFlees,50000,,,
0370_00,Cui,Super 1,,Full-Power Energy Wave,6770,,Beam,,5,,beamClashCapable; audienceFlees,30000,,,
0370_00,Cui,Super 2,,Full-Power Energy Wave Combo,7130,,Continuous Fire,,,,,30000,,,
0370_00,Cui,Ultimate,,Ah! Lord Frieza!,14250,,Rush,Lunge Fighting,,Cinematic,lockOnNeeded; dashClashCapable,50000,8750,2,
0380_00,Captain Ginyu,Super 1,,Full-Power Energy Wave,7125,,Beam,,5,,beamClashCapable; audienceFlees,30000,,,
0380_00,Captain Ginyu,Super 2,,Galaxy Dynamite,7125,,Fire,Lunge Fighting,5,,beamClashCapable; audienceFlees,30000,,,
0380_00,Captain Ginyu,Ultimate,,Body Change,0,,Fire,,,"Switch body; Unguardable; Cinematic; When you and your opponent switch bodies, you cannot use
Transformation, Switch, skills, Blasts, or Ultimate Blasts.",lockOnNeeded,50000,,,unguardable confirmed: league in-game test 2026-10-08 (the Neo Export says no)
0390_00,Recoome,Super 1,,Recoome Eraser Gun,6415,,Beam,,5,,beamClashCapable,30000,,,
0390_00,Recoome,Super 2,,Recoome Grenade Bomber,5640,,Continuous Fire,,,,,30000,,,
0390_00,Recoome,Ultimate,,Recoome Fighting Bomber,13500,,Explosive Wave,,,Cinematic,audienceFlees,50000,,,
0400_00,Burter,Super 1,,Full-Power Energy Ball,6769,,Fire,,5,,beamClashCapable; audienceFlees,30000,,,
0400_00,Burter,Super 2,,Space Mach Attack,7957,,Rush,Lunge Fighting,,Cinematic,lockOnNeeded; dashClashCapable,15000,11700,1,
0400_00,Burter,Ultimate,,Purple Comet Attack,14250,,Rush,Lunge Fighting,,Cinematic,lockOnNeeded; dashClashCapable,50000,8750,2,
0410_00,Jeice,Super 1,,Full-Power Energy Wave,6770,,Beam,,5,,beamClashCapable; audienceFlees,30000,,,
0410_00,Jeice,Super 2,,Crusher Ball,6769,,Fire,,5,,beamClashCapable,30000,,,
0410_00,Jeice,Ultimate,,Purple Comet Attack,14250,,Rush,Lunge Fighting,,Cinematic,lockOnNeeded; dashClashCapable,50000,8750,2,
0420_00,Guldo,Super 1,,Psychic Rock Throw,6413,,Fire,,,,,30000,,,
0420_00,Guldo,Super 2,,Full-Power Energy Blast Volley,5625,,Continuous Fire,,,,,30000,,,
0420_00,Guldo,Ultimate,,Guldo Special,13500,,Fire,,,Unguardable; Cinematic,unblockable,50000,,,
0430_00,King Cold,Super 1,,Full-Power Death Beam,6769,,Beam,,,,,20000,,,
0430_00,King Cold,Super 2,,Super Explosive Wave,8315,,Explosive Wave,,,,audienceFlees,40000,,,
0430_00,King Cold,Ultimate,,Power of the Cold Clan,14250,,Rush,Lunge Fighting,,Cinematic,lockOnNeeded; dashClashCapable; audienceFlees; destroyMap,50000,11700,1,
0440_00,Android 16,Super 1,,Hell's Impact,7125,,Fire,,,,,30000,,,
0440_00,Android 16,Super 2,,Hell Flash,8375,,Rush,Throw,,Unguardable; Cinematic,lockOnNeeded; dashClashCapable; unblockable,20000,8750,0.12,
0440_00,Android 16,Ultimate,,Self Destruct Device,17500,,Rush,Lunge Fighting,,Self-damage; Cinematic; Unguardable,lockOnNeeded; dashClashCapable; unblockable; audienceFlees; destroyMap,50000,8750,2,
0450_00,Android 17 (Z),Super 1,,Full-Power Energy Ball,6826,,Fire,,,,,30000,,,"old name ""High Power Blitz "" belongs to another character; damage and traits kept by slot (they match this character's move)"
0450_00,Android 17 (Z),Super 2,,Photon Flash,7485,,Beam,,5,,beamClashCapable; audienceFlees,30000,,,"old name ""Super Electric Strike"" belongs to another character; damage and traits kept by slot (they match this character's move)"
0450_00,Android 17 (Z),Ultimate,,Sadistic Dance,15750,,Rush,Lunge Fighting,,Cinematic,lockOnNeeded; dashClashCapable,50000,8750,2,"old name ""Barrier Explosion"" belongs to another character; damage and traits kept by slot (they match this character's move)"
0450_00,Android 17 (Z),Ultimate,ULT2,Hellish Combo,,,Rush,Lunge Fighting,,Cinematic,dashClashCapable; lockOnNeeded,,8750,,"category Rush, cinematic: league in-game 2026-10-09"
0450_10,Android 17 (Super),Super 1,,High Power Blitz,7840,,Beam,,5,,beamClashCapable; audienceFlees,30000,,,"old name ""Full-Power Energy Ball"" belongs to another character; damage and traits kept by slot (they match this character's move)"
0450_10,Android 17 (Super),Super 2,,Super Electric Strike,7838,,Fire,,,,,30000,,,"old name ""Photon Flash"" belongs to another character; damage and traits kept by slot (they match this character's move)"
0450_10,Android 17 (Super),Ultimate,,Barrier Explosion,17875,,Rush,Lunge Fighting,,Cinematic; Self-damage,lockOnNeeded; dashClashCapable,50000,8750,2,"old name ""Sadistic Dance"" belongs to another character; damage and traits kept by slot (they match this character's move)"
0451_00,Super 17 (GT),Super 2,,Flash Bomber,7530,,,,,,,,,,league in-game test 2026-10-08
0451_00,Super 17 (GT),Ultimate,,Electro Eclipse Bomb,,,Fire,,8,Cinematic,beamClashCapable,,,,"category Fire, cinematic: league in-game 2026-10-09"
0460_00,Android 18,Super 1,,Infinity Bullet,7880,,Continuous Fire,,,,,20000,,,
0460_00,Android 18,Super 2,,Energy Wave,7878,,Beam,,5,,beamClashCapable; audienceFlees,30000,,,
0460_00,Android 18,Super 2,SPM3,Chain Destructo Disc,7872,,Fire,,,Unguardable,unblockable; audienceFlees,30000,,,unguardable confirmed: league in-game test 2026-10-08 (the Neo Export says no)
0460_00,Android 18,Ultimate,,Sadistic 18,15750,,Rush,Lunge Fighting,,Cinematic,lockOnNeeded; dashClashCapable,50000,8750,2,
0470_00,Android 19,Super 1,,Full-Power Energy Wave,6770,,Beam,,5,,beamClashCapable; audienceFlees,30000,,,
0470_00,Android 19,Super 2,,High Power Rush,7957,,Rush,Lunge Fighting,,Cinematic,lockOnNeeded; dashClashCapable,15000,10000,1.5,
0470_00,Android 19,Ultimate,,Drain Life 19,14251,,Rush,Lunge Fighting,,Cinematic,lockOnNeeded; dashClashCapable,50000,8750,2,
0480_00,Dr. Gero,Super 1,,Full-Power Energy Wave,7125,,Beam,,5,,beamClashCapable; audienceFlees,30000,,,
0480_00,Dr. Gero,Super 2,,Bionic Punisher,6500,,Sweep,,,,,30000,,,
0480_00,Dr. Gero,Ultimate,,Drain Life 20,15001,,Rush,Lunge Fighting,,Cinematic,lockOnNeeded; dashClashCapable,50000,8750,2,
0490_00,Babidi,Super 1,,Pui Pui Nice Shot,7957,,Rush,Lunge Fighting,,Cinematic,lockOnNeeded; dashClashCapable,15000,8750,2,
0490_00,Babidi,Super 2,,Ultimate Explosive Power,8316,,Lock-On Explosion,,,,lockOnNeeded,40000,,,
0490_00,Babidi,Ultimate,,Super Electroshock Sorcery,14250,,Short-Range Energy Attack,,,Unguardable; Cinematic,unblockable,50000,,,
0500_00,Dabura,Super 1,,Evil Impulse,9085,,Fire,,5,,beamClashCapable,30000,,,
0500_00,Dabura,Super 2,,Evil Flame,9564,,Short-Range Energy Attack,,,Unguardable,unblockable,30000,,,
0500_00,Dabura,Ultimate,,Dark Sword Strike,19125,,Rush,Lunge Fighting,,Cinematic,lockOnNeeded; dashClashCapable,50000,11700,1,
0510_00,King Vegeta,Super 2,,Super Energy Wave Combo,7500,,,,,,,,,,league in-game test 2026-10-08
0510_00,King Vegeta,Ultimate,,Orga Blaster,,,Rush,Lunge Fighting,,Cinematic,dashClashCapable; lockOnNeeded,,8750,,"category Rush, cinematic: league in-game 2026-10-09"
0540_00,Frieza Force Soldier,Super 1,,Energy Wave,5625,,Beam,,5,,beamClashCapable,20000,,,
0540_00,Frieza Force Soldier,Super 2,,Full-Power Energy Wave,6415,,Beam,,5,,beamClashCapable; audienceFlees,30000,,,
0540_00,Frieza Force Soldier,Ultimate,,Life-Risking Blow!,13500,,Rush,Lunge Fighting,,Unguardable,lockOnNeeded; dashClashCapable; unblockable,50000,8750,1,
0550_00,Broly (Z),Super 1,,Full-Power Energy Wave,7485,,Beam,,5,,beamClashCapable; audienceFlees,30000,,,
0550_00,Broly (Z),Super 2,,High Speed Rush,8794,,Rush,Lunge Fighting,,Cinematic,lockOnNeeded; dashClashCapable,15000,10000,1.5,
0550_00,Broly (Z),Ultimate,,Super Explosive Wave,16407,,Explosive Wave,,,Cinematic,audienceFlees,50000,,,
0551_00,Broly (Z) Super Saiyan,Super 1,,Bloody Smash,9713,,Rush,Lunge Fighting,,Cinematic,lockOnNeeded; dashClashCapable,15000,8750,2,"confirmed: league in-game test 2026-10-08; the ground impact is part of the cinematic, so its 500 is always included"
0551_00,Broly (Z) Super Saiyan,Super 2,,Trap Shooter,7158,,Simultaneous Fire,,,,,20000,,,
0551_00,Broly (Z) Super Saiyan,Ultimate,,Eraser Cannon,17875,,Fire,,,Cinematic,audienceFlees,50000,,,
0552_00,Broly (Z) Legendary Super Saiyan,Super 1,,Eraser Cannon,9263,,Fire,,5,,beamClashCapable; audienceFlees,30000,,,
0552_00,Broly (Z) Legendary Super Saiyan,Super 2,,Gigantic Hammer,10888,,Rush,Lunge Fighting,,Unguardable; Cinematic,lockOnNeeded; dashClashCapable; unblockable,20000,8750,0.25,
0552_00,Broly (Z) Legendary Super Saiyan,Ultimate,,Omega Blaster,21938,,Fire,,12,Unguardable; Cinematic,beamClashCapable; unblockable; audienceFlees; destroyMap,50000,,,
0553_00,Broly (Super),Super 1,,Full-Power Energy Wave,7485,,Beam,,5,,beamClashCapable; audienceFlees,30000,,,
0553_00,Broly (Super),Super 2,,Gigantic Crash,8794,,Rush,Lunge Fighting,,Unguardable; Cinematic,lockOnNeeded; dashClashCapable; unblockable,20000,8750,0.5,
0553_00,Broly (Super),Ultimate,,Gigantic Impact,15750,,Rush,Lunge Fighting,,Cinematic,lockOnNeeded; dashClashCapable,50000,11700,1,
0554_00,Broly (Super) Super Saiyan,Super 1,,Gigantic Cannon,7840,,Beam,,5,,beamClashCapable; audienceFlees,30000,,,
0554_00,Broly (Super) Super Saiyan,Super 2,,Gigantic Rage,9213,,Rush,Lunge Fighting,,Cinematic,lockOnNeeded; dashClashCapable,15000,11700,1,
0554_00,Broly (Super) Super Saiyan,Ultimate,,Gigantic Ball,17875,,Fire,,12,Cinematic,beamClashCapable; audienceFlees; destroyMap,50000,,,
0555_00,Broly (Super) Super Saiyan (Full Power),Super 1,,Gigantic Cannon,9265,,Beam,,5,,beamClashCapable; audienceFlees,30000,,,
0555_00,Broly (Super) Super Saiyan (Full Power),Super 2,,Blaster Meteor,11879,,Explosive Wave,,,,,40000,,,
0555_00,Broly (Super) Super Saiyan (Full Power),Ultimate,,Gigantic Catastrophe,21938,,Beam,,12,Cinematic,beamClashCapable; audienceFlees,50000,,,
0561_00,Super Garlic Jr.,Super 1,,Death Impact,6770,,Beam,,5,,beamClashCapable; audienceFlees,30000,,,
0561_00,Super Garlic Jr.,Super 2,,Darkness Illusion,7957,,Rush,Throw,,Unguardable; Cinematic,lockOnNeeded; dashClashCapable; unblockable,20000,8750,0.12,
0561_00,Super Garlic Jr.,Ultimate,,Dead Zone,15438,,Rush,Lunge Fighting,,Unguardable; Cinematic,lockOnNeeded; dashClashCapable; unblockable,50000,11700,1,
0570_00,Dr. Wheelo,Super 1,,Photon Strike,7839,,Fire,,,,audienceFlees,30000,,,
0570_00,Dr. Wheelo,Super 2,,Gigantic Bomber,8250,,Rush,Lunge Fighting,,Unguardable,lockOnNeeded; unblockable,40000,11700,1.5,clash none: league in-game 2026-10-09
0570_00,Dr. Wheelo,Ultimate,,Planet Geyser,16500,,Beam,,9,,beamClashCapable; audienceFlees,50000,,,
0580_00,Turles,Super 1,,Kill Driver,7125,,Fire,,5,,beamClashCapable,30000,,,
0580_00,Turles,Super 2,,Full-Power Energy Wave Combo,7500,,Continuous Fire,,,,,30000,,,
0580_00,Turles,Ultimate,,Meteor Burst,15000,,Rush,Lunge Fighting,,Cinematic,lockOnNeeded; dashClashCapable,50000,11700,1,
0590_00,Lord Slug,Super 1,,Finger Beam,6769,,Beam,,,,,20000,,,
0590_00,Lord Slug,Super 2,,Darkness Eye Beam,6176,,Sweep,,,,,30000,,,
0590_00,Lord Slug,Ultimate,,Power of Darkness,14250,,Rush,Lunge Fighting,,Cinematic,lockOnNeeded; dashClashCapable,50000,11700,1,
0591_00,Lord Slug Giant Form,Super 1,,Darkness Eye Beam,7804,,Sweep,,,,audienceFlees,30000,,,
0591_00,Lord Slug Giant Form,Super 2,,Super Explosive Wave,11003,,Explosive Wave,,,,audienceFlees,40000,,,
0591_00,Lord Slug Giant Form,Ultimate,,Darkness Blaster,19501,,Beam,,9,Cinematic,beamClashCapable; audienceFlees,50000,,,
0600_00,Cooler,Super 1,,Full-Power Energy Wave,7840,,Beam,,5,,beamClashCapable; audienceFlees,30000,,,
0600_00,Cooler,Super 2,,Darkness Eye Beam,7152,,Sweep,,,,,20000,,,
0600_00,Cooler,Ultimate,,Death Ball,16500,,Fire,,12,,beamClashCapable; audienceFlees; destroyMap,50000,,,
0600_10,Metal Cooler,Super 1,,Lock-On Buster,8613,,Fire,,,Unguardable,unblockable,40000,,,
0600_10,Metal Cooler,Super 2,,Finger Blitz Barrage,8300,,Continuous Fire,,,,,20000,,,league in-game test 2026-10-07: 20 hits (was 7470)
0600_10,Metal Cooler,Ultimate,,Supernova,19875,,Fire,,12,Cinematic,beamClashCapable; audienceFlees; destroyMap,50000,,,
0601_00,Cooler Final Form,Super 1,,Death Beam,7150,,Beam,,,,,20000,,,
0601_00,Cooler Final Form,Super 2,,Death Chaser,9213,,Rush,Lunge Fighting,,Cinematic,lockOnNeeded; dashClashCapable,15000,8750,2,
0601_00,Cooler Final Form,Ultimate,,Supernova,17875,,Fire,,12,Cinematic,beamClashCapable; audienceFlees; destroyMap,50000,,,
0610_00,Salza,Super 2,,Spread Finger Beam,7500,,,,,,,,,,league in-game test 2026-10-08
0610_00,Salza,Ultimate,,Salza Blade Rush,,,Rush,Lunge Fighting,,Cinematic,dashClashCapable; lockOnNeeded,,11700,,"category Rush, cinematic: league in-game 2026-10-09"
0620_00,Android 13,Super 1,,Full-Power Energy Wave,7485,,Beam,,5,,beamClashCapable; audienceFlees,30000,,,
0620_00,Android 13,Super 2,,Silent Assassin 13,8794,,Rush,Lunge Fighting,,Cinematic,lockOnNeeded; dashClashCapable,15000,8750,2,
0620_00,Android 13,Ultimate,,S.S. Deadly Bomber,15750,,Fire,,8,,beamClashCapable; audienceFlees,50000,,,
0621_00,Fusion Android 13,Super 1,,S.S. Deadly Bomber,7838,,Fire,,5,,beamClashCapable; audienceFlees,30000,,,
0621_00,Fusion Android 13,Super 2,,Super Explosive Wave,9625,,Explosive Wave,,,,audienceFlees,40000,,,
0621_00,Fusion Android 13,Ultimate,,S.S. Deadly Hammer,17875,,Rush,Throw,,Unguardable; Cinematic,lockOnNeeded; dashClashCapable; unblockable,50000,8750,0.12,
0630_00,Bojack,Super 1,,Full-Power Energy Ball,7125,,Fire,,5,,beamClashCapable; audienceFlees,30000,,,
0630_00,Bojack,Super 2,,Trap Shooter,6504,,Simultaneous Fire,,,,,20000,,,
0630_00,Bojack,Ultimate,,Grand Smasher,16245,,Fire,,8,,beamClashCapable; audienceFlees,50000,,,
0631_00,Full-Power Bojack,Super 1,,Grand Smasher,7838,,Fire,,5,,beamClashCapable; audienceFlees,30000,,,
0631_00,Full-Power Bojack,Super 2,,Galactic Tyrant,9213,,Rush,Lunge Fighting,,Cinematic,lockOnNeeded; dashClashCapable,15000,11700,1,
0631_00,Full-Power Bojack,Ultimate,,Galactic Buster,17188,,Fire,,8,Cinematic,beamClashCapable; audienceFlees,50000,,,
0640_00,Zangya,Super 1,,Shoot Blaster,7125,,,,,,,,,,league in-game test 2026-10-08
0640_00,Zangya,Super 2,,Trap Shooter,6504,,,,,,,,,,league in-game test 2026-10-08
0640_00,Zangya,Ultimate,,Sky Zapper,,,Rush,Lunge Fighting,,Cinematic,dashClashCapable; lockOnNeeded,,8750,,"category Rush, cinematic: league in-game 2026-10-09"
0650_00,Janemba,Super 1,,Chou Makouhou,8915,,Beam,,5,,beamClashCapable; audienceFlees,30000,,,
0650_00,Janemba,Super 2,,Rapid Cannon,9640,,Simultaneous Fire,,,,audienceFlees,30000,,,
0650_00,Janemba,Ultimate,,Illusion Smash,18750,,Rush,Throw,,Unguardable; Cinematic,lockOnNeeded; unblockable,50000,11700,,league in-game test 2026-10-07 (was 19188)
0651_00,Super Janemba,Super 1,,Evil Cannon,8910,,Beam,,5,,beamClashCapable; audienceFlees,30000,,,
0651_00,Super Janemba,Super 2,,Lightning Shower Rain,8125,,Simultaneous Fire,,,,,30000,,,
0651_00,Super Janemba,Ultimate,,Dimension Sword Attack,18750,,Rush,Lunge Fighting,,Cinematic,lockOnNeeded; dashClashCapable,50000,11700,1,
0660_00,Tapion,Super 1,,Brave Cannon,7125,,Fire,,5,,beamClashCapable; audienceFlees,30000,,,
0660_00,Tapion,Super 2,,Brave Slash,6250,,Continuous Fire,,,Unguardable,unblockable,30000,,,
0660_00,Tapion,Ultimate,,Brave Sword Attack,15000,,Rush,Lunge Fighting,,Cinematic,targetGiant; lockOnNeeded; dashClashCapable,50000,11700,1,
0670_00,Hirudegarn,Super 1,,Chou Makousen,10052,,Short-Range Energy Attack,,,,audienceFlees,20000,,,
0670_00,Hirudegarn,Super 2,,Super Explosive Wave,11005,,Explosive Wave,,,,audienceFlees,40000,,,
0670_00,Hirudegarn,Ultimate,,Gigantic Flame,19501,,Beam,,9,Cinematic,beamClashCapable; audienceFlees; destroyMap,50000,,,
0680_00,Baby Vegeta (GT),Super 1,,Galick Gun,7485,,Beam,,5,,beamClashCapable; audienceFlees,30000,,,
0680_00,Baby Vegeta (GT),Super 2,,Finger Blitz Barrage,6580,,Continuous Fire,,,,audienceFlees,20000,,,confirmed: league in-game test 2026-10-08; 20 hits
0680_00,Baby Vegeta (GT),Ultimate,,Final Flash,15750,,Beam,,9,Cinematic,beamClashCapable; audienceFlees; destroyMap,50000,,,
0680_01,Super Baby 1 (GT),Super 1,,Galick Gun,7840,,Beam,,5,,beamClashCapable; audienceFlees,30000,,,
0680_01,Super Baby 1 (GT),Super 2,,Tuffle Revenger,9213,,Rush,Lunge Fighting,,Cinematic,lockOnNeeded; dashClashCapable,15000,8750,2,
0680_01,Super Baby 1 (GT),Ultimate,,Final Flash,16500,,Beam,,9,Cinematic,beamClashCapable; audienceFlees; destroyMap,50000,,,
0680_02,Super Baby 2 (GT),Super 1,,Final Flash,8125,,Beam,,5,,beamClashCapable; audienceFlees,30000,,,
0680_02,Super Baby 2 (GT),Super 2,,Revenge Cutter,7815,,Fire,,,Unguardable,unblockable,30000,,,
0680_02,Super Baby 2 (GT),Ultimate,,Revenge Death Ball,17188,,Fire,,8,Cinematic,beamClashCapable; audienceFlees; destroyMap,50000,,,"old name ""Revenge Death Ball Final"""
0681_00,Great Ape Baby (GT),Super 1,,Super Galick Gun,9690,,Beam,,5,,beamClashCapable; audienceFlees,30000,,,
0681_00,Great Ape Baby (GT),Super 2,,Gigantic Flame,8376,,Short-Range Energy Attack,,,Unguardable,unblockable; audienceFlees,30000,,,
0681_00,Great Ape Baby (GT),Ultimate,,Revenge Death Ball Final,20313,,Fire,,12,Cinematic,beamClashCapable; audienceFlees; destroyMap,50000,,,
0690_00,Nuova Shenron (GT),Super 1,,Burst Attack,8194,,,,,,,,,,league in-game test 2026-10-08
0690_00,Nuova Shenron (GT),Super 2,,Burning Tornado,8625,,,,,,,,,,league in-game test 2026-10-08
0690_00,Nuova Shenron (GT),Ultimate,,Blaster Meteor,,,Rush,Lunge Fighting,,Cinematic,dashClashCapable; lockOnNeeded,,8750,,"category Rush, cinematic: league in-game 2026-10-09"
0700_00,Syn Shenron (GT),Super 1,,Trap Shooter,7158,,Simultaneous Fire,,,,,20000,,,
0700_00,Syn Shenron (GT),Super 2,,Blazing Storm,7152,,Sweep,,,,,20000,,,
0700_00,Syn Shenron (GT),Ultimate,,Gigantic Blaze,16500,,Lock-On Explosion,,,Cinematic,,50000,,,
0700_01,Omega Shenron (GT),Super 1,,Gigantic Blaze,9263,,Lock-On Explosion,,,Cinematic,,40000,,,
0700_01,Omega Shenron (GT),Super 2,,Dragon Thunder,10888,,Rush,Lunge Fighting,,Cinematic,lockOnNeeded; dashClashCapable,15000,8750,2,
0700_01,Omega Shenron (GT),Ultimate,,Minus Energy Power Ball,19501,,Fire,,12,Cinematic,beamClashCapable; audienceFlees; destroyMap,50000,,,
0710_00,Mercenary Tao,Super 1,,Original Dodon Ray,5850,,,,,,,,,,league in-game test 2026-10-08
0710_00,Mercenary Tao,Super 2,,Crane Style Assassin Strike,,,Rush,Lunge Fighting,,Cinematic,dashClashCapable; lockOnNeeded,,11700,,cinematic: league in-game 2026-10-09
0710_00,Mercenary Tao,Ultimate,,Ultimate Final Strategy,,,Rush,Lunge Fighting,,Cinematic,dashClashCapable; lockOnNeeded,,8750,,"category Rush, cinematic: league in-game 2026-10-09"
0720_00,General Blue,Super 1,,I'll Shoot You!,6413,,,,,,,,,,league in-game test 2026-10-08
0720_00,General Blue,Super 2,,Skewer!,,,Beam,,,Unguardable; Cinematic,unblockable,,,,cinematic: league in-game 2026-10-09
0720_00,General Blue,Ultimate,,Rocket Engine Spark,,,Rush,Lunge Fighting,,Cinematic,dashClashCapable; lockOnNeeded,,11700,,"category Rush, cinematic: league in-game 2026-10-09"
0730_00,Spike the Devil Man,Super 1,,Fork Attack,6413,,,,,,,,,,league in-game test 2026-10-08
0730_00,Spike the Devil Man,Super 2,,Demon Fork Rush,,,Rush,Lunge Fighting,,Cinematic,dashClashCapable; lockOnNeeded,,8750,,cinematic: league in-game 2026-10-09
0730_00,Spike the Devil Man,Ultimate,,Devilmite Beam,,,Beam,,,Unguardable; Cinematic,unblockable,,,,"category Beam, cinematic: league in-game 2026-10-09"
0760_00,Spopovich,Super 1,,Berserker Crash,6375,,Rush,Lunge Fighting,,Unguardable,lockOnNeeded; dashClashCapable; unblockable,40000,8750,1,"old name ""Beserker Crash"""
0760_00,Spopovich,Super 2,,Mad Banquet,7119,,Rush,Lunge Fighting,,Cinematic,lockOnNeeded; dashClashCapable,15000,8750,2,
0760_00,Spopovich,Ultimate,,Majin Buu Resurrection,12750,,Rush,Lunge Fighting,,Cinematic,lockOnNeeded; dashClashCapable,50000,11700,1,
0780_00,Beerus,Super 1,,Sphere of Destruction,9975,,Fire,,5,,beamClashCapable; audienceFlees,30000,,,
0780_00,Beerus,Super 2,,Hakai Headshot,11725,,Rush,Lunge Fighting,,Cinematic,lockOnNeeded; dashClashCapable,15000,11700,1,
0780_00,Beerus,Ultimate,,Super Sphere of Destruction,21000,,Fire,,12,Unguardable; Cinematic,beamClashCapable; unblockable; audienceFlees; destroyMap,50000,,,
0790_00,Whis,Super 1,,Prelude to Destruction,9100,,Beam,,,,,30000,,,
0790_00,Whis,Super 2,,Symphonic Destruction,10501,,Short-Range Energy Attack,,,,,20000,,,
0790_00,Whis,Ultimate,,Epilogue to Destruction,21000,,Rush,Lunge Fighting,,Cinematic,lockOnNeeded; dashClashCapable; audienceFlees,50000,8750,2,
0800_00,Goku Black,Super 1,,Black Power Ball,7482,,Fire,,5,,beamClashCapable,30000,,,
0800_00,Goku Black,Super 2,,Black Bind,8794,,Rush,Lunge Fighting,,Unguardable; Cinematic,lockOnNeeded; dashClashCapable; unblockable,20000,8750,2,
0800_00,Goku Black,Ultimate,,Black Kamehameha,15735,,Beam,,9,,beamClashCapable; audienceFlees,50000,,,
0800_01,Goku Black Super Saiyan Rosé,Super 1,,Black Kamehameha,9265,,Beam,,5,Chargeable,beamClashCapable; audienceFlees,30000,,,
0800_01,Goku Black Super Saiyan Rosé,Super 2,,Godly Display Slash,10888,,Rush,Lunge Fighting,,Cinematic,lockOnNeeded; dashClashCapable,15000,11700,1,
0800_01,Goku Black Super Saiyan Rosé,Ultimate,,Godly Black Kamehameha,19501,,Rush,Lunge Fighting,,Cinematic,lockOnNeeded; dashClashCapable,50000,11700,1,
0810_00,Zamasu,Super 1,,Divine Steel Blast,8729,,Fire,,,,,30000,,,
0810_00,Zamasu,Super 2,,God Slicer,10260,,Rush,Lunge Fighting,,Cinematic,lockOnNeeded; dashClashCapable,15000,11700,1,
0810_00,Zamasu,Ultimate,,Holy Light Grenade,18375,,Fire,,8,Cinematic,beamClashCapable; audienceFlees,50000,,,
0810_01,Fused Zamasu,Super 1,,Holy Wrath,9797,,Fire,,5,,beamClashCapable; audienceFlees; destroyMap,30000,,,"old name ""Holy Wraith"""
0810_01,Fused Zamasu,Super 2,,Blades of Judgment,8600,,Continuous Fire,,,,audienceFlees,30000,,,"old name ""Blades of Judgement"""
0810_01,Fused Zamasu,Ultimate,,Lightning of Absolution,20625,,Rush,Lunge Fighting,,Cinematic,lockOnNeeded; dashClashCapable; audienceFlees,50000,8750,2,
0811_00,Fused Zamasu Half-Corrupted,Super 1,,Mark of Condemnation,8551,,Fire,,5,,beamClashCapable; audienceFlees,30000,,,
0811_00,Fused Zamasu Half-Corrupted,Super 2,,Violent Fierce God Slicer,10051,,Rush,Lunge Fighting,,Cinematic,lockOnNeeded; dashClashCapable,15000,8750,2,
0811_00,Fused Zamasu Half-Corrupted,Ultimate,,Divine Hammer,20251,,Rush,Lunge Fighting,,Cinematic,lockOnNeeded; dashClashCapable,50000,11700,1,
0820_00,Demon King Piccolo,Super 1,,Soumasen,6500,,,,,,,,,,league in-game test 2026-10-08
0820_00,Demon King Piccolo,Super 2,,Explosive Evil Impact,7125,,,,,,,,,,league in-game test 2026-10-08
0820_00,Demon King Piccolo,Ultimate,,Explosive Demon Wave,,,Beam,,,Cinematic,,,,,"category Beam, cinematic: league in-game 2026-10-09"
0830_00,Jaco,Super 1,,Elite Beam,6175,,,,,,,,,,league in-game test 2026-10-08
0830_00,Jaco,Super 2,,Elite Rush,,,Rush,Lunge Fighting,,Cinematic,dashClashCapable; lockOnNeeded,,8750,,cinematic: league in-game 2026-10-09
0830_00,Jaco,Ultimate,,Super Elite Combo,,,Rush,Lunge Fighting,,Cinematic,dashClashCapable; lockOnNeeded,,11700,,"category Rush, cinematic: league in-game 2026-10-09"
0870_00,Hit,Super 1,,Assassin's Art,9265,,Fire,,,,,30000,,,
0870_00,Hit,Super 2,,Time Skip/Jump Spike,10888,,Rush,Lunge Fighting,,Cinematic,lockOnNeeded; dashClashCapable,20000,8750,2,"old name ""Time Skip/Jump Strike"""
0870_00,Hit,Ultimate,,Time Prison,18001,,Rush,Lunge Fighting,,Cinematic,lockOnNeeded; dashClashCapable,50000,11700,1,
0881_00,Frost,Super 1,,Chaos Beam,7150,,Beam,,,,audienceFlees,30000,,,
0881_00,Frost,Super 2,,Secret Poison,9213,,Rush,Lunge Fighting,,Cinematic,lockOnNeeded; dashClashCapable,15000,11700,1,
0881_00,Frost,Ultimate,,Chaos Ball,16500,,Fire,,8,Cinematic,beamClashCapable; audienceFlees; destroyMap,50000,,,
0890_00,Cabba,Super 1,,Galick Cannon,7485,,Beam,,5,,beamClashCapable; audienceFlees,30000,,,
0890_00,Cabba,Super 2,,High Speed Rush,8794,,Rush,Lunge Fighting,,Cinematic,lockOnNeeded; dashClashCapable,15000,10000,1.5,
0890_00,Cabba,Ultimate,,Galick Rage,15750,,Rush,Lunge Fighting,,Cinematic,lockOnNeeded; dashClashCapable,50000,11700,1,
0890_01,Cabba Super Saiyan,Super 1,,Galick Rain,9000,,Continuous Fire,,,,,30000,,,
0890_01,Cabba Super Saiyan,Super 2,,Galick Rage,10051,,Rush,Lunge Fighting,,Cinematic,lockOnNeeded; dashClashCapable,15000,11700,1,
0890_01,Cabba Super Saiyan,Ultimate,,Super Galick Cannon,18001,,Beam,,9,Cinematic,beamClashCapable; audienceFlees,50000,,,
0890_02,Cabba Super Saiyan 2,Super 1,,Super Galick Cannon,8910,,Beam,,5,,beamClashCapable; audienceFlees,30000,,,
0890_02,Cabba Super Saiyan 2,Super 2,,Galick Rain,9380,,Continuous Fire,,,,audienceFlees,30000,,,
0890_02,Cabba Super Saiyan 2,Ultimate,,Final Stream,18750,,Beam,,9,Cinematic,beamClashCapable; audienceFlees; destroyMap,50000,,,
0900_00,Caulifla,Super 1,,Full-Power Energy Wave,7485,,Beam,,5,,beamClashCapable; audienceFlees,30000,,,
0900_00,Caulifla,Super 2,,Super Explosive Wave,9190,,Explosive Wave,,,,audienceFlees,40000,,,
0900_00,Caulifla,Ultimate,,Crush Cannon,15750,,Simultaneous Fire,,,,audienceFlees,50000,,,
0900_02,Caulifla Super Saiyan 2,Super 1,,Energy Blast,8910,,Beam,,5,,beamClashCapable; audienceFlees,30000,,,
0900_02,Caulifla Super Saiyan 2,Super 2,,High Power Rush,10469,,Rush,Lunge Fighting,,Cinematic,lockOnNeeded; dashClashCapable,15000,10000,1.5,
0900_02,Caulifla Super Saiyan 2,Ultimate,,Limit Break Blaster,19532,,Beam,,9,Unguardable; Cinematic,beamClashCapable; unblockable; audienceFlees,50000,,,
0910_00,Kale,Super 1,,Resistance Cannon,7485,,Beam,,5,,beamClashCapable; audienceFlees,30000,,,
0910_00,Kale,Super 2,,Full-Power Energy Blast Volley,7880,,Continuous Fire,,,,,30000,,,
0910_00,Kale,Ultimate,,Resistance Blast,15750,,Fire,,8,,beamClashCapable; audienceFlees,50000,,,
0911_00,Kale Super Saiyan (Berserk),Super 1,,Gigantic Impact,8550,,Fire,,5,,beamClashCapable; audienceFlees,30000,,,
0911_00,Kale Super Saiyan (Berserk),Super 2,,Gigantic Throw,10050,,Rush,Lunge Fighting,,Cinematic,lockOnNeeded; dashClashCapable,15000,8750,0.5,
0911_00,Kale Super Saiyan (Berserk),Ultimate,,Berserk Blaster,21000,,Explosive Wave,,,Cinematic,audienceFlees; destroyMap,50000,,,
0912_00,Kale Super Saiyan,Super 1,,Resistance Blast,8550,,Fire,,5,,beamClashCapable; audienceFlees,30000,,,
0912_00,Kale Super Saiyan,Super 2,,Super Explosive Wave,10505,,Explosive Wave,,,,audienceFlees,40000,,,
0912_00,Kale Super Saiyan,Ultimate,,Limit Break Blaster,20251,,Beam,,9,Unguardable; Cinematic,beamClashCapable; unblockable; audienceFlees,50000,,,
0920_00,Kefla,Super 1,,Blaster Ball,8551,,Fire,,5,,beamClashCapable,30000,,,
0920_00,Kefla,Super 2,,Gigantic Swing,10051,,Rush,Lunge Fighting,,Cinematic,lockOnNeeded; dashClashCapable,15000,8750,0.5,
0920_00,Kefla,Ultimate,,Gigantic Burn,18751,,Explosive Wave,,,Cinematic,audienceFlees,50000,,,
0920_01,Kefla Super Saiyan,Super 1,,Blaster Ball,8907,,Fire,,5,,beamClashCapable; audienceFlees,30000,,,
0920_01,Kefla Super Saiyan,Super 2,,Gigantic Claw,10469,,Rush,Lunge Fighting,,Cinematic,lockOnNeeded; dashClashCapable,15000,8750,2,
0920_01,Kefla Super Saiyan,Ultimate,,Hexa-Cannonball,18750,,Simultaneous Fire,,,Cinematic,audienceFlees,50000,,,
0920_02,Kefla Super Saiyan 2,Super 1,,Gigantic Ray,8454,,Simultaneous Fire,,,,audienceFlees,30000,,,
0920_02,Kefla Super Saiyan 2,Super 2,,Gigantic Breaker,10888,,Rush,Lunge Fighting,,Cinematic,lockOnNeeded; dashClashCapable,15000,11700,1,
0920_02,Kefla Super Saiyan 2,Ultimate,,Gigantic Burst,20313,,Explosive Wave,,,Cinematic,audienceFlees; destroyMap,50000,,,
0930_00,Jiren,Super 1,,Power Impact,9263,,Fire,,5,,beamClashCapable; audienceFlees,30000,,,
0930_00,Jiren,Super 2,,Infinity Rush,10888,,Rush,Lunge Fighting,,Cinematic,lockOnNeeded; dashClashCapable,15000,11700,1,
0930_00,Jiren,Ultimate,,Heat Break,18001,,Rush,Lunge Fighting,,Cinematic,lockOnNeeded; dashClashCapable; audienceFlees,50000,8750,2,
0931_00,Jiren Full Power,Super 1,,Heatwave Magnetron,9620,,Beam,,5,,beamClashCapable; audienceFlees,30000,,,
0931_00,Jiren Full Power,Super 2,,Overheating Blast,11817,,Explosive Wave,,,,audienceFlees,40000,,,
0931_00,Jiren Full Power,Ultimate,,Omegaheat Magnetron,20250,,Beam,,9,Unguardable; Cinematic,beamClashCapable; unblockable; audienceFlees; destroyMap,50000,,,
0940_00,Toppo,Super 1,,Justice Flash,7200,,Continuous Fire,,,,,20000,,,
0940_00,Toppo,Super 2,,Justice Tornado,9632,,Rush,Lunge Fighting,,Cinematic,lockOnNeeded; dashClashCapable,15000,8750,2,
0940_00,Toppo,Ultimate,,United Justice Stream,17250,,Beam,,9,Cinematic,beamClashCapable; audienceFlees,50000,,,
0941_00,Toppo God of Destruction,Super 1,,Destruction Flash,8140,,Continuous Fire,,,,,20000,,,
0941_00,Toppo God of Destruction,Super 2,,Sphere of Destruction,9263,,Fire,,5,,beamClashCapable; audienceFlees,30000,,,
0941_00,Toppo God of Destruction,Ultimate,,Super Large Sphere of Destruction,19501,,Fire,,12,Unguardable; Cinematic,beamClashCapable; unblockable; audienceFlees; destroyMap,50000,,,
0950_00,Dyspo,Super 1,,Justice Crusher,7840,,Beam,,5,,beamClashCapable; audienceFlees,30000,,,
0950_00,Dyspo,Super 2,,Justice Kick,9213,,Rush,Lunge Fighting,,Cinematic,lockOnNeeded; dashClashCapable,15000,11700,1,
0950_00,Dyspo,Ultimate,,United Justice Stream,16500,,Beam,,9,Cinematic,beamClashCapable; audienceFlees,50000,,,
1000_00,Champa,Super 1,,Sphere of Destruction,9975,,,,,,,,,,league in-game test 2026-10-08
1000_00,Champa,Super 2,,God of Destruction's Menace,12255,,,,,,,,,,league in-game test 2026-10-08
1000_00,Champa,Ultimate,,Super Sphere of Destruction,,,Fire,,12,Unguardable; Cinematic,beamClashCapable; unblockable,,,,"category Fire, cinematic: league in-game 2026-10-09"
1190_00,Bergamo,Super 1,,Wolfgang Penetrator,7485,,Beam,,5,,beamClashCapable; audienceFlees,30000,,,
1190_00,Bergamo,Super 2,,Danger Knuckle,8794,,Rush,Lunge Fighting,,Cinematic,lockOnNeeded; dashClashCapable,15000,8750,2,
1190_00,Bergamo,Ultimate,,Triangle Danger Beam,15750,,Rush,Lunge Fighting,,Cinematic,lockOnNeeded; dashClashCapable,50000,11700,1,
1321_00,Ribrianne,Super 1,,Pretty Cannon,7125,,Fire,,5,,beamClashCapable,30000,,,
1321_00,Ribrianne,Super 2,,Maiden's Charge,7500,,Rush,Lunge Fighting,,Unguardable,lockOnNeeded; dashClashCapable; unblockable,40000,10000,2,
1321_00,Ribrianne,Ultimate,,Infinite Love,16250,,Rush,Lunge Fighting,,Cinematic,lockOnNeeded; dashClashCapable,50000,11700,1,
1331_00,Kakunsa,Super 1,,Primal Charge,6563,,Rush,Lunge Fighting,,Unguardable,lockOnNeeded; dashClashCapable; unblockable,40000,11700,1.5,
1331_00,Kakunsa,Super 2,,Primal Instinct,7482,,Rush,Lunge Fighting,,Cinematic,lockOnNeeded; dashClashCapable,15000,8750,2,
1331_00,Kakunsa,Ultimate,,Love Symphony,15750,,Fire,,8,,beamClashCapable,50000,,,"old name ""Love Synphony"""
1341_00,Roasie,Super 1,,Yatchaina Fist,7880,,Simultaneous Fire,,,,,30000,,,
1341_00,Roasie,Super 2,,Full-Power Energy Blast Volley,7880,,Continuous Fire,,,,,30000,,,
1341_00,Roasie,Ultimate,,Love Symphony,15750,,Fire,,8,,beamClashCapable,50000,,,"old name ""Love Synphony"""
1500_00,Anilaza,Super 1,,Warp Punch,10888,,Rush,Throw,,Cinematic,lockOnNeeded,20000,8750,,
1500_00,Anilaza,Super 2,,Spread Energy Blast,8120,,Simultaneous Fire,,,,audienceFlees,30000,,,
1500_00,Anilaza,Ultimate,,Destruction Burst,19501,,Fire,,8,Cinematic,beamClashCapable; audienceFlees; destroyMap,50000,,,
3000_00,Gohan (Super Hero),Super 1,,Masenko,7125,,,,,,,,,,
3000_00,Gohan (Super Hero),Super 2,,High-Speed Rush,8375,,Rush,,,,,15000,,,
3000_00,Gohan (Super Hero),Ultimate,,Super Kamehameha,15000,,Beam,,9,Cinematic,beamClashCapable,,,,"category Beam, cinematic: league in-game 2026-10-09"
3000_01,Gohan (Super Hero) Super Saiyan,Super 1,,Explosive Ray,8550,,,,,,,,,,
3000_01,Gohan (Super Hero) Super Saiyan,Super 2,,Explosive Kick,10051,,Rush,,,,,15000,,,
3000_01,Gohan (Super Hero) Super Saiyan,Ultimate,,Super Kamehameha,18001,,Beam,,9,Cinematic,beamClashCapable,,,,"category Beam, cinematic: league in-game 2026-10-09"
3000_02,Ultimate Gohan (Super Hero),Super 1,,Explosive Bullet,8130,,,,,,,,,,
3000_02,Ultimate Gohan (Super Hero),Super 2,,Super Explosive Rush,10888,,Rush,,,,,15000,,,
3000_02,Ultimate Gohan (Super Hero),Ultimate,,Explosive Onslaught,19501,,Rush,Lunge Fighting,,Cinematic,dashClashCapable; lockOnNeeded,,11700,,"category Rush, cinematic: league in-game 2026-10-09"
3000_03,Gohan Beast,Super 1,,Super Explosive Ray,9975,,,,,,,,,,
3000_03,Gohan Beast,Super 2,,Explosive Flash,11725,,Rush,,,,,20000,,,
3000_03,Gohan Beast,Ultimate,,Special Beam Cannon,21000,,Rush,Lunge Fighting,9,Cinematic,dashClashCapable; lockOnNeeded,,11700,,"category Rush, cinematic: league in-game 2026-10-09"
3010_00,Piccolo (Super Hero),Super 1,,Full Power Energy Blast Volley,7880,,,,,,,,,,league in-game test 2026-10-08: 7880 (10 hits) (was 5256)
3010_00,Piccolo (Super Hero),Super 2,,Full Power Rush,8794,,Rush,,,,,15000,,,
3010_00,Piccolo (Super Hero),Ultimate,,Light Grenade,15750,,Fire,,9,,beamClashCapable,,,,"category Fire, not cinematic: league in-game 2026-10-09"
3010_01,Piccolo (Super Hero) Power Awakening,Super 1,,Explosive Ruin,8551,,,,,,,,,,
3010_01,Piccolo (Super Hero) Power Awakening,Super 2,,Chou Magougeki,10051,,Rush,,,,,15000,,,
3010_01,Piccolo (Super Hero) Power Awakening,Ultimate,,Special Beam Cannon,16500,,Beam,,,,,,,,"category Beam, not cinematic: league in-game 2026-10-09"
3011_00,Orange Piccolo,Super 1,,Explosive Demon Wave,9265,,,,,,,,,,
3011_00,Orange Piccolo,Super 2,,Fierce Fist,10888,,Rush,,,,,15000,,,
3011_00,Orange Piccolo,Ultimate,,Special Beam Cannon,19501,,Rush,Lunge Fighting,,Cinematic,dashClashCapable; lockOnNeeded,,8750,,"category Rush, cinematic: league in-game 2026-10-09"
3012_00,Orange Piccolo Giant Form,Super 1,,Chou Makouhou,10080,,,,,,,,,,
3012_00,Orange Piccolo Giant Form,Super 2,,Mighty Fist,9751,,Rush,,,,,20000,,,
3012_00,Orange Piccolo Giant Form,Ultimate,,Apocalyptic Burst,19501,,Rush,Throw,9,Unguardable; Cinematic,lockOnNeeded; unblockable,,6750,,"category Rush, cinematic: league in-game 2026-10-09"
3020_00,Gamma 1,Super 1,,Gamma Blaster,8194,,,,,,,,,,
3020_00,Gamma 1,Super 2,,Gamma Impact,9632,,Rush,,,,,15000,,,league in-game test 2026-10-07 (was 9640)
3020_00,Gamma 1,Ultimate,,Gamma Shift Shot,17250,,Continuous Fire,,,Cinematic,,,8750,,"category Continuous Fire, cinematic: league in-game 2026-10-09"
3030_00,Gamma 2,Super 1,,Gamma Blaster,8194,,,,,,,,,,
3030_00,Gamma 2,Super 2,,Gamma Impact,9632,,Rush,,,,,15000,,,Gamma 1's in-game value; same move and coefficient (was 9640)
3030_00,Gamma 2,Ultimate,,Core Breaker,23000,,Explosive Wave,,9,Unguardable; Cinematic,unblockable,,,,"category Explosive Wave, cinematic: league in-game 2026-10-09"
3040_00,Cell Max,Super 1,,Max Cannon,10465,,,,,,,,,,
3040_00,Cell Max,Super 2,,Mighty Fist,10125,,Rush,,,,,20000,,,
3040_00,Cell Max,Ultimate,,Max Bomb,20250,,Fire,,12,Unguardable; Cinematic,beamClashCapable; unblockable,,,,"category Fire, cinematic: league in-game 2026-10-09"
3050_00,Goku (Mini),Super 1,,Quick Rush,7750,,Rush,Lunge Fighting,,Cinematic,lockOnNeeded; dashClashCapable,15000,,,
3050_00,Goku (Mini),Super 2,,Take This!,8375,,Rush,Lunge Fighting,,Cinematic,lockOnNeeded; dashClashCapable,15000,,,
3050_00,Goku (Mini),Ultimate,,Power Pole Rush,15000,,Rush,Lunge Fighting,,Cinematic,lockOnNeeded; dashClashCapable; audienceFlees; destroyMap,50000,,,
3050_00,Goku (Mini),Ultimate,ULT2,Aura Impact,,,Explosive Wave,,,Cinematic,,,,,"category Explosive Wave, cinematic: league in-game 2026-10-09"
3050_01,Goku (Mini) Super Saiyan,Super 1,,Energy Strike,8913,,Rush,,,,,15000,,,
3050_01,Goku (Mini) Super Saiyan,Super 2,,High-Speed Strike,9640,,Rush,,,,,15000,,,
3050_01,Goku (Mini) Super Saiyan,Ultimate,,Super Kamehameha,17250,,Beam,,9,Cinematic,beamClashCapable,,,,"category Beam, cinematic: league in-game 2026-10-09"
3050_14,Goku (Mini) Super Saiyan 4,Super 1,,Super Kamehameha,8910,11583,,,,,,,,,
3050_14,Goku (Mini) Super Saiyan 4,Super 2,,Dragon Strike,10469,13610,Rush,,,,,,,,
3050_14,Goku (Mini) Super Saiyan 4,Ultimate,,Kamehameha Reversal,18750,,Rush,Lunge Fighting,,Cinematic,dashClashCapable; lockOnNeeded,,,,"category Rush, cinematic: league in-game 2026-10-09"
3060_00,Vegeta (Mini),Super 1,,Full-Power Energy Cannon,7125,,,,,,,,,,
3060_00,Vegeta (Mini),Super 2,,Rising Rush,8376,,Rush,,,,,15000,,,
3060_00,Vegeta (Mini),Ultimate,,Atomic Rush,15000,,Rush,,,,,,,,
3060_01,Vegeta (Mini) Super Saiyan,Super 1,,Full-Power Energy Blast Volley,8632,,,,,,,,,,
3060_01,Vegeta (Mini) Super Saiyan,Super 2,,Overpowering Crush,9640,,Rush,,,,,15000,,,
3060_01,Vegeta (Mini) Super Saiyan,Ultimate,,Galick Gun,17250,,Beam,,9,Cinematic,beamClashCapable,,,,"category Beam, cinematic: league in-game 2026-10-09"
3060_02,Vegeta (Mini) Super Saiyan 2,Super 1,,Galick Gun,8550,,,,,,,,,,
3060_02,Vegeta (Mini) Super Saiyan 2,Super 2,,Head-On Impact,10051,,Fire,,5,Cinematic,beamClashCapable; lockOnNeeded,,,,cinematic: league in-game 2026-10-09
3060_02,Vegeta (Mini) Super Saiyan 2,Ultimate,,Big Bang Attack,18001,,Fire,,8,Cinematic,beamClashCapable,,,,"category Fire, cinematic: league in-game 2026-10-09"
3060_03,Vegeta (Mini) Super Saiyan 3,Super 1,,Slash Flash,8907,,,,,,,,,,
3060_03,Vegeta (Mini) Super Saiyan 3,Super 2,,Vanishing Strike,10469,,Rush,,,,,15000,,,
3060_03,Vegeta (Mini) Super Saiyan 3,Ultimate,,Galick Doom,18750,,Beam,,9,Cinematic,beamClashCapable,,,,"category Beam, cinematic: league in-game 2026-10-09"
3070_00,Glorio,Super 1,,Bolt Buster,6500,,,,,,,,,,"old name ""Bolt Blaster"""
3070_00,Glorio,Super 2,,Electric Whip,8375,,Rush,,,,,15000,,,
3070_00,Glorio,Ultimate,,Lightning Cannon,15000,,Short-Range Energy Attack,,9,Unguardable,unblockable,,,,unguardable: league in-game test 2026-10-08 (the Neo Export was right); category Short-Range Energy Attack: league in-game 2026-10-09
3080_00,Third Eye Gomah,Super 1,,Magic Cannon,7840,,,,,,,,,,
3080_00,Third Eye Gomah,Super 2,,Magic Stream,7152,,,,,,,,,,
3080_00,Third Eye Gomah,Ultimate,,Magic Burst,16500,,Fire,,12,Unguardable,beamClashCapable; unblockable,,,,"old name ""Megic Burst""; unguardable: league in-game test 2026-10-08 (the Neo Export was right); category Fire, clash beam: league in-game 2026-10-09"
3100_03,Vegeta (Daima) Super Saiyan 3,Super 1,,Infinite Blaster,9380,,,,,,,,,,
3100_03,Vegeta (Daima) Super Saiyan 3,Super 2,,Spirit Breaker,10469,,Rush,Lunge Fighting,,Cinematic,dashClashCapable; lockOnNeeded,20000,8750,,cinematic: league in-game 2026-10-09
3100_03,Vegeta (Daima) Super Saiyan 3,Ultimate,,Maximum Final Flash,18750,,Beam,,9,Cinematic,beamClashCapable,,,,"category Beam, cinematic: league in-game 2026-10-09"
3110_00,Majin Kuu,Super 1,,Cresent Energy Wave,7485,,,,,,,,,,
3110_00,Majin Kuu,Super 2,,Majin Corkscrew Attack,7875,,Rush,Lunge Fighting,,Unguardable,dashClashCapable; unblockable,20000,10000,,unguardable: league in-game test 2026-10-08 (the Neo Export was right); clash dash: league in-game 2026-10-09
3110_00,Majin Kuu,Ultimate,,Wild Rush,15750,,Rush,Lunge Fighting,,Cinematic,dashClashCapable; lockOnNeeded,,11700,,"category Rush, cinematic: league in-game 2026-10-09"
3130_00,Panzy,Super 1,,Last Chance Shot,5558,,,,,,,,,,
3130_00,Panzy,Super 2,,Last Chance Shock,4388,,,,,Unguardable,unblockable,20000,,,unguardable: league in-game test 2026-10-08 (the Neo Export was right)
3130_00,Panzy,Ultimate,,Kadan Combination,12000,,Fire,,,Cinematic,,,,,"category Fire, cinematic: league in-game 2026-10-09"
3120_04,Goku (Daima) Super Saiyan 4,Super 1,,True Divine Dragon Strike,9751,,Fire,,5,Cinematic,,,,,cinematic: league in-game 2026-10-09
3120_04,Goku (Daima) Super Saiyan 4,Super 2,,True Flash Dragon Kick,10888,,Rush,Lunge Fighting,,Cinematic,dashClashCapable; lockOnNeeded,15000,11700,,cinematic: league in-game 2026-10-09
3120_04,Goku (Daima) Super Saiyan 4,Ultimate,,Transcendent Kamehameha,19501,,Beam,,9,Cinematic,beamClashCapable,,,,"old name ""Transendent Kamehameha""; category Beam, cinematic: league in-game 2026-10-09"
3140_00,Majin Duu,Super 1,,Powerful Cannon,7838,,,,,,,,,,
3140_00,Majin Duu,Super 2,,Rolling Attack,8250,,Rush,Lunge Fighting,,Unguardable,dashClashCapable; unblockable,,10000,,unguardable: league in-game test 2026-10-08 (the Neo Export was right); clash dash: league in-game 2026-10-09
3140_00,Majin Duu,Ultimate,,Full-Power Special Attack,16500,,Rush,Lunge Fighting,,Cinematic,dashClashCapable; lockOnNeeded,,8750,,"category Rush, cinematic: league in-game 2026-10-09"
3150_00,Giant Gomah,Super 1,,Magic Missile,9263,,Continuous Fire,,,Cinematic,,,,,"old name ""Magic Missle""; cinematic: league in-game 2026-10-09"
3150_00,Giant Gomah,Super 2,,Magic Tempest,10888,,Explosive Wave,,,Cinematic,,,,,"old name ""Magic Temptest""; cinematic: league in-game 2026-10-09"
3150_00,Giant Gomah,Ultimate,,Giga Magic Burst,19501,,Fire,,12,Unguardable,beamClashCapable; unblockable,,,,"unguardable: league in-game test 2026-10-08 (the Neo Export was right); category Fire, clash beam: league in-game 2026-10-09"
3160_00,Shallot,Super 1,,Wild Cannon,7485,,,,,,,,,,
3160_00,Shallot,Super 2,,Meteor Break,8794,,Rush,Lunge Fighting,,Cinematic,dashClashCapable; lockOnNeeded,15000,8750,,cinematic: league in-game 2026-10-09
3160_00,Shallot,Ultimate,,Rising Rush,15750,,Rush,Lunge Fighting,,Cinematic,dashClashCapable; lockOnNeeded,,11700,,"category Rush, cinematic: league in-game 2026-10-09"
3270_00,Vegeta (GT),Super 1,,Big Bang Attack,7482,,,,,,,,,,league in-game test 2026-10-08
3270_00,Vegeta (GT),Super 2,,Quick Strike,,,Rush,Lunge Fighting,,Cinematic,dashClashCapable; lockOnNeeded,,10000,,cinematic: league in-game 2026-10-09
3270_00,Vegeta (GT),Ultimate,,Final Shine Attack,,,Beam,,9,Cinematic,beamClashCapable,,,,"category Beam, cinematic: league in-game 2026-10-09"
3280_00,Trunks (GT),Super 2,,Buster Burst,8750,,,,,,,,,,league in-game test 2026-10-08
3280_00,Trunks (GT),Ultimate,,Galaxy Tri-Attack,,,Rush,Lunge Fighting,,Cinematic,dashClashCapable; lockOnNeeded,,8750,,"category Rush, cinematic: league in-game 2026-10-09"
3280_01,Trunks (GT) Super Saiyan,Super 1,,Buster Attack,8194,,,,,,,,,,league in-game test 2026-10-08
3280_01,Trunks (GT) Super Saiyan,Super 2,,Rising Buster,9632,,Rush,Lunge Fighting,,Cinematic,dashClashCapable; lockOnNeeded,,10000,,league in-game test 2026-10-08; cinematic: league in-game 2026-10-09
3280_01,Trunks (GT) Super Saiyan,Ultimate,,Twin Saiyan Rush,,,Rush,Lunge Fighting,,Cinematic,dashClashCapable; lockOnNeeded,,11700,,"category Rush, cinematic: league in-game 2026-10-09"
3290_00,Hell Fighter 17,Super 1,,Hell Breaker,7482,,,,,,,,,,league in-game test 2026-10-08
3290_00,Hell Fighter 17,Super 2,,Full Power Energy Blast Volley,7880,,,,,,,,,,league in-game test 2026-10-08
3290_00,Hell Fighter 17,Ultimate,,Hellish Combo,,,Rush,Lunge Fighting,,Cinematic,dashClashCapable; lockOnNeeded,,10000,,"category Rush, cinematic: league in-game 2026-10-09"
3310_00,Ma Junior,Super 1,,Soumasen,7313,,,,,,,,,,league in-game test 2026-10-08
3310_00,Ma Junior,Super 2,,Demonic Chase Grenade,8016,,,,,,,,,,league in-game test 2026-10-08
3310_00,Ma Junior,Ultimate,,Super Explosive Wave,,,Explosive Wave,,,Cinematic,,,,,"category Explosive Wave, cinematic: league in-game 2026-10-09"
3310_10,Ma Junior Giant Form,Super 2,,Super Explosive Wave,9630,,,,,,,,,,league in-game test 2026-10-08
3310_10,Ma Junior Giant Form,Ultimate,,Colossal Transformation,,,Rush,Throw,9,Unguardable; Cinematic,lockOnNeeded; unblockable,,6750,,"category Rush, cinematic: league in-game 2026-10-09"
3320_00,Tien (World Tournament),Super 1,,Dodon Ray,6825,,,,,,,,,,league in-game test 2026-10-08
3320_00,Tien (World Tournament),Super 2,,Volleyball Fist,8794,,Rush,Lunge Fighting,,Cinematic,dashClashCapable; lockOnNeeded,,10000,,league in-game test 2026-10-08; cinematic: league in-game 2026-10-09
3320_00,Tien (World Tournament),Ultimate,,Multi-Form,,,Rush,Lunge Fighting,,Cinematic,dashClashCapable; lockOnNeeded,,10000,,"category Rush, cinematic: league in-game 2026-10-09"
3330_00,Uub (Kid),Super 1,,Shout Impact,5852,,,,,,,,,,league in-game test 2026-10-08
3330_00,Uub (Kid),Super 2,,Rage Kick,,,Rush,Lunge Fighting,,Cinematic,dashClashCapable; lockOnNeeded,,11700,,cinematic: league in-game 2026-10-09
3330_00,Uub (Kid),Ultimate,,Blazing Barrage Palm,,,Rush,Lunge Fighting,,Cinematic,dashClashCapable; lockOnNeeded,,11700,,"category Rush, cinematic: league in-game 2026-10-09"
3350_00,Tora,Super 1,,Full Power Energy Blast Volley,4455,,,,,,,,,,league in-game test 2026-10-08; 5 hits (its Record key says barrage08)
3350_00,Tora,Super 2,,Flame Storm,6176,,,,,,,,,,league in-game test 2026-10-08
3350_00,Tora,Ultimate,,Flame Bullet,,,Fire,,8,Cinematic,beamClashCapable,,,,"category Fire, cinematic: league in-game 2026-10-09"
3360_00,Chilled,Super 1,,Death's Razor,7950,,,,,,,,,,league in-game test 2026-10-08
3360_00,Chilled,Super 2,,Death Rain,11028,,,,,,,,,,league in-game test 2026-10-08; 12 hits (its Record key says barrage10)
3360_00,Chilled,Ultimate,,Death Sphere,,,Fire,,12,Cinematic,beamClashCapable,,,,"category Fire, cinematic: league in-game 2026-10-09"
0220_00,Pikkon,Super 2,,Burning Shoot,,,Rush,Lunge Fighting,,Cinematic,dashClashCapable; lockOnNeeded,,8750,,cinematic: league in-game 2026-10-09
0220_00,Pikkon,Ultimate,,Thunder Flash,,,Beam,,9,Cinematic,beamClashCapable,,,,"category Beam, cinematic: league in-game 2026-10-09"
0260_00,Grandpa Gohan,Super 2,,Turtle School Four Virtues,,,Rush,Lunge Fighting,,Cinematic,dashClashCapable; lockOnNeeded,,11700,,cinematic: league in-game 2026-10-09
0260_00,Grandpa Gohan,Ultimate,,Turtle School Tranquility,,,Rush,Lunge Fighting,,Cinematic,dashClashCapable; lockOnNeeded,,8750,,"category Rush, cinematic: league in-game 2026-10-09"
0310_01,Bardock Super Saiyan,Super 2,,Fangs of Fury,,,Rush,Lunge Fighting,,Cinematic,dashClashCapable; lockOnNeeded,,11700,,cinematic: league in-game 2026-10-09
0310_01,Bardock Super Saiyan,Ultimate,,Revenge Assault,,,Rush,Lunge Fighting,,Cinematic,dashClashCapable; lockOnNeeded,,10000,,"category Rush, cinematic: league in-game 2026-10-09"
1960_00,Cheelai,Super 1,,Energy Shot,5914,,Fire,,,,,,,,a single energy bullet; damage: league in-game 2026-10-09
1960_00,Cheelai,Super 2,,Surprise Attack,,,Rush,Lunge Fighting,,Cinematic,dashClashCapable; lockOnNeeded,,8750,,cinematic: league in-game 2026-10-09
1960_00,Cheelai,Ultimate,,Survival Attack,,,Rush,Lunge Fighting,,Cinematic,dashClashCapable; lockOnNeeded,,11700,,"category Rush, cinematic: league in-game 2026-10-09"
3170_00,Supreme Kai,Super 2,,Crazy Rush,,,Rush,Lunge Fighting,,Cinematic,dashClashCapable; lockOnNeeded,,10000,,cinematic: league in-game 2026-10-09
3170_00,Supreme Kai,Ultimate,,Supreme Kai Hyper Cannon,,,Beam,,9,Cinematic,beamClashCapable,,,,"category Beam, cinematic: league in-game 2026-10-09"
3270_01,Vegeta (GT) Super Saiyan,Super 2,,Saiyan Pride Rush,,,Rush,Lunge Fighting,,Cinematic,dashClashCapable; lockOnNeeded,,11700,,cinematic: league in-game 2026-10-09
3270_01,Vegeta (GT) Super Saiyan,Ultimate,,Final Burst,,,Explosive Wave,,,Cinematic,,,,,"category Explosive Wave, cinematic: league in-game 2026-10-09"
3300_00,Goku (World Tournament),Super 2,,Kamehameha Assault,,,Rush,Lunge Fighting,,Cinematic,dashClashCapable; lockOnNeeded,,11700,,cinematic: league in-game 2026-10-09
3300_00,Goku (World Tournament),Ultimate,,"Ready, Set, Go!",,,Rush,Lunge Fighting,,Cinematic,dashClashCapable; lockOnNeeded,,11700,,"category Rush, cinematic: league in-game 2026-10-09"
3190_00,Fasha,Ultimate,,Berserker Saiyan Rush,,,Rush,Lunge Fighting,,Cinematic,dashClashCapable; lockOnNeeded,,11700,,"category Rush, cinematic: league in-game 2026-10-09"
