key,label,ccLabels,characters
Normal,Normal,Normal,62
Saiyan,Super Saiyan,Super Saiyan,31
Secret,Secret,Secret,3
Vegeta_Shoot,Ki-Blast (Vegeta),Ki-Blast; Ki-Blast (Vegeta); Normal,7
Saiyan_Shoot,Super Saiyan (Vegeta),Ki-Blast; Super Saiyan,13
Almighty_Shoot,Almighty (Vegeta),Almighty,1
giant,Giant,Giant,11
Almighty,Almighty,Almighty,12
rival,Rival,Rival,5
Power,Power,Fusion; Power,22
union,Fusion,Fusion,14
Skill,Skill-User,Skill-User,7
Shoot,Ki-Blast,Ki-Blast,10
villain,Villain,Villain,11
Speed,Speed,Speed,9
Satan,Skill-User (Mr. Satan),Skill-User (Mr. Satan),1
Skill2,Skill-User (Yajirobe),Skill-User (Yajirobe),1
Android Normal,Infinite Ki Android (Normal),Infinite Ki Android (Normal),1
Android Power,Infinite Ki Android (Power),Infinite Ki Android (Power),2
Android Shoot,Infinite Ki Android (Ki-Blast),Infinite Ki Android (Ki-Blast),8
Mecha Power,Ki Drain Android (Power),Ki Drain Android (Power),1
Mecha Normal,Ki Drain Android (Normal),Ki Drain Android (Normal),1
legend Saiyan,Legendary Super Saiyan,Legendary Super Saiyan,3
god,God,God,5
