id,shortDashKiCost
0000_00,1325
0000_10,1325
0000_11,1325
0000_20,1325
0000_21,1325
0000_22,1325
0000_23,1325
0000_33,1325
0000_40,1325
0000_41,1325
0000_43,1325
0000_50,1325
0000_51,1325
0001_42,1325
0002_30,1325
0002_31,1325
0002_32,1325
0002_50,1325
0020_00,1325
0020_10,1325
0020_11,1325
0020_30,1325
0020_31,1325
0020_32,1325
0020_40,1325
0020_50,1325
0020_60,1325
0020_61,1325
0020_63,1325
0021_20,1925
0022_62,1325
0023_00,2575
0030_00,1325
0031_00,1325
0031_01,1325
0031_02,1325
0032_00,1325
0032_01,1325
0032_02,1325
0032_10,1325
0032_20,1325
0032_30,1325
0040_00,1325
0040_10,1325
0050_00,1325
0060_00,1325
0070_00,1325
0080_00,1325
0080_01,1325
0080_10,1325
0080_11,1325
0080_30,1325
0080_31,1325
0081_20,1925
0082_00,1325
0082_01,1325
0090_00,1325
0090_01,1325
0100_00,1325
0100_01,1325
0100_02,1325
0110_00,1325
0110_01,1325
0110_02,1325
0110_03,1325
0110_04,1325
0120_00,1325
0120_01,1325
0120_02,1325
0121_00,1325
0130_00,1325
0140_00,1325
0141_00,1925
0150_00,1325
0151_00,1925
0152_00,1325
0153_00,1325
0153_10,1325
0153_20,1325
0154_00,1925
0155_00,1325
0160_00,1325
0161_00,1325
0162_00,1325
0162_01,1325
0163_00,1325
0170_00,1925
0171_00,625
0172_00,1325
0172_10,1325
0172_11,1325
0173_00,1325
0180_00,795
0190_00,1325
0210_00,795
0220_00,1325
0230_00,1325
0240_00,1325
0240_01,1325
0260_00,1325
0270_00,1325
0280_00,1325
0301_00,1325
0310_00,1325
0320_00,1325
0330_00,1325
0340_00,1925
0350_00,625
0351_00,1925
0360_00,1925
0370_00,1325
0380_00,1325
0390_00,1925
0400_00,375
0410_00,1325
0420_00,1325
0430_00,1925
0440_00,1925
0450_00,1325
0450_10,1325
0451_00,1325
0460_00,1325
0470_00,795
0480_00,795
0490_00,1325
0500_00,1325
0510_00,1325
0540_00,1325
0550_00,1325
0551_00,1325
0552_00,1325
0553_00,1325
0554_00,1325
0555_00,1325
0561_00,1325
0570_00,2575
0580_00,1325
0590_00,1325
0591_00,2575
0600_00,1325
0600_10,1325
0601_00,1325
0610_00,1325
0620_00,1325
0621_00,1325
0630_00,1325
0631_00,1925
0640_00,625
0650_00,2575
0651_00,1325
0660_00,625
0670_00,2575
0680_00,1325
0680_01,1325
0680_02,1325
0681_00,2575
0690_00,625
0700_00,1325
0700_01,1325
0710_00,1325
0720_00,1325
0730_00,1325
0760_00,1925
0780_00,1325
0790_00,1325
0800_00,1325
0800_01,1325
0810_00,1325
0810_01,1325
0811_00,1925
0820_00,1325
0830_00,795
0870_00,1325
0881_00,1325
0890_00,1325
0890_01,1325
0890_02,1325
0900_00,1325
0900_02,1325
0910_00,1325
0911_00,1925
0912_00,1925
0920_00,1325
0920_01,1325
0920_02,1325
0930_00,1325
0931_00,1325
0940_00,1325
0941_00,1325
0950_00,375
1000_00,1325
1190_00,1325
1321_00,1925
1331_00,375
1341_00,1325
1500_00,2575
1960_00,795
2230_00,1325
2230_01,1325
3000_00,1325
3000_01,1325
3000_02,1325
3000_03,1325
3010_01,1325
3011_00,1325
3012_00,2575
3020_00,1925
3030_00,1925
3040_00,2575
3080_00,1925
3130_00,795
3140_00,1925
3150_00,2575
3160_00,1325
3170_00,1325
3190_00,375
3280_00,1325
3280_01,1325
3290_00,1325
3300_00,795
3310_10,2575
3360_00,1325
