skill,cost,type,instantSparking,instantKi,unblockable,cutscene,activationTime,mobilePenalty,healthAmount,kiAmount,note
A Servant's Latent Power,1,Buff,,,,TRUE,0,,,,
Acid,2,Bind,,,TRUE,,1.5,,,,
Afterimage,2,Evade,,,,,0,,,,
Afterimage Strike,3,Multi-Evade,,,,,0,,,,
All Fired Up,4,Sparking,TRUE,,,,1.2,,,,
All I Need Is Five Seconds!,2,Buff/Ki,,TRUE,,TRUE,0,,,5,
All Warmed Up,4,Sparking,TRUE,,,,1.4,,,,
All-Encompassing Power,3,Buff/Ki,,TRUE,,TRUE,0,,,5,
All-Out,4,Sparking,TRUE,,,,1.75,,,,
Ancient Soul,2,Buff/Ki,,TRUE,,TRUE,0,,,2,
Android Barrier,2,Barrier,,,,,0.25,,,,
Audacious Laugh,4,Sparking,TRUE,,,,1.4,,,,
Awakened by Anger,2,Buff,,,,TRUE,0,,,,
Barrier,3,Barrier,,,,,0.6,,,,
Beast Sense,2,Evade,,,,,0,,,,
Behave Yourself!,4,Sparking,TRUE,,,,1.5,,,,
Berserk Rage,4,Sparking,TRUE,,,,1.5,,,,
Berserker,2,Buff,,,,TRUE,0,,,,
Burning Heart,4,Sparking,TRUE,,,,1.4,,,,
Buying Time,2,Buff,,,,TRUE,0,,,,
Come at Me!,2,Buff,,,,TRUE,0,,,,
Cry of Rage,2,Bind,,,TRUE,,0.6,,,,
Dangerous Shock,1,Buff/HealthDown,,,,TRUE,0,,-0.3,,
Dark Eyes,2,Evade,,,,,0,,,,
Demon Eye,2,Bind,,,TRUE,,1.5,,,,
Dimension Shift,2,Teleport,,,,,0,,,,
Even Greater Potential,3,Ki,,TRUE,,TRUE,0,,,5,
Evil Barrier,3,Explosion,,,,,0.4,,,,
Evil Breath,1,Push,,,TRUE,,0.45,,,,
Explosive Wave,2,Explosion,,,,,0.4,,,,
False Courage,2,Buff,,,,TRUE,0,,,,
Finish Sign,2,Buff,,,,TRUE,0,,,,
Fruit of the Tree of Might,2,Buff,,TRUE,,TRUE,0,,,2,
Full Power,4,Sparking,TRUE,,,,1.4,,,,
Full-Power Charge,2,Ki,,TRUE,,TRUE,0,,,5,
Gamma Superhero Pose 1,2,Buff,,,,TRUE,1.5,,,,
Gamma Superhero Pose 2,2,Buff,,,,TRUE,1.5,,,,
Give Me Your Energy!,2,Buff,,,,TRUE,0,,,,
God Bind,2,Bind,,,TRUE,,1.6,,,,
Going Berserk,4,Sparking,TRUE,,,,0.8,,,,
Growth,4,Sparking,TRUE,,,,1.45,,,,
Guess It's My Turn,4,Sparking,TRUE,,TRUE,,1.5,,,,
Hakai Aura,3,Barrier,,,,,0.4,,,,
Here We Go!,4,Sparking,TRUE,,,,1.45,,,,
Hero's Flute,2,Barrier,,,,,0.4,,,,
High-Tension,2,Buff,,TRUE,,TRUE,0,,,2,
Howl,4,Sparking,TRUE,,,,1.5,,,,
I am Super Vegeta!,4,Sparking,TRUE,,,,1.5,,,,
I Can't Wait!,2,Buff,,,,TRUE,0,,,,
I'm No Pushover!,2,Buff,,,,TRUE,0,,,,
I'm Number One!,4,Sparking,TRUE,,,,1.4,,,,
I'm the One Who Will Defeat You!,2,Buff,,,,TRUE,0,,,,
Immortal Body,4,Health,,,,,1.4,,0.8,,
Immovable Stance,2,Buff,,,,TRUE,0,,,,
Inexperienced Power Up,4,Sparking,TRUE,,,,1.4,,,,
Instant Transmission,2,Teleport,,,,,0,,,,
Justice Finishing Pose,2,Buff,,,,TRUE,0,,,,
Justice Pose,2,Buff,,,,TRUE,0,,,,
Justice!,2,Buff,,,,TRUE,0,,,,
Kaioken,2,Buff,,,,TRUE,0,,,,
Kakarottt!,4,Sparking,TRUE,,,,1.5,,,,
Ki Clone,2,Evade,,,,,0,,,,
Ki Pressure,2,Explosion,,,,,0.4,,,,
Ki Storm,2,Explosion,,,,,0.4,,,,
King's Dignity,2,Buff,,,,TRUE,0,,,,
Last Chance Full Power,4,Sparking,TRUE,,,,1.5,,,,
Light of Justice,2,Buff,,,,TRUE,0,,,,
Light of Love,2,Bind,,,TRUE,,1.3,,,,
Limit Breaker Power,4,Sparking,TRUE,,,,1.2,,,,
Limits?! I Break Them!,5,Buff,,,,TRUE,0,,,,
Long Awaited-for 100%,4,Sparking,TRUE,,,,1.45,,,,
Magic Bind,2,Bind,,,TRUE,,1.2,,,,
Maiden's Fury,4,Sparking,TRUE,,,,1.4,,,,
Majin Power,2,Buff,,,,TRUE,0,,,,
Majin's Awakening,4,Sparking,TRUE,,,,1.5,,,,
Makyo Star,3,Buff,,,,TRUE,1.45,,,,
Meditation,4,Health,,,,,2,,0.8,,
Mystic Breath,1,Push,,,TRUE,,0.4,,,,
No Backing Down,4,Sparking,TRUE,,,,1.45,,,,
Now I'm Angry!,4,Buff,TRUE,,,,1.45,,,,
Paralysis,2,Bind,,,TRUE,,1.5,,,,
Paralyze Beam,2,Bind,,,TRUE,,1.5,,,,
Power of Revenge,2,Buff,,,,TRUE,0,,,,
Power Up to the Very Limit,4,Sparking,TRUE,,,,1.5,,,,
Powerful Shout,2,Bind,,,TRUE,,1.2,,,,
Pride Trooper Pose 1,4,Sparking,TRUE,,,,1.5,,,,
Pride Trooper Pose 2,4,Sparking,TRUE,,,,1.4,,,,
Prince's Pride,2,Buff,,,,TRUE,0,,,,
Psycho Barrier,3,Barrier,,,,,0.4,,,,
Psychokinesis,2,Bind,,,TRUE,,1.5,,,,
Pump Up,2,Buff,,,,TRUE,0,,,,
Regeneration,4,Health,,,,,1.3,,1.6,,
Resolution,2,Buff,,,,TRUE,0,,,,
Revive Bug,4,Health,,,,,1.5,,1.6,,
Royal Raiment?!,2,Buff,,,,TRUE,0,,,,
Saiyan Burst,3,Explosion,,,,,0.4,,,,
Saiyan Spirit,2,Buff,,,,TRUE,0,,,,
Sealing Paralyze Beam,2,Bind,,,TRUE,,1.4,,,,
Senzu Beans,6,Health,,,,,1.35,,Full,,
Settling the Score,2,Buff,,,,TRUE,0,,,,
Shenron Aura,2,Buff,,,,TRUE,0,,,,
Shockwave of Rebellion,5,Explosion/Sparking,TRUE,,,,0.3,,,,
Sleep,4,Health,,,,,3,0.6,1.2,,
Snack Time,4,Health,,,,,1.4,,0.9,,
Solar Flare,2,Blind,,,TRUE,TRUE,0,,,,
SP Fighting Pose 1,4,Sparking,TRUE,,,,1.4,,,,
SP Fighting Pose 2,4,Sparking,TRUE,,,,1.4,,,,
SP Fighting Pose 3,4,Sparking,TRUE,,,,1.4,,,,
SP Fighting Pose 4,4,Sparking,TRUE,,,,1.4,,,,
SP Fighting Pose 5,4,Sparking,TRUE,,,,1.4,,,,
Spark Bind,2,Bind,,,TRUE,,1.5,,,,
Special Training Results,4,Sparking,TRUE,,,,1.5,,,,
Stardust Barrier,1,Push,,,TRUE,,0.4,,,,
Strength is Absolute!,4,Sparking,TRUE,,,,1.4,,,,
Super Maximum Light Speed Mode,2,Speed Buff,,,,TRUE,0,,,,
Super Unyielding Spirit,4,Sparking,TRUE,,,,1.35,,,,
Ta-dah!,2,Buff,,,,TRUE,0,,,,
Telekinesis,2,Bind,,,TRUE,,1.5,,,,
That Shenron...,4,Sparking,,,TRUE,,1.5,,,,
The Power to Rise Again,2,Buff,,,,TRUE,0,,,,
Third Eye Barrier,2,Barrier,,,,,0.25,,,,
Third Eye Enhance,4,Sparking,TRUE,,,,1.5,,,,
Third Eye Heal,4,Health,,,,,1.4,,0.75,,
This is True Justice!,4,Sparking,TRUE,,,,1.4,,,,
This Won't End the Same Way,2,Buff,,,,TRUE,0,,,,
Thunder Charge,2,Buff/Ki,,TRUE,,TRUE,0,,,2,
Time Skip,2,Teleport,,,,,0,,,,
True Golden Frieza,4,Sparking,TRUE,,,,1.5,,,,
Ultra Movement,2,Evade,,,,,0,,,,
Ultrasonic Sensor,2,Evade,,,,,0,,,,
Unforgivable,4,Sparking,TRUE,,,,1.5,,,,
Untamed Instinct,4,Sparking,TRUE,,,,1.4,,,,
Verdict of Destruction,4,Sparking,TRUE,,,,1.35,,,,
Vice Shout,2,Bind,,,TRUE,,1.2,,,,
Warm-up Exercise,2,Buff,,,,TRUE,0,,,,
Wasabi Bomb,2,Bind,,,TRUE,,1.5,,,,
Welcome to My World,4,Sparking,TRUE,,,,1.4,,,,
Wild Move,2,Teleport,,,,,0,,,,
Wild Sense,2,Evade,,,,,0,,,,
Wizard Barrier,2,Explosion,,,,,0.3,,,,
You'll Never Beat Me,4,Sparking,TRUE,,,,1.4,,,,
Your Arrogance Disgusts Me!,3,Sparking,TRUE,,,,1.4,,,,
