id,character,armor,note
0020_40,Majin Vegeta,TRUE,from the previous calculator data; no game-data source found
0021_20,Super Vegeta,TRUE,from the previous calculator data; no game-data source found
0031_02,Gohan (Teen) Super Saiyan 2,TRUE,from the previous calculator data; no game-data source found
0081_20,Super Trunks,TRUE,from the previous calculator data; no game-data source found
0100_02,Vegito Super Saiyan God Super Saiyan,TRUE,from the previous calculator data; no game-data source found
0110_03,Gogeta (Super) Super Saiyan God Super Saiyan,TRUE,from the previous calculator data; no game-data source found
0141_00,Master Roshi Full Power,TRUE,from the previous calculator data; no game-data source found
0151_00,Frieza (Z) 2nd Form,TRUE,from the previous calculator data; no game-data source found
0154_00,Frieza (Z) Full Power,TRUE,from the previous calculator data; no game-data source found
0161_00,Cell 2nd Form,TRUE,from the previous calculator data; no game-data source found
0170_00,Majin Buu,TRUE,from the previous calculator data; no game-data source found
0210_00,Yajirobe,TRUE,from the previous calculator data; no game-data source found
0310_00,Bardock,TRUE,from the previous calculator data; no game-data source found
0340_00,Nappa,TRUE,from the previous calculator data; no game-data source found
0351_00,Super Zarbon,TRUE,from the previous calculator data; no game-data source found
0360_00,Dodoria,TRUE,from the previous calculator data; no game-data source found
0390_00,Recoome,TRUE,from the previous calculator data; no game-data source found
0440_00,Android 16,TRUE,from the previous calculator data; no game-data source found
0551_00,Broly (Z) Super Saiyan,TRUE,from the previous calculator data; no game-data source found
0552_00,Broly (Z) Legendary Super Saiyan,TRUE,from the previous calculator data; no game-data source found
0554_00,Broly (Super) Super Saiyan,TRUE,from the previous calculator data; no game-data source found
0555_00,Broly (Super) Super Saiyan (Full Power),TRUE,from the previous calculator data; no game-data source found
0561_00,Super Garlic Jr.,TRUE,from the previous calculator data; no game-data source found
0621_00,Fusion Android 13,TRUE,from the previous calculator data; no game-data source found
0631_00,Full-Power Bojack,TRUE,from the previous calculator data; no game-data source found
0700_01,Omega Shenron (GT),TRUE,from the previous calculator data; no game-data source found
0811_00,Fused Zamasu Half-Corrupted,TRUE,from the previous calculator data; no game-data source found
0911_00,Kale Super Saiyan (Berserk),TRUE,from the previous calculator data; no game-data source found
0931_00,Jiren Full Power,TRUE,from the previous calculator data; no game-data source found
0941_00,Toppo God of Destruction,TRUE,from the previous calculator data; no game-data source found
1190_00,Bergamo,TRUE,from the previous calculator data; no game-data source found
3000_00,Gohan (Super Hero),TRUE,from the previous calculator data; no game-data source found
3000_01,Gohan (Super Hero) Super Saiyan,TRUE,from the previous calculator data; no game-data source found
3000_02,Ultimate Gohan (Super Hero),TRUE,from the previous calculator data; no game-data source found
3000_03,Gohan Beast,TRUE,from the previous calculator data; no game-data source found
3020_00,Gamma 1,TRUE,from the previous calculator data; no game-data source found
3030_00,Gamma 2,TRUE,from the previous calculator data; no game-data source found
3050_00,Goku (Mini),TRUE,from the previous calculator data; no game-data source found
3080_00,Third Eye Gomah,TRUE,from the previous calculator data; no game-data source found
3140_00,Majin Duu,TRUE,from the previous calculator data; no game-data source found
