ID,Character Name,Character Class,Cost,Switch,Armor Break,Melee Defense Stat,Ki Blast Defense +Armor,Blast Defense,Health,Melee,Energy (Decimal),Energy,Armor,2nd Hit,3rd Hit,4th Hit,5th Hit,5 Hit After Armor,Rush 5 Hit,Misc,Rush,Smash,Throw,Pursuit,Chain,Perception,S-Counter,Super,Ultimate,Short Dash Cost,Ki Blast Dmg,Ki Blast,Ki Blast Cost,Ki Blast Limit,Starting Ki,Ki Charge,Attack Ki Gain,Ki Regen,Ki Regen Range,Skill Start,Skill Limit,Skill Regen Points Per Minute,Skill Dmg,Skill1 Name,Skill1 Damage,Skill2 Name,Skill2 Damage,Spark Charge,Spark Duration,Spark Stat Buffs,Miscellaneous,Rush Damage,Smash Damage,Combo Attack Damage,Throw Damage,Pursuit Damage,Combatives Charge,Attack Energy Gain,Rush Bullet Damage,Smash Bullet Damage,Bullet Charge,Bullet Expend Energy,Blast Forte Damage,Blast Damage,Blast Ultimate Damage,Parry Damage,Melee Damage Resist,Energy Damage Resist,Blast Recover Speed,SP Auto Recovery,SP Charge Speed,Sparking Gauge Charge Speed,Pre-Sparking Gauge Decrease Speed,Sparking Mode Gauge Decrease Speed,Rush Bullet Base Damage,Raw Damage Taken,Ki Charge Base Rate,Ki Charge Base Time
1,Goku (Z - Early),Normal,4,19,5,1,1,1,4,2585,1,,,390,390,540,750,2289,2460,,390,675,1250,1250,,,,,0,0.265,250,,,5,2,1.4,,0.175,2,,6,3.65,,Solar Flare,,Kaioken,,,0,,,,,,,,,,,,,,,,,,,,,,,,,,250,1,7,1.4
2,Goku (Z - Mid),Normal,5,23,4,1,1,1,4,2585,1,0,,410,410,567,788,2462,2585,0.05,410,709,1313,1313,0.05,0.05,0.05,0.05,0.05,0.265,263,0.05,0,6,2,1.4,0,0.175,2,,6,3.65,0.05,Give Me Your Energy!,,I Can't Wait!,,,0,,,,,,,,,,,,,,,,,,,,,,,,,,250,1,7,1.4
3,Goku (Z - Mid) Super Saiyan,Super Saiyan,6,27,3,1,1,1,4,2585,1,0,,476,476,659,915,2906.8,3002,0.1,476,824,1500,1500,0.22,0.2,0.2,0.2,0.2,0.265,305,0.22,0,7,3,1.76,-0.1,0.15,2,,6,3.65,0.1,Wild Sense,1708,Now I'm Angry!,,,-0.1,,,0.12,0.12,0.12,0.1,0.1,0.1,-0.1,0.12,0.12,0.1,,0.1,0.1,0.1,0.1,,,,-0.1,0.1,,-0.1,,250,1,8,1.6
4,Goku (Z - End),Normal,5,23,4,1,1,1,4,2585,1,0,,410,410,567,788,2462,2585,0.05,410,709,1313,1313,0.05,0.05,0.05,0.05,0.05,0.265,263,0.05,0,6,2,1.4,0,0.175,2,,6,3.65,0.05,Instant Transmission,,Wild Sense,1470,,0,,,,,,,,,,,,,,,,,,,,,,,,,,250,1,7,1.4
5,Goku (Z - End) Super Saiyan,Super Saiyan,6,27,3,1,1,1,4,2585,1,0,,476,476,659,915,2906.8,3002,0.1,476,824,1500,1500,0.22,0.2,0.2,0.2,0.2,0.265,305,0.22,0,7,2,1.76,-0.1,0.15,2,,6,3.65,0.1,Wild Sense,1708,Saiyan Spirit,,,-0.1,,,0.12,0.12,0.12,0.1,0.1,0.1,-0.1,0.12,0.12,0.1,,0.1,0.1,0.1,0.1,,,,-0.1,0.1,,-0.1,,250,1,8,1.6
6,Goku (Z - End) Super Saiyan 2,Super Saiyan,6,27,3,1,1,1,4,2585,1,0,,476,550,642,915,2963.8,3059,0.1,476,824,1500,1500,0.22,0.2,0.2,0.2,0.2,0.265,305,0.22,0,8,2,1.76,-0.1,0.15,2,,6,3.65,0.1,Instant Transmission,,Full Power,,,-0.1,,,0.12,0.12,0.12,0.1,0.1,0.1,-0.1,0.12,0.12,0.1,,0.1,0.1,0.1,0.1,,,,-0.1,0.1,,-0.1,,250,1,8,1.6
7,Goku (Z - End) Super Saiyan 3,Super Saiyan,7,31,1,1,1,1,4,2585,1,0,,496,573,686,946,3197,3197,0.15,496,858,1563,1563,0.27,0.25,0.25,0.25,0.25,0.265,318,0.27,0,9,1,1.76,-0.1,0.15,2,,5,3.65,0.15,Instant Transmission,,Power Up to the Very Limit,,,-0.1,,Super Movement High-Speed Movement,0.12,0.12,0.12,0.1,0.1,0.1,-0.1,0.12,0.12,0.1,,0.1,0.1,0.1,0.1,,,,-0.1,0.1,,-0.1,,250,1,8,1.6
8,Goku (Super),Normal,5,23,4,1,1,1,4,2585,1,0,,410,410,567,788,2462,2585,0.05,410,709,1313,1313,0.05,0.05,0.05,0.05,0.05,0.265,263,0.05,0,6,2,1.4,0,0.175,2,,6,3.65,0.05,Instant Transmission,,All Fired Up,,,0,,,,,,,,,,,,,,,,,,,,,,,,,,250,1,7,1.4
9,Goku (Super) Super Saiyan,Super Saiyan,6,27,3,1,1,1,4,2585,1,0,,476,476,826,915,3073.8,3169,0.1,476,824,1500,1500,0.22,0.2,0.2,0.2,0.2,0.265,305,0.22,0,7,2,1.76,-0.1,0.15,2,,6,3.65,0.1,Wild Sense,1708,All-Encompassing Power,,,-0.1,,,0.12,0.12,0.12,0.1,0.1,0.1,-0.1,0.12,0.12,0.1,,0.1,0.1,0.1,0.1,,,,-0.1,0.1,,-0.1,,250,1,8,1.6
10,Goku (Super) Super Saiyan God,Super Saiyan,7,31,1,0.980000019,0.980000019,0.980000019,4,2533.300049,0.980000019,0.019999981,,496,496,686,953,3127,3127,0.15,496,858,1563,1563,0.27,0.25,0.25,0.25,0.25,0.265,318,0.27,0,8,2,1.76,-0.1,0.15,2,,6,3.65,0.15,God Bind,781.25,Shenron Aura,,,-0.1,,Super Movement High-Speed Movement,0.12,0.12,0.12,0.1,0.1,0.1,-0.1,0.12,0.12,0.1,,0.1,0.1,0.1,0.1,,,,-0.1,0.1,,-0.1,,250,0.980000019,8,1.6
11,Goku (Super) Super Saiyan God Super Saiyan,Super Saiyan,8,35,1,0.980000019,0.980000019,0.980000019,4,2533.300049,0.980000019,0.019999981,,515,597,713,991,3331,3331,0.2,515,891,1625,1625,0.32,0.3,0.3,0.3,0.3,0.265,330,0.32,0,10,2,1.76,-0.1,0.15,2,,6,3.65,0.2,Instant Transmission,,Kaioken,,,-0.1,,High-Speed Movement,0.12,0.12,0.12,0.1,0.1,0.1,-0.1,0.12,0.12,0.1,,0.1,0.1,0.1,0.1,,,,-0.1,0.1,,-0.1,,250,0.980000019,8,1.6
12,Goku (Super) Ultra Instinct -Sign-,Secret,8,35,1,0.970000029,0.970000029,0.970000029,4,2507.450075,0.970000029,0.029999971,,608,527,729,1094,3485,3485,0.2,527,912,1688,1688,0.35,0.35,0.35,0.35,0.35,0.265,300,0.2,0,15,1,1.54,0,0.175,2,,6,3.99,0.2,Even Greater Potential,,You'll Never Beat Me,,0.2,-0.05,,Auto Dodge Super Movement High-Speed Movement,0.15,0.15,0.15,0.15,0.15,0.2,,,,0.2,,,0.15,0.15,0.15,,,-0.05,-0.1,0.1,0.2,-0.05,,250,0.970000029,7,1.4
13,Goku (Super) Ultra Instinct,Secret,9,39,1,0.970000029,0.970000029,0.970000029,5,2507.450075,0.970000029,0.029999971,,630,630,756,1239,3801,3801,0.25,546,945,1750,1750,0.4,0.4,0.4,0.4,0.4,0.265,313,0.25,0,18,1,1.32,0,0.2,2,,6,3.99,0.25,Ultra Movement,3430,No Backing Down,,0.2,-0.05,,Auto Dodge Super Movement High-Speed Movement,0.15,0.15,0.15,0.15,0.15,0.2,,,,0.2,,,0.15,0.15,0.15,,,-0.05,-0.1,0.1,0.2,-0.05,,250,0.970000029,6,1.2
14,Goku (GT),Normal,5,23,4,1.100000024,1.100000024,1.100000024,4,2843.500062,1.100000024,-0.100000024,,410,474,567,788,2519.6,2649,0.05,410,709,1313,1313,0.05,0.05,0.05,0.05,0.05,0.265,263,0.05,0,6,2,1.4,0,0.175,2,,6,3.65,0.05,Solar Flare,,Afterimage Strike,,,0,,,,,,,,,,,,,,,,,,,,,,,,,,250,1.100000024,7,1.4
15,Goku (GT) Super Saiyan,Super Saiyan,6,27,3,1.100000024,1.100000024,1.100000024,4,2843.500062,1.100000024,-0.100000024,,476,550,659,915,2980.8,3076,0.1,476,824,1500,1500,0.22,0.2,0.2,0.2,0.2,0.265,305,0.22,0,7,2,1.76,-0.1,0.15,2,,6,3.65,0.1,Wild Sense,1708,Full Power,,,-0.1,,,0.12,0.12,0.12,0.1,0.1,0.1,-0.1,0.12,0.12,0.1,,0.1,0.1,0.1,0.1,,,,-0.1,0.1,,-0.1,,250,1.100000024,8,1.6
16,Goku (GT) Super Saiyan 3,Super Saiyan,7,31,1,1.100000024,1.100000024,1.100000024,4,2843.500062,1.100000024,-0.100000024,,496,496,686,953,3127,3127,0.15,496,858,1563,1563,0.27,0.25,0.25,0.25,0.25,0.265,318,0.27,0,8,1,1.76,-0.1,0.15,2,,6,3.65,0.15,Saiyan Spirit,,High-Tension,,,-0.1,,,0.12,0.12,0.12,0.1,0.1,0.1,-0.1,0.12,0.12,0.1,,0.1,0.1,0.1,0.1,,,,-0.1,0.1,,-0.1,,250,1.100000024,8,1.6
17,Goku (GT) Super Saiyan 4,Super Saiyan,8,35,1,1,1,1,4,2585,1,0,,515,515,713,991,3249,3249,0.2,515,891,1625,1625,0.32,0.3,0.3,0.3,0.3,0.265,330,0.32,0,10,1,1.76,-0.1,0.15,2,,5,3.65,0.2,Instant Transmission,,All I Need Is Five Seconds!,,,-0.1,,High-Speed Movement,0.12,0.12,0.12,0.1,0.1,0.1,-0.1,0.12,0.12,0.1,,0.1,0.1,0.1,0.1,,,,-0.1,0.1,,-0.1,,250,1,8,1.6
18,Goku (Teen),Normal,3,15,5,1.100000024,1.100000024,1.100000024,3.5,2843.500062,1.100000024,-0.100000024,,371,371,513,713,2176.4,2339,-0.05,371,642,1188,1188,-0.05,-0.05,-0.05,-0.05,-0.05,0.265,238,-0.05,0,4,1,1.4,0,0.175,2,2,4,3.65,-0.05,Afterimage Strike,,False Courage,,,0,,,,,,,,,,,,,,,,,,,,,,,,,,250,1.100000024,7,1.4
19,Vegeta (Z - Scouter),Ki-Blast (Vegeta),4,19,5,1.05,1.05,1.05,4,2714.25,1.05,-0.05,,351,351,486,675,2060.1,2214,0,351,608,1125,1125,-0.1,-0.1,-0.1,,0,0.265,225,-0.1,0,999,2,1.54,0,0.175,2,,5,3.65,0,Explosive Wave,937,Saiyan Spirit,,-0.1,0,,Scouter,-0.1,-0.1,-0.1,-0.1,-0.1,-0.25,,-0.1,0.15,0.1,,,,,-0.1,-0.05,-0.05,,0.1,0.1,-0.1,,0.05,250,1,7,1.4
20,Great Ape Vegeta,Giant,5,23,1,0.7,0.99,1.1,4.5,1809.5,1.1,-0.1,0.1,604,604,748,0,2560,2560,0.05,604,2397,4438,1500,0.25,-0.05,-0.05,0.15,0.15,0.515,357,-0.05,0,5,2,1.6,0.05,0.15,2,,4,3.65,0.05,Explosive Wave,983.85,Howl,,,0,,Super Armor,0.2,2.5,-0.1,2.5,0.15,0.4,0.05,-0.1,-0.1,-0.15,,,0.1,0.1,-0.1,0.3,-0.1,,,,,,,375,1,8,1.6
21,Vegeta (Z - Early),Ki-Blast,5,23,4,1.05,1.05,1.05,4,2714.25,1.05,-0.05,,371,371,513,713,2227.7,2339,0.05,371,642,1188,1188,-0.05,-0.05,-0.05,0.05,0.05,0.265,300,0.2,-0.2,999,2,1.54,0,0.175,2,,4,3.65,0.05,Explosive Wave,983.85,Full Power,,-0.1,0,,,-0.1,-0.1,-0.1,-0.1,-0.1,-0.25,,0.15,0.15,0.1,-0.2,,,,-0.1,-0.05,-0.05,,0.1,0.1,-0.1,,0.05,250,1,7,1.4
22,Vegeta (Z - Early) Super Saiyan,Super Saiyan,6,27,3,1,1,1,4,2585,1,0,,476,476,659,915,2906.8,3002,0.1,476,824,1500,1500,0.22,0.2,0.2,0.2,0.2,0.265,305,0.22,0,999,2,1.76,-0.1,0.15,2,,4,3.65,0.1,Explosive Wave,1124.4,Awakened by Anger,,,-0.1,,,0.12,0.12,0.12,0.1,0.1,0.1,-0.1,0.12,0.12,0.1,,0.1,0.1,0.1,0.1,,,,-0.1,0.1,,-0.1,,250,1,8,1.6
23,Super Vegeta,Super Saiyan,6,27,3,0.970000029,0.970000029,0.970000029,4,2507.450075,0.970000029,0.029999971,,476,476,659,915,2906.8,3002,0.1,476,824,1500,1500,0.22,0.2,0.2,0.2,0.2,0.385,305,0.22,0,999,3,1.76,-0.1,0.15,2,,5,3.65,0.1,Explosive Wave,1124.4,I am Super Vegeta!,,,-0.1,,,0.12,0.12,0.12,0.1,0.1,0.1,-0.1,0.12,0.12,0.1,,0.1,0.1,0.1,0.1,,,,-0.1,0.1,,-0.1,,250,0.970000029,8,1.6
24,Vegeta (Z - End),Ki-Blast (Vegeta),5,23,4,1.05,1.05,1.05,4,2714.25,1.05,-0.05,,371,371,513,713,2227.7,2339,0.05,371,642,1188,1188,-0.05,-0.05,-0.05,0.05,0.05,0.265,238,-0.05,0,999,2,1.54,0,0.175,2,,5,3.65,0.05,Afterimage,,Saiyan Spirit,,-0.1,0,,,-0.1,-0.1,-0.1,-0.1,-0.1,-0.25,,-0.1,0.15,0.1,,,,,-0.1,-0.05,-0.05,,0.1,0.1,-0.1,,0.05,250,1,7,1.4
25,Vegeta (Z - End) Super Saiyan,Super Saiyan,6,27,3,1,1,1,4,2585,1,0,,476,476,659,915,2906.8,3002,0.1,476,824,1500,1500,0.22,0.2,0.2,0.2,0.2,0.265,305,0.22,0,999,2,1.76,-0.1,0.15,2,,5,3.65,0.1,Explosive Wave,1124.4,Saiyan Spirit,,,-0.1,,,0.12,0.12,0.12,0.1,0.1,0.1,-0.1,0.12,0.12,0.1,,0.1,0.1,0.1,0.1,,,,-0.1,0.1,,-0.1,,250,1,8,1.6
26,Vegeta (Z - End) Super Saiyan 2,Super Saiyan,6,27,3,1,1,1,4,2585,1,0,,476,554,658,914,2982.8,3078,0.1,476,824,1500,1500,0.22,0.2,0.2,0.2,0.2,0.265,305,0.22,0,999,2,1.76,-0.1,0.15,2,,5,3.65,0.1,Explosive Wave,1124.4,Wild Sense,1708,,-0.1,,,0.12,0.12,0.12,0.1,0.1,0.1,-0.1,0.12,0.12,0.1,,0.1,0.1,0.1,0.1,,,,-0.1,0.1,,-0.1,,250,1,8,1.6
27,Majin Vegeta,Almighty,7,31,1,1,1,1,4,2585,1,0,,488,488,675,938,3077,3077,0.15,488,844,1563,1563,0.25,0.25,0.25,0.25,0.25,0.265,313,0.25,0,999,5,1.44,0,0.15,2,,6,3.65,0.15,Prince's Pride,,Majin's Awakening,,0.1,0,,Sparking Super Armor,0.1,0.1,0.1,0.1,0.1,0.15,,0.1,0.1,,,0.1,0.1,0.1,0.1,,,,,-0.1,0.1,,0.1,250,1,8,1.6
28,Vegeta (Super),Ki-Blast,5,23,4,1.05,1.05,1.05,4,2714.25,1.05,-0.05,,371,371,513,713,2227.7,2339,0.05,371,642,1188,1188,-0.05,-0.05,-0.05,0.05,0.05,0.265,300,0.2,-0.2,999,2,1.54,0,0.175,2,,5,3.65,0.05,Explosive Wave,983.85,All Warmed Up,,-0.1,0,,,-0.1,-0.1,-0.1,-0.1,-0.1,-0.25,,0.15,0.15,0.1,-0.2,,,,-0.1,-0.05,-0.05,,0.1,0.1,-0.1,,0.05,250,1,7,1.4
29,Vegeta (Super) Super Saiyan,Super Saiyan,6,27,3,1,1,1,4,2585,1,0,,476,476,659,915,2906.8,3002,0.1,476,824,1500,1500,0.22,0.2,0.2,0.2,0.2,0.265,305,0.22,0,999,2,1.76,-0.1,0.15,2,,5,3.65,0.1,Saiyan Spirit,,I'll Get You For This...,,,-0.1,,,0.12,0.12,0.12,0.1,0.1,0.1,-0.1,0.12,0.12,0.1,,0.1,0.1,0.1,0.1,,,,-0.1,0.1,,-0.1,,250,1,8,1.6
30,Vegeta (Super) Super Saiyan God,Super Saiyan,7,31,1,0.980000019,0.980000019,0.980000019,4,2533.300049,0.980000019,0.019999981,,496,496,686,953,3127,3127,0.15,496,858,1563,1563,0.27,0.25,0.25,0.25,0.25,0.265,318,0.27,0,999,2,1.76,-0.1,0.15,2,,5,3.65,0.15,Explosive Wave,1171.25,Saiyan Spirit,,,-0.1,,High-Speed Movement,0.12,0.12,0.12,0.1,0.1,0.1,-0.1,0.12,0.12,0.1,,0.1,0.1,0.1,0.1,,,,-0.1,0.1,,-0.1,,250,0.980000019,8,1.6
31,Vegeta (Super) Super Saiyan God Super Saiyan,Super Saiyan,8,35,1,0.980000019,0.980000019,0.980000019,4,2533.300049,0.980000019,0.019999981,,594,515,713,991,3328,3328,0.2,515,891,1625,1625,0.32,0.3,0.3,0.3,0.3,0.265,330,0.32,0,999,2,1.76,-0.1,0.15,2,,5,3.65,0.2,I'm No Pushover!,,Limits?! I Break Them!,,,-0.1,,Super Movement High-Speed Movement,0.12,0.12,0.12,0.1,0.1,0.1,-0.1,0.12,0.12,0.1,,0.1,0.1,0.1,0.1,,,,-0.1,0.1,,-0.1,,250,0.980000019,8,1.6
32,Vegeta (GT) Super Saiyan 4,Super Saiyan,8,35,1,1,1,1,4,2585,1,0,,515,515,713,991,3249,3249,0.2,515,891,1625,1625,0.32,0.3,0.3,0.3,0.3,0.265,330,0.32,0,999,2,1.76,-0.1,0.15,2,,6,3.65,0.2,Explosive Wave,1218.1,Finish Sign,,,-0.1,,Super Movement High-Speed Movement,0.12,0.12,0.12,0.1,0.1,0.1,-0.1,0.12,0.12,0.1,,0.1,0.1,0.1,0.1,,,,-0.1,0.1,,-0.1,,250,1,8,1.6
33,Gohan (Kid),Normal,3,15,5,1.100000024,1.100000024,1.100000024,3,2843.500062,1.100000024,-0.100000024,,371,371,513,713,2176.4,2339,-0.05,371,642,1188,1188,-0.05,-0.05,-0.05,-0.05,-0.05,0.265,238,-0.05,0,5,1,1.4,0,0.175,2,1,4,3.65,-0.05,Super Unyielding Spirit,,Afterimage Strike,,,0,Offense 4 Ki 4 Special 4,,,,,,,,,,,,,,,,,,,,,,,,,250,1.100000024,7,1.4
34,Gohan (Teen),Normal,4,19,5,1.100000024,1.100000024,1.100000024,4,2843.500062,1.100000024,-0.100000024,,450,390,540,750,2343,2520,0,390,675,1250,1250,0,0,0,,0,0.265,250,0,0,6,2,1.4,0,0.175,2,,5,3.65,0,Wild Sense,1400,Full-Power Charge,,,0,,,,,,,,,,,,,,,,,,,,,,,,,,250,1.100000024,7,1.4
35,Gohan (Teen) Super Saiyan,Super Saiyan,6,27,3,1.100000024,1.100000024,1.100000024,4,2843.500062,1.100000024,-0.100000024,,476,476,659,915,2906.8,3002,0.1,476,824,1500,1500,0.22,0.2,0.2,0.2,0.2,0.265,305,0.22,0,7,2,1.76,-0.1,0.15,2,,5,3.65,0.1,Explosive Wave,1124.4,Full Power,,,-0.1,,,0.12,0.12,0.12,0.1,0.1,0.1,-0.1,0.12,0.12,0.1,,0.1,0.1,0.1,0.1,,,,-0.1,0.1,,-0.1,,250,1.100000024,8,1.6
36,Gohan (Teen) Super Saiyan 2,Super Saiyan,7,31,1,1.100000024,1.100000024,1.100000024,4,2843.500062,1.100000024,-0.100000024,,496,496,686,953,3127,3127,0.15,496,858,1563,1563,0.27,0.25,0.25,0.25,0.25,0.265,318,0.27,0,8,2,1.76,-0.1,0.15,2,,5,3.65,0.15,Explosive Wave,1171.25,Unforgivable,,,-0.1,Offense 3 Ki 3 Special 3,High-Speed Movement,0.12,0.12,0.12,0.1,0.1,0.1,-0.1,0.12,0.12,0.1,,0.1,0.1,0.1,0.1,,,,-0.1,0.1,,-0.1,,250,1.100000024,8,1.6
37,Gohan (Adult),Normal,4,19,5,1,1,1,4,2585,1,0,,390,390,540,750,2289,2460,0,390,675,1250,1250,0,0,0,,0,0.265,250,0,0,5,2,1.4,0,0.175,2,,5,3.65,0,Wild Sense,1400,Full-Power Charge,,,0,,Super Movement High-Speed Movement,,,,,,,,,,,,,,,,,,,,,,,,250,1,7,1.4
38,Gohan (Adult) Super Saiyan,Super Saiyan,6,27,3,1,1,1,4,2585,1,0,,476,476,659,915,2906.8,3002,0.1,476,824,1500,1500,0.22,0.2,0.2,0.2,0.2,0.265,305,0.22,0,6,2,1.76,-0.1,0.15,2,,4,3.65,0.1,Explosive Wave,1124.4,Full-Power Charge,,,-0.1,,Super Movement High-Speed Movement,0.12,0.12,0.12,0.1,0.1,0.1,-0.1,0.12,0.12,0.1,,0.1,0.1,0.1,0.1,,,,-0.1,0.1,,-0.1,,250,1,8,1.6
39,Gohan (Adult) Super Saiyan 2,Super Saiyan,7,31,1,1,1,1,4,2585,1,0,,496,496,686,953,3127,3127,0.15,496,858,1563,1563,0.27,0.25,0.25,0.25,0.25,0.265,318,0.27,0,7,2,1.76,-0.1,0.15,2,,4,3.65,0.15,Explosive Wave,1171.25,Full Power,,,-0.1,,Super Movement High-Speed Movement,0.12,0.12,0.12,0.1,0.1,0.1,-0.1,0.12,0.12,0.1,,0.1,0.1,0.1,0.1,,,,-0.1,0.1,,-0.1,,250,1,8,1.6
40,Great Saiyaman,Normal,4,19,5,1,1,1,4,2585,1,0,,390,390,540,750,2289,2460,0,390,675,1250,1250,0,0,0,,0,0.265,250,0,0,5,2,1.4,0,0.175,2,,5,3.65,0,Justice Pose,,Justice Finishing Pose,,,0,,Super Movement High-Speed Movement,,,,,,,,,,,,,,,,,,,,,,,,250,1,7,1.4
41,Ultimate Gohan,Almighty,7,31,1,1,1,1,4,2585,1,0,,488,488,675,938,3077,3077,0.15,488,844,1563,1563,0.25,0.25,0.25,0.25,0.25,0.265,313,0.25,0,9,3,1.26,0,0.175,2,,5,3.65,0.15,Wild Sense,1750,Power Up to the Very Limit,,0.1,0,,Super Movement High-Speed Movement,0.1,0.1,0.1,0.1,0.1,0.15,,0.1,0.1,,,0.1,0.1,0.1,0.1,,,,,-0.1,0.1,,0.1,250,1,7,1.4
42,Gohan (Future),Normal,5,23,4,1,1,1,4,2585,1,0,,410,410,567,788,2462,2585,0.05,410,709,1313,1313,0.05,0.05,0.05,0.05,0.05,0.265,263,0.05,0,6,2,1.4,0,0.175,2,,5,3.65,0.05,Wild Sense,1470,Full-Power Charge,,,0,,,,,,,,,,,,,,,,,,,,,,,,,,250,1,7,1.4
43,Gohan (Future) Super Saiyan,Super Saiyan,6,27,3,1,1,1,4,2585,1,0,,476,476,659,915,2906.8,3002,0.1,476,824,1500,1500,0.22,0.2,0.2,0.2,0.2,0.265,305,0.22,0,7,2,1.76,-0.1,0.15,2,,6,3.65,0.1,Evil Barrier,1124.4,Power Up to the Very Limit,,,-0.1,,,0.12,0.12,0.12,0.1,0.1,0.1,-0.1,0.12,0.12,0.1,,0.1,0.1,0.1,0.1,,,,-0.1,0.1,,-0.1,,250,1,8,1.6
44,Piccolo,Normal,4,19,5,1,1,1,4,2585,1,0,,390,390,540,750,2289,2460,0,390,675,1250,1250,0,0,0,,0,0.265,250,0,0,6,2,1.4,0,0.175,2,,5,3.65,0,Paralyze Beam,625,All-Out,,,0,,,,,,,,,,,,,,,,,,,,,,,,,,250,1,7,1.4
45,Piccolo (Fused with Kami),Normal,5,23,4,1,1,1,4,2585,1,0,,410,410,567,788,2462,2585,0.05,410,709,1313,1313,0.05,0.05,0.05,0.05,0.05,0.265,263,0.05,0,7,3,1.4,0,0.175,2,,6,3.65,0.05,Wild Sense,1470,False Courage,,,0,,Super Movement High-Speed Movement,,,,,,,,,,,,,,,,,,,,,,,,250,1,7,1.4
46,Nail,Normal,4,19,5,1,1,1,4,2585,1,0,,390,390,540,750,2289,2460,0,390,675,1250,1250,0,0,0,,0,0.265,250,0,0,5,2,1.4,0,0.175,2,,5,3.65,0,Buying Time,,Full Power,,,0,,,,,,,,,,,,,,,,,,,,,,,,,,250,1,7,1.4
47,Krillin,Normal,3,15,5,1.100000024,1.100000024,1.100000024,3.5,2843.500062,1.100000024,-0.100000024,,371,371,513,713,2176.4,2339,-0.05,371,642,1188,1188,-0.05,-0.05,-0.05,-0.05,-0.05,0.265,238,-0.05,0,5,1,1.4,0,0.175,2,,4,3.65,-0.05,Solar Flare,,Afterimage Strike,,,0,,,,,,,,,,,,,,,,,,,,,,,,,,250,1.100000024,7,1.4
48,Yamcha,Normal,3,15,5,1,1,1,3.5,2585,1,0,,371,371,513,713,2176.4,2339,-0.05,371,642,1188,1188,-0.05,-0.05,-0.05,-0.05,-0.05,0.265,238,-0.05,0,5,1,1.6,0,0.15,2,,4,3.65,-0.05,Afterimage,,Power Up to the Very Limit,,,0,,,,,,,,,,,,,,,,,,,,,,,,,,250,1,8,1.6
49,Tien,Rival,4,19,5,1,1,1,4,2585,1,0,,429,429,594,825,2517.9,2706,0,429,675,1188,1188,0.1,0.1,0.1,0.1,0,0.265,275,0.1,0,5,2,1.54,0,0.175,2,,4,3.65,0,Solar Flare,,Wild Sense,1400,,0,,,0.1,,0.1,-0.05,-0.05,-0.05,,0.1,,-0.05,,0.1,0.1,,0.1,,,,,0.1,,,,250,1,7,1.4
50,Trunks (Sword),Normal,4,19,5,1,1,1,4,2585,1,0,,390,390,540,750,2289,2460,0,390,675,1250,1250,0,0,0,,0,0.265,250,0,0,7,2,1.4,0,0.175,2,,4,3.65,0,Afterimage,,Power Up to the Very Limit,,,0,,Sword,,,,,,,,,,,,,,,,,,,,,,,,250,1,7,1.4
51,Trunks (Sword) Super Saiyan,Super Saiyan,6,27,3,1,1,1,4,2585,1,0,,476,476,659,915,2906.8,3002,0.1,476,824,1500,1500,0.22,0.2,0.2,0.2,0.2,0.265,305,0.22,0,8,2,1.76,-0.1,0.15,2,,4,3.65,0.1,Explosive Wave,1124.4,Burning Heart,,,-0.1,,Sword,0.12,0.12,0.12,0.1,0.1,0.1,-0.1,0.12,0.12,0.1,,0.1,0.1,0.1,0.1,,,,-0.1,0.1,,-0.1,,250,1,8,1.6
52,Trunks (Melee),Normal,5,23,4,1,1,1,4,2585,1,0,,410,410,567,788,2462,2585,0.05,410,709,1313,1313,0.05,0.05,0.05,0.05,0.05,0.265,263,0.05,0,4,2,1.4,0,0.175,2,,5,3.65,0.05,Explosive Wave,983.85,Wild Sense,1470,,0,,,,,,,,,,,,,,,,,,,,,,,,,,250,1,7,1.4
53,Trunks (Melee) Super Saiyan,Super Saiyan,6,27,3,0.939999998,0.939999998,0.939999998,4,2429.899995,0.939999998,0.060000002,,476,476,659,915,2906.8,3002,0.1,476,824,1500,1500,0.22,0.2,0.2,0.2,0.2,0.265,305,0.22,0,4,2,1.76,-0.1,0.15,2,,5,3.65,0.1,Explosive Wave,1124.4,Finish Sign,,,-0.1,,,0.12,0.12,0.12,0.1,0.1,0.1,-0.1,0.12,0.12,0.1,,0.1,0.1,0.1,0.1,,,,-0.1,0.1,,-0.1,,250,0.939999998,8,1.6
54,Super Trunks,Power,6,27,3,0.95,0.95,0.95,4,2455.75,0.95,0.05,,488,488,675,938,2979.4,3077,0.1,488,844,1563,1563,0.25,0.25,0.25,0.05,0.05,0.385,238,-0.05,0.1,4,3,1.44,0,0.15,2,,5,3.65,0.1,Explosive Wave,983.85,Inexperienced Power Up,,0.2,0,,,0.15,0.15,0.15,0.15,0.15,0.3,,-0.15,-0.15,-0.15,0.1,-0.05,-0.05,-0.05,0.15,0.05,0.05,,-0.1,-0.1,0.2,,,250,1,8,1.6
55,Future Trunks,Normal,5,23,4,1,1,1,4,2585,1,0,,410,410,567,788,2462,2585,0.05,410,709,1313,1313,0.05,0.05,0.05,0.05,0.05,0.265,263,0.05,0,7,2,1.4,0,0.175,2,,4,3.65,0.05,Solar Flare,,Wild Sense,1470,,0,,Sword,,,,,,,,,,,,,,,,,,,,,,,,250,1,7,1.4
56,Future Trunks Super Saiyan,Super Saiyan,6,27,3,1,1,1,4,2585,1,0,,476,476,642,915,2889.8,2985,0.1,476,824,1500,1500,0.22,0.2,0.2,0.2,0.2,0.265,305,0.22,0,8,2,1.76,-0.1,0.15,2,,4,3.65,0.1,Explosive Wave,1124.4,Power Up to the Very Limit,,,-0.1,,Sword Super Movement High-Speed Movement,0.12,0.12,0.12,0.1,0.1,0.1,-0.1,0.12,0.12,0.1,,0.1,0.1,0.1,0.1,,,,-0.1,0.1,,-0.1,,250,1,8,1.6
57,Trunks (Kid),Normal,4,19,5,1,1,1,3.5,2585,1,0,,390,390,540,750,2289,2460,0,390,675,1250,1250,0,0,0,,0,0.265,250,0,0,4,1,1.4,0,0.175,2,,6,3.65,0,Afterimage,,Finish Sign,,,0,,,,,,,,,,,,,,,,,,,,,,,,,,250,1,7,1.4
58,Trunks (Kid) Super Saiyan,Super Saiyan,5,23,4,1,1,1,3.5,2585,1,0,,488,488,675,938,2930.6,3077,0.05,488,790,1438,1438,0.17,0.15,0.15,0.15,0.15,0.265,293,0.17,0,6,2,1.76,-0.1,0.15,2,,6,3.65,0.05,Explosive Wave,1077.55,Super Unyielding Spirit,,,-0.1,,Super Movement High-Speed Movement,0.12,0.12,0.12,0.1,0.1,0.1,-0.1,0.12,0.12,0.1,,0.1,0.1,0.1,0.1,,,,-0.1,0.1,,-0.1,,250,1,8,1.6
59,Goten,Normal,4,19,5,1.100000024,1.100000024,1.100000024,3.5,2843.500062,1.100000024,-0.100000024,,390,390,540,750,2289,2460,0,390,675,1250,1250,0,0,0,,0,0.265,250,0,0,3,1,1.4,0,0.175,2,,6,3.65,0,Afterimage,,Sleep,,,0,,,,,,,,,,,,,,,,,,,,,,,,,,250,1.100000024,7,1.4
60,Goten Super Saiyan,Super Saiyan,5,23,4,1.100000024,1.100000024,1.100000024,3.5,2843.500062,1.100000024,-0.100000024,,457,457,632,878,2743.9,2881,0.05,457,790,1438,1438,0.17,0.15,0.15,0.15,0.15,0.265,293,0.17,0,5,2,1.76,-0.1,0.15,2,,6,3.65,0.05,Wild Sense,1638,False Courage,,,-0.1,,Super Movement High-Speed Movement,0.12,0.12,0.12,0.1,0.1,0.1,-0.1,0.12,0.12,0.1,,0.1,0.1,0.1,0.1,,,,-0.1,0.1,,-0.1,,250,1.100000024,8,1.6
61,Vegito,Fusion,7,31,1,0.95,0.95,0.95,5,2455.75,0.95,0.05,,500,500,692,960,3152,3152,0.15,500,864,1563,1563,0.28,0.25,0.25,0.25,0.25,0.265,320,0.28,0.1,10,2,1.54,-0.15,0.175,2,,5,3.65,0.15,Explosive Wave,1171.25,High-Tension,,0.1,-0.15,,Super Movement High-Speed Movement,0.13,0.13,0.13,0.1,0.1,0.15,-0.15,0.13,0.13,0.15,0.1,0.1,0.1,0.1,0.1,0.05,0.05,,-0.15,0.1,0.1,-0.15,0.1,250,1,7,1.4
62,Super Vegito,Fusion,8,35,1,0.95,0.95,0.95,5,2455.75,0.95,0.05,,600,519,719,1002,3359,3359,0.2,519,898,1625,1625,0.33,0.3,0.3,0.3,0.3,0.265,333,0.33,0.1,15,2,1.76,-0.15,0.15,2,,6,3.65,0.2,Afterimage Strike,,Finish Sign,,0.1,-0.15,,Super Movement High-Speed Movement,0.13,0.13,0.13,0.1,0.1,0.15,-0.15,0.13,0.13,0.15,0.1,0.1,0.1,0.1,0.1,0.05,0.05,,-0.15,0.1,0.1,-0.15,0.1,250,1,8,1.6
63,Vegito Super Saiyan God Super Saiyan,Fusion,10,43,1,0.930000019,0.930000019,0.930000019,5,2404.050049,0.930000019,0.069999981,,558,645,773,1073,3607,3607,0.3,558,966,1750,1750,0.43,0.4,0.4,0.4,0.4,0.265,358,0.43,0.1,18,2,1.76,-0.15,0.15,2,,6,3.65,0.3,Settling the Score,,Full-Power Charge,,0.1,-0.15,,Super Movement High-Speed Movement,0.13,0.13,0.13,0.1,0.1,0.15,-0.15,0.13,0.13,0.15,0.1,0.1,0.1,0.1,0.1,0.05,0.05,,-0.15,0.1,0.1,-0.15,0.1,250,0.980000019,8,1.6
64,Super Gogeta (Z),Fusion,8,35,1,0.95,0.95,0.95,5,2455.75,0.95,0.05,,519,519,719,998,3274,3274,0.2,519,898,1625,1625,0.33,0.3,0.3,0.3,0.3,0.265,333,0.33,0.1,20,2,1.76,-0.15,0.15,2,,6,3.65,0.2,Immovable Stance,,I'm the One Who Will Defeat You!,,0.1,-0.15,,Super Movement High-Speed Movement,0.13,0.13,0.13,0.1,0.1,0.15,-0.15,0.13,0.13,0.15,0.1,0.1,0.1,0.1,0.1,0.05,0.05,,-0.15,0.1,0.1,-0.15,0.1,250,1,8,1.6
65,Gogeta (Super),Fusion,7,31,1,0.95,0.95,0.95,5,2455.75,0.95,0.05,,500,500,692,960,3152,3152,0.15,500,864,1563,1563,0.28,0.25,0.25,0.25,0.25,0.265,320,0.28,0.1,10,2,1.54,-0.15,0.175,2,,5,3.65,0.15,Wild Sense,1792,Here We Go!,,0.1,-0.15,,Super Movement High-Speed Movement,0.13,0.13,0.13,0.1,0.1,0.15,-0.15,0.13,0.13,0.15,0.1,0.1,0.1,0.1,0.1,0.05,0.05,,-0.15,0.1,0.1,-0.15,0.1,250,1,7,1.4
66,Gogeta (Super) Super Saiyan,Fusion,8,35,1,0.95,0.95,0.95,5,2455.75,0.95,0.05,,519,600,719,998,3355,3355,0.2,519,898,1625,1625,0.33,0.3,0.3,0.3,0.3,0.265,333,0.33,0.1,15,2,1.76,-0.15,0.15,2,,5,3.65,0.2,Instant Transmission,,Finish Sign,,0.1,-0.15,,Super Movement High-Speed Movement,0.13,0.13,0.13,0.1,0.1,0.15,-0.15,0.13,0.13,0.15,0.1,0.1,0.1,0.1,0.1,0.05,0.05,,-0.15,0.1,0.1,-0.15,0.1,250,1,8,1.6
67,Gogeta (Super) Super Saiyan God Super Saiyan,Fusion,10,43,1,0.930000019,0.930000019,0.930000019,5,2404.050049,0.930000019,0.069999981,,558,558,773,1073,3520,3520,0.3,558,966,1750,1750,0.43,0.4,0.4,0.4,0.4,0.265,358,0.43,0.1,19,2,1.76,-0.15,0.15,2,,6,3.65,0.3,Instant Transmission,,Stardust Barrier,1311.8,0.1,-0.15,,Super Movement High-Speed Movement,0.13,0.13,0.13,0.1,0.1,0.15,-0.15,0.13,0.13,0.15,0.1,0.1,0.1,0.1,0.1,0.05,0.05,,-0.15,0.1,0.1,-0.15,0.1,250,0.980000019,8,1.6
68,Gogeta (GT) Super Saiyan 4,Fusion,10,43,1,0.95,0.95,0.95,5,2455.75,0.95,0.05,,644,644,967,1073,3972,3972,0.3,644,966,1750,1750,0.43,0.4,0.4,0.4,0.4,0.265,358,0.43,0.1,15,2,1.76,-0.15,0.15,2,,6,3.65,0.3,Wild Sense,2002,Power Up to the Very Limit,,0.1,-0.15,,Super Movement High-Speed Movement Multi-Hit Rushes,0.13,0.13,0.13,0.1,0.1,0.15,-0.15,0.13,0.13,0.15,0.1,0.1,0.1,0.1,0.1,0.05,0.05,,-0.15,0.1,0.1,-0.15,0.1,250,1,8,1.6
69,Gotenks,Fusion,6,27,3,0.95,0.95,0.95,4.5,2455.75,0.95,0.05,,480,480,665,923,2932,3028,0.1,480,831,1500,1500,0.23,0.2,0.2,0.2,0.2,0.265,308,0.23,0.1,7,2,1.54,-0.15,0.175,2,,5,3.65,0.1,Afterimage,,Ta-dah!,,0.1,-0.15,,Super Movement High-Speed Movement,0.13,0.13,0.13,0.1,0.1,0.15,-0.15,0.13,0.13,0.15,0.1,0.1,0.1,0.1,0.1,0.05,0.05,,-0.15,0.1,0.1,-0.15,0.1,250,1,7,1.4
70,Gotenks Super Saiyan,Fusion,7,31,1,0.95,0.95,0.95,4.5,2455.75,0.95,0.05,,500,500,692,960,3152,3152,0.15,500,864,1563,1563,0.28,0.25,0.25,0.25,0.25,0.265,320,0.28,0.1,10,2,1.76,-0.15,0.15,2,,4,3.65,0.15,False Courage,,High-Tension,,0.1,-0.15,,Super Movement High-Speed Movement,0.13,0.13,0.13,0.1,0.1,0.15,-0.15,0.13,0.13,0.15,0.1,0.1,0.1,0.1,0.1,0.05,0.05,,-0.15,0.1,0.1,-0.15,0.1,250,1,8,1.6
71,Gotenks Super Saiyan 3,Fusion,8,35,1,0.95,0.95,0.95,4.5,2455.75,0.95,0.05,,519,519,719,998,3274,3274,0.2,519,898,1625,1625,0.33,0.3,0.3,0.3,0.3,0.265,333,0.33,0.1,15,1,1.76,-0.15,0.15,2,,4,3.65,0.2,Vice Shout,812.5,Finish Sign,,0.1,-0.15,,Super Movement High-Speed Movement,0.13,0.13,0.13,0.1,0.1,0.15,-0.15,0.13,0.13,0.15,0.1,0.1,0.1,0.1,0.1,0.05,0.05,,-0.15,0.1,0.1,-0.15,0.1,250,1,8,1.6
72,Videl,Normal,2,10,5,1.100000024,1.100000024,1.100000024,3,2843.500062,1.100000024,-0.100000024,,351,351,486,675,2060.1,2214,-0.1,351,608,1125,1125,-0.1,-0.1,-0.1,-0.1,-0.1,0.265,225,-0.1,0,3,4,1.2,0,0.2,2,1,4,3.65,-0.1,Afterimage Strike,,Super Unyielding Spirit,,,0,,,,,,,,,,,,,,,,,,,,,,,,,,250,1.100000024,6,1.2
73,Master Roshi,Skill-User,2,10,5,1,1,1,3,2585,1,0,,305,305,422,585,1788.3,1922,-0.1,305,527,975,975,-0.22,-0.22,-0.22,-0.22,-0.2,0.265,195,-0.22,0,3,2,1.47,0,0.175,2,2,4,4.8,-0.1,Afterimage Strike,,False Courage,,0.05,0,,Grounded,-0.12,-0.12,-0.12,-0.12,-0.12,-0.15,,-0.12,-0.12,,,,-0.12,-0.1,-0.12,,,0.3,0.5,0.05,0.05,,,250,1,7,1.4
74,Master Roshi Max Power,Power,2,10,5,0.930000019,0.930000019,0.930000019,4,2404.050049,0.930000019,0.069999981,,410,410,567,788,2405.3,2585,-0.1,410,709,1313,1313,0.05,0.05,0.05,-0.15,-0.15,0.385,188,-0.25,0.1,3,3,1.44,0,0.15,2,2,4,3.65,-0.1,False Courage,,Pump Up,,0.2,0,,Grounded,0.15,0.15,0.15,0.15,0.15,0.3,,-0.15,-0.15,-0.15,0.1,-0.05,-0.05,-0.05,0.15,0.05,0.05,,-0.1,-0.1,0.2,,,250,0.980000019,8,1.6
75,Frieza (Z) 1st Form,Ki-Blast,5,23,4,1.05,1.05,1.05,4,2714.25,1.05,-0.05,,371,371,513,713,2227.7,2339,0.05,371,642,1188,1188,-0.05,-0.05,-0.05,0.05,0.05,0.265,300,0.2,-0.2,4,1,1.54,0,0.175,2,,6,3.65,0.05,Psychokinesis,656.25,Pump Up,,-0.1,0,,Scouter,-0.1,-0.1,-0.1,-0.1,-0.1,-0.25,,0.15,0.15,0.1,-0.2,,,,-0.1,-0.05,-0.05,,0.1,0.1,-0.1,,0.05,250,1,7,1.4
76,Frieza (Z) 2nd Form,Power,5,23,4,0.95,0.95,0.95,4,2455.75,0.95,0.05,,468,468,648,900,2811.6,2952,0.05,468,810,1500,1500,0.2,0.2,0.2,,0,0.385,225,-0.1,0.1,5,2,1.44,0,0.15,2,,6,3.65,0.05,Explosive Wave,937,Finish Sign,,0.2,0,,,0.15,0.15,0.15,0.15,0.15,0.3,,-0.15,-0.15,-0.15,0.1,-0.05,-0.05,-0.05,0.15,0.05,0.05,,-0.1,-0.1,0.2,,,250,1,8,1.6
77,Frieza (Z) 3rd Form,Villain,5,23,4,0.980000019,0.980000019,0.980000019,4,2533.300049,0.980000019,0.019999981,,410,410,567,788,2462,2585,0.05,410,709,1500,1500,0.05,0.05,0.05,0.225,0.225,0.265,263,0.05,0,8,2,1.76,-0.1,0.15,2,,6,3.65,0.05,Explosive Wave,1077.55,High-Tension,,,-0.1,,,,,,0.15,0.15,,-0.1,,,,,0.1,0.175,0.175,,,,,-0.1,0.1,,-0.1,,250,0.980000019,8,1.6
78,Frieza (Z) 4th Form,Villain,6,27,3,1,1,1,4,2585,1,0,,429,429,594,825,2620.2,2706,0.1,429,743,1563,1563,0.1,0.1,0.1,0.275,0.275,0.265,275,0.1,0,9,2,1.54,-0.1,0.175,2,,6,3.65,0.1,Psychokinesis,750,Your Arrogance Disgusts Me!,,,-0.1,,,,,,0.15,0.15,,-0.1,,,,,0.1,0.175,0.175,,,,,-0.1,0.1,,-0.1,,250,1,7,1.4
79,Frieza (Z) Full Power,Villain,7,31,1,0.949999988,0.949999988,0.949999988,4,2455.749969,0.949999988,0.050000012,,449,449,621,863,2831,2831,0.15,449,777,1625,1625,0.15,0.15,0.15,0.325,0.325,0.385,288,0.15,0,10,3,1.76,-0.1,0.15,2,,6,3.65,0.15,Psychokinesis,781.25,Long Awaited-for 100%,,,-0.1,,,,,,0.15,0.15,,-0.1,,,,,0.1,0.175,0.175,,,,,-0.1,0.1,,-0.1,,250,0.949999988,8,1.6
80,Mecha Frieza,Ki-Blast,6,27,3,1.05,1.05,1.05,4,2714.25,1.05,-0.05,,390,390,540,750,2382,2460,0.1,390,675,1250,1250,0,0,0,0.1,0.1,0.265,313,0.25,-0.2,10,2,1.54,0,0.175,2,,4,3.65,0.1,Psychokinesis,687.5,Finish Sign,,-0.1,0,,Super Movement High-Speed Movement,-0.1,-0.1,-0.1,-0.1,-0.1,-0.25,,0.15,0.15,0.1,-0.2,,,,-0.1,-0.05,-0.05,,0.1,0.1,-0.1,,0.05,250,1,7,1.4
81,Frieza (Super),Normal,6,27,3,1,1,1,4,2585,1,0,,429,429,594,825,2620.2,2706,0.1,429,743,1375,1375,0.1,0.1,0.1,0.1,0.1,0.265,275,0.1,0,10,2,1.4,0,0.175,2,,6,3.65,0.1,Psychokinesis,687.5,Power of Revenge,,,0,,High-Speed Movement,,,,,,,,,,,,,,,,,,,,,,,,250,1,7,1.4
82,Golden Frieza,Almighty,8,35,1,0.980000019,0.980000019,0.980000019,4,2533.300049,0.980000019,0.019999981,,508,508,684,976,3184,3184,0.2,508,878,1625,1625,0.3,0.3,0.3,0.3,0.3,0.265,325,0.3,0,16,3,1.44,0,0.15,2,,6,3.65,0.2,Wild Sense,1820,True Golden Frieza,,0.1,0,,Super Movement High-Speed Movement,0.1,0.1,0.1,0.1,0.1,0.15,,0.1,0.1,,,0.1,0.1,0.1,0.1,,,,,-0.1,0.1,,0.1,250,0.980000019,8,1.6
83,Cell 1st Form,Normal,5,23,4,1,1,1,4,2585,1,0,,410,410,567,788,2462,2585,0.05,410,709,1313,1313,0.05,0.05,0.05,0.05,0.05,0.265,263,0.05,0,5,1,1.6,0,0.15,2,,4,3.65,0.05,Solar Flare,,Afterimage,,,0,,HP Drain Grab,,,,,,,,,,,,,,,,,,,,,,,,250,1,8,1.6
84,Cell 2nd Form,Normal,5,23,4,0.970000029,0.970000029,0.970000029,4,2507.450075,0.970000029,0.029999971,,410,410,567,788,2462,2585,0.05,410,709,1313,1313,0.05,0.05,0.05,0.05,0.05,0.265,263,0.05,0,6,2,1.4,0,0.175,2,,5,3.65,0.05,Solar Flare,,Pump Up,,,0,,HP Drain Grab,,,,,,,,,,,,,,,,,,,,,,,,250,0.970000029,7,1.4
85,Cell Perfect Form,Villain,6,27,3,1,1,1,4,2585,1,0,,429,429,594,825,2620.2,2706,0.1,429,743,1563,1563,0.1,0.1,0.1,0.275,0.275,0.265,275,0.1,0,8,2,1.32,-0.1,0.2,2,,5,3.65,0.1,Explosive Wave,1124.4,Afterimage,,,-0.1,,Super Movement High-Speed Movement,,,,0.15,0.15,,-0.1,,,,,0.1,0.175,0.175,,,,,-0.1,0.1,,-0.1,,250,1,6,1.2
86,Perfect Cell,Almighty,7,31,1,1,1,1,4,2585,1,0,,488,488,675,938,3077,3077,0.15,488,844,1563,1563,0.25,0.25,0.25,0.25,0.25,0.265,313,0.25,0,10,3,1.08,0,0.2,2,,6,3.65,0.15,Instant Transmission,,Wild Sense,1750,0.1,0,,Super Movement High-Speed Movement,0.1,0.1,0.1,0.1,0.1,0.15,,0.1,0.1,,,0.1,0.1,0.1,0.1,,,,,-0.1,0.1,,0.1,250,1,6,1.2
87,Cell Jr.,Normal,3,15,5,1,1,1,3.5,2585,1,0,,371,371,513,713,2176.4,2339,-0.05,371,642,1188,1188,-0.05,-0.05,-0.05,-0.05,-0.05,0.265,238,-0.05,0,4,1,1.6,0,0.15,2,1,4,3.65,-0.05,Solar Flare,,Explosive Wave,890.15,,0,,Super Movement High-Speed Movement,,,,,,,,,,,,,,,,,,,,,,,,250,1,8,1.6
88,Majin Buu,Power,6,27,3,0.909999979,0.909999979,0.909999979,4,2352.349946,0.909999979,0.090000021,,488,488,675,938,2979.4,3077,0.1,488,844,1563,1563,0.25,0.25,0.25,0.05,0.05,0.385,238,-0.05,0.1,5,2,1.26,0,0.175,2,,4,3.65,0.1,Paralyze Beam,656.25,Sleep,,0.2,0,,,0.15,0.15,0.15,0.15,0.15,0.3,,-0.15,-0.15,-0.15,0.1,-0.05,-0.05,-0.05,0.15,0.05,0.05,,-0.1,-0.1,0.2,,,250,0.959999979,7,1.4
89,Majin Buu (Evil),Speed,6,27,3,1.1,1.1,1.1,4,2843.5,1.1,-0.1,,410,410,567,788,2503,2585,0.1,410,608,1250,1250,0.05,0,0,0.1,0.1,0.125,275,0.1,0.05,4,2,1.4,0,0.175,2,,4,3.65,0.1,Paralyze Beam,687.5,Mystic Breath,1030.7,,0,,,-0.05,-0.2,-0.2,-0.1,-0.1,-0.25,,,,0.1,0.05,,,,-0.1,-0.1,-0.1,0.05,,,,,0.05,250,1,7,1.4
90,Super Buu,Villain,6,27,3,1,1,1,4,2585,1,0,,429,429,594,825,2620.2,2706,0.1,429,743,1563,1563,0.1,0.1,0.1,0.275,0.275,0.265,275,0.1,0,6,3,1.54,-0.1,0.175,2,,5,3.65,0.1,Vice Shout,750,Regeneration,,,-0.1,,,,,,0.15,0.15,,-0.1,,,,,0.1,0.175,0.175,,,,,-0.1,0.1,,-0.1,,250,1,7,1.4
91,Super Buu (Gotenks Absorbed),Almighty,7,31,1,1,1,1,4,2585,1,0,,488,488,675,938,3077,3077,0.15,488,844,1563,1563,0.25,0.25,0.25,0.25,0.25,0.265,313,0.25,0,8,3,1.26,0,0.175,2,,6,3.65,0.15,Explosive Wave,1171.25,Regeneration,,0.1,0,,,0.1,0.1,0.1,0.1,0.1,0.15,,0.1,0.1,,,0.1,0.1,0.1,0.1,,,,,-0.1,0.1,,0.1,250,1,7,1.4
92,Super Buu (Gohan Absorbed),Almighty,7,31,1,1,1,1,4,2585,1,0,,488,488,675,938,3077,3077,0.15,488,844,1563,1563,0.25,0.25,0.25,0.25,0.25,0.265,313,0.25,0,10,3,1.26,0,0.175,2,,6,3.65,0.15,Afterimage,,High-Tension,,0.1,0,,Super Movement High-Speed Movement,0.1,0.1,0.1,0.1,0.1,0.15,,0.1,0.1,,,0.1,0.1,0.1,0.1,,,,,-0.1,0.1,,0.1,250,1,7,1.4
93,Kid Buu,Almighty,7,31,1,1,1,1,4,2585,1,0,,488,469,675,938,3134,3134,0.15,564,844,1563,1563,0.25,0.25,0.25,0.25,0.25,0.265,313,0.25,0,10,3,1.08,0,0.2,2,,5,3.65,0.15,Instant Transmission,,Sleep,,0.1,0,,Super Movement High-Speed Movement Multi-Hit Rushes,0.1,0.1,0.1,0.1,0.1,0.15,,0.1,0.1,,,0.1,0.1,0.1,0.1,,,,,-0.1,0.1,,0.1,250,1,6,1.2
94,Mr. Satan,Skill-User (Mr. Satan),1,5,5,1.169999957,1.169999957,1.169999957,3,3024.449889,1.169999957,-0.169999957,,90,90,125,173,528.5,568,-0.65,90,-14,-25,-25,-1.02,-1.02,-1.02,-0.85,-16.15,0.125,-5,-1.02,0,1,5,1.47,0,0.175,2,3,4,4.8,-0.65,False Courage,,Royal Raiment?!,,0.05,0,,Grounded,-0.37,-0.37,-0.37,-0.37,-0.37,-0.15,,-0.37,-0.37,,,,-0.2,-15.5,-0.37,,,0.3,0.35,0.05,0.05,,,250,1.169999957,7,1.4
95,Chiaotzu,Ki-Blast,2,10,5,1.199999976,1.199999976,1.199999976,3,3101.999938,1.199999976,-0.199999976,,312,312,432,600,1831.2,1968,-0.1,312,540,1000,1000,-0.2,-0.2,-0.2,-0.1,-0.1,0.265,263,0.05,-0.2,6,1,1.54,0,0.175,2,2,4,3.65,-0.1,Telekinesis,562.5,Afterimage,,-0.1,0,,High-Speed Movement Paralyze Ki-Blast,-0.1,-0.1,-0.1,-0.1,-0.1,-0.25,,0.15,0.15,0.1,-0.2,,,,-0.1,-0.05,-0.05,,0.1,0.1,-0.1,,0.05,250,1.149999976,7,1.4
96,Yajirobe,Skill-User (Yajirobe),2,10,5,1,1,1,3.5,2585,1,0,,305,305,422,585,1788.3,1922,-0.1,305,527,975,975,-0.22,-0.22,-0.22,-0.22,-0.2,0.125,195,-0.22,0,1,1,1.47,0,0.175,2,,6,4.8,-0.1,Super Unyielding Spirit,,Senzu Beans,,0.05,0,,Grounded Sword,-0.12,-0.12,-0.12,-0.12,-0.12,-0.15,,-0.12,-0.12,,,,-0.12,-0.1,-0.12,,,,0.5,0.05,0.05,,,250,1,7,1.4
97,Pan (GT),Normal,3,15,5,1.120000005,1.120000005,1.120000005,3.5,2895.200013,1.120000005,-0.120000005,,371,428,512,709,2222.8,2391,-0.05,371,642,1188,1188,-0.05,-0.05,-0.05,-0.05,-0.05,0.265,238,-0.05,0,5,3,1.4,0,0.175,2,2,4,3.65,-0.05,Afterimage Strike,,Saiyan Spirit,,,0,,Super Movement High-Speed Movement,,,,,,,,,,,,,,,,,,,,,,,,250,1.120000005,7,1.4
98,Uub (GT),Normal,4,19,5,1,1,1,4,2585,1,0,,390,390,513,713,2227.7,2396,0,390,675,1250,1250,0,0,0,,0,0.265,250,0,0,5,2,1.4,0,0.175,2,,4,3.65,0,Wild Sense,1400,Power Up to the Very Limit,,,0,,,,,,,,,,,,,,,,,,,,,,,,,,250,1,7,1.4
99,Majuub (GT),Normal,6,27,3,1,1,1,4,2585,1,0,,429,429,594,825,2620.2,2706,0.1,429,743,1375,1375,0.1,0.1,0.1,0.1,0.1,0.265,275,0.1,0,7,3,1.4,0,0.175,2,,5,3.65,0.1,Paralyze Beam,687.5,Mystic Breath,1030.7,,0,,Super Movement,,,,,,,,,,,,,,,,,,,,,,,,250,1,7,1.4
100,Bardock,Normal,4,19,5,1,1,1,4,2585,1,0,,390,390,540,750,2289,2460,0,390,675,1250,1250,0,0,0,,0,0.265,250,0,0,7,3,1.4,0,0.175,2,,5,3.65,0,Shockwave of Rebellion,937,Saiyan Spirit,,,0,,Scouter,,,,,,,,,,,,,,,,,,,,,,,,250,1,7,1.4
101,Raditz,Normal,3,15,5,1,1,1,4,2585,1,0,,371,371,513,713,2176.4,2339,-0.05,371,642,1188,1188,-0.05,-0.05,-0.05,-0.05,-0.05,0.265,238,-0.05,0,6,1,1.4,0,0.175,2,1,4,3.65,-0.05,Saiyan Spirit,,Full Power,,,0,,,,,,,,,,,,,,,,,,,,,,,,,,250,1,7,1.4
102,Saibaman,Normal,2,10,5,1.100000024,1.100000024,1.100000024,3.5,2843.500062,1.100000024,-0.100000024,,351,351,486,675,2060.1,2214,-0.1,351,608,1125,1125,-0.1,-0.1,-0.1,-0.1,-0.1,0.265,225,-0.1,0,3,1,1.6,0,0.15,2,2,4,3.65,-0.1,Acid,562.5,Afterimage,,,0,,High-Speed Movement,,,,,,,,,,,,,,,,,,,,,,,,250,1.100000024,8,1.6
103,Nappa,Power,3,15,5,0.870000017,0.870000017,0.870000017,4,2248.950044,0.870000017,0.129999983,,429,429,594,825,2517.9,2706,-0.05,429,743,1375,1375,0.1,0.1,0.1,-0.1,-0.1,0.385,200,-0.2,0.1,6,2,1.26,0,0.175,2,,4,3.65,-0.05,Saiyan Spirit,,Pump Up,,0.2,0,,Scouter,0.15,0.15,0.15,0.15,0.15,0.3,,-0.15,-0.15,-0.15,0.1,-0.05,-0.05,-0.05,0.15,0.05,0.05,,-0.1,-0.1,0.2,,,250,0.920000017,7,1.4
104,Zarbon,Speed,3,15,5,1.1,1.1,1.1,4,2843.5,1.1,-0.1,,351,351,486,675,2060.1,2214,-0.05,351,507,1063,1063,-0.1,-0.15,-0.15,-0.05,-0.05,0.125,238,-0.05,0.05,6,2,1.4,0,0.175,2,,4,3.65,-0.05,Wild Sense,1050,Full Power,,,0,,Scouter,-0.05,-0.2,-0.2,-0.1,-0.1,-0.25,,,,0.1,0.05,,,,-0.1,-0.1,-0.1,0.05,,,,,0.05,250,1,7,1.4
105,Super Zarbon,Power,3,15,5,0.930000019,0.930000019,0.930000019,4,2404.050049,0.930000019,0.069999981,,429,429,594,825,2517.9,2706,-0.05,429,743,1375,1375,0.1,0.1,0.1,-0.1,-0.1,0.385,200,-0.2,0.1,7,2,1.26,0,0.175,2,,4,3.65,-0.05,False Courage,,High-Tension,,0.2,0,,,0.15,0.15,0.15,0.15,0.15,0.3,,-0.15,-0.15,-0.15,0.1,-0.05,-0.05,-0.05,0.15,0.05,0.05,,-0.1,-0.1,0.2,,,250,0.980000019,7,1.4
106,Dodoria,Power,3,15,5,0.899999988,0.899999988,0.899999988,4,2326.499969,0.899999988,0.100000012,,429,429,594,825,2517.9,2706,-0.05,429,743,1375,1375,0.1,0.1,0.1,-0.1,-0.1,0.385,200,-0.2,0.1,5,2,1.44,0,0.15,2,,4,3.65,-0.05,False Courage,,Pump Up,,0.2,0,,,0.15,0.15,0.15,0.15,0.15,0.3,,-0.15,-0.15,-0.15,0.1,-0.05,-0.05,-0.05,0.15,0.05,0.05,,-0.1,-0.1,0.2,,,250,0.949999988,8,1.6
107,Cui,Normal,3,15,5,1,1,1,4,2585,1,0,,371,371,513,713,2176.4,2339,-0.05,371,642,1188,1188,-0.05,-0.05,-0.05,-0.05,-0.05,0.265,238,-0.05,0,8,1,1.4,0,0.175,2,2,4,3.65,-0.05,False Courage,,Sleep,,,0,,,,,,,,,,,,,,,,,,,,,,,,,,250,1,7,1.4
108,Captain Ginyu,Normal,4,19,5,1,1,1,4,2585,1,0,,390,390,540,750,2289,2460,0,390,675,1250,1250,0,0,0,,0,0.265,250,0,0,7,3,1.4,0,0.175,2,,4,3.65,0,SP Fighting Pose 5,,Dangerous Shock,,,0,,Scouter,,,,,,,,,,,,,,,,,,,,,,,,250,1,7,1.4
109,Recoome,Power,3,15,5,0.849999976,0.849999976,0.849999976,4,2197.249938,0.849999976,0.150000024,,429,429,594,825,2517.9,2706,-0.05,429,743,1375,1375,0.1,0.1,0.1,-0.1,-0.1,0.385,200,-0.2,0.1,8,2,1.26,0,0.175,2,,4,3.65,-0.05,False Courage,,SP Fighting Pose 1,,0.2,0,,Scouter,0.15,0.15,0.15,0.15,0.15,0.3,,-0.15,-0.15,-0.15,0.1,-0.05,-0.05,-0.05,0.15,0.05,0.05,,-0.1,-0.1,0.2,,,250,0.899999976,7,1.4
110,Burter,Speed,3,15,5,1.200000024,1.200000024,1.200000024,4,3102.000062,1.200000024,-0.200000024,,406,406,608,675,2318.4,2501,-0.05,406,507,1063,1063,-0.1,-0.15,-0.15,-0.05,-0.05,0.075,238,-0.05,0.05,4,1,1.4,0,0.175,2,,4,3.65,-0.05,Afterimage,,SP Fighting Pose 2,,,0,,Scouter Super Movement High-Speed Movement Multi-Hit Rushes,-0.05,-0.2,-0.2,-0.1,-0.1,-0.25,,,,0.1,0.05,,,,-0.1,-0.1,-0.1,0.05,,,,,0.05,250,1.100000024,7,1.4
111,Jeice,Normal,3,15,5,1,1,1,4,2585,1,0,,371,371,513,713,2176.4,2339,-0.05,371,642,1188,1188,-0.05,-0.05,-0.05,-0.05,-0.05,0.265,238,-0.05,0,5,1,1.4,0,0.175,2,,4,3.65,-0.05,Explosive Wave,890.15,SP Fighting Pose 3,,,0,,,,,,,,,,,,,,,,,,,,,,,,,,250,1,7,1.4
112,Guldo,Normal,2,10,5,1.100000024,1.100000024,1.100000024,3,2843.500062,1.100000024,-0.100000024,,351,351,486,675,2060.1,2214,-0.1,351,608,1125,1125,-0.1,-0.1,-0.1,-0.1,-0.1,0.265,225,-0.1,0,3,1,1.4,0,0.175,2,1,4,3.65,-0.1,Paralysis,562.5,SP Fighting Pose 4,,,0,,Paralyze Ki-Blast,,,,,,,,,,,,,,,,,,,,,,,,250,1.100000024,7,1.4
113,King Cold,Power,4,19,5,0.95,0.95,0.95,4,2455.75,0.95,0.05,,449,449,621,863,2634.2,2831,0,449,777,1438,1438,0.15,0.15,0.15,-0.05,-0.05,0.385,213,-0.15,0.1,5,2,1.44,0,0.15,2,,4,3.65,0,Explosive Wave,890.15,King's Dignity,,0.2,0,,,0.15,0.15,0.15,0.15,0.15,0.3,,-0.15,-0.15,-0.15,0.1,-0.05,-0.05,-0.05,0.15,0.05,0.05,,-0.1,-0.1,0.2,,,250,1,8,1.6
114,Android 16,Infinite Ki Android (Power),5,23,4,0.870000017,0.870000017,0.870000017,4,2248.950044,0.870000017,0.129999983,,468,468,648,900,2811.6,2952,0.05,468,810,1500,1500,0.2,0.2,0.2,,0,0.385,225,-0.1,0.1,4,3,0,0.3,0.17,5,1,4,3.65,0.05,Explosive Wave,937,Pump Up,,0.2,0,,,0.15,0.15,0.15,0.15,0.15,0.3,0.3,-0.15,-0.15,-0.15,0.1,-0.05,-0.05,-0.05,0.15,0.05,0.05,,-0.1,-0.1,0.2,,,250,0.920000017,,
115,Android 17 (Z),Infinite Ki Android (Ki-Blast),5,23,4,1.05,1.05,1.05,4,2714.25,1.05,-0.05,,371,371,513,713,2227.7,2339,0.05,371,642,1188,1188,-0.05,-0.05,-0.05,0.05,0.05,0.265,300,0.2,-0.2,5,3,0,0.3,0.18,5,1,4,3.65,0.05,Android Barrier,983.85,Finish Sign,,-0.1,0,,Super Movement High-Speed Movement,-0.1,-0.1,-0.1,-0.1,-0.1,-0.25,0.3,0.15,0.15,0.1,-0.2,,,,-0.1,-0.05,-0.05,,0.1,0.1,-0.1,,0.05,250,1,,
116,Android 17 (Super),Infinite Ki Android (Ki-Blast),6,27,3,1.05,1.05,1.05,4,2714.25,1.05,-0.05,,390,390,540,750,2382,2460,0.1,390,675,1250,1250,0,0,0,0.1,0.1,0.265,313,0.25,-0.2,8,3,0,0.3,0.2,5,1,4,3.65,0.1,Android Barrier,1030.7,Time to Get Serious,,-0.1,0,,Super Movement High-Speed Movement,-0.1,-0.1,-0.1,-0.1,-0.1,-0.25,0.3,0.15,0.15,0.1,-0.2,,,,-0.1,-0.05,-0.05,,0.1,0.1,-0.1,,0.05,250,1,,
117,Android 18,Infinite Ki Android (Ki-Blast),5,23,4,1.05,1.05,1.05,4,2714.25,1.05,-0.05,,371,371,513,713,2227.7,2339,0.05,371,642,1188,1188,-0.05,-0.05,-0.05,0.05,0.05,0.265,300,0.2,-0.2,6,3,0,0.3,0.2,5,1,4,3.65,0.05,Android Barrier,983.85,Super Unyielding Spirit,,-0.1,0,,Super Movement High-Speed Movement,-0.1,-0.1,-0.1,-0.1,-0.1,-0.25,0.3,0.15,0.15,0.1,-0.2,,,,-0.1,-0.05,-0.05,,0.1,0.1,-0.1,,0.05,250,1,,
118,Android 19,Ki Drain Android (Power),4,19,5,0.930000019,0.930000019,0.930000019,4,2404.050049,0.930000019,0.069999981,,449,449,621,863,2634.2,2831,0,449,777,1438,1438,0.15,0.15,0.15,-0.05,-0.05,0.125,213,-0.15,0.1,3,4,0,1.134,0.45,2,1,4,3.65,0,False Courage,,Pump Up,,0.2,0,,HP Drain Grab Free Dragon Dash,0.15,0.15,0.15,0.15,0.15,0.3,1.134,-0.15,-0.15,-0.15,0.1,-0.05,-0.05,-0.05,0.15,0.05,0.05,,-0.1,-0.1,0.2,,,250,0.980000019,,
119,Dr. Gero,Ki Drain Android (Normal),4,19,5,1,1,1,4,2585,1,0,,390,390,540,750,2289,2460,0,390,675,1250,1250,0,0,0,,0,0.125,250,0,0,3,4,0,1.134,0.45,2,1,6,3.65,0,False Courage,,Finish Sign,,,0,,HP Drain Grab Free Dragon Dash Super Movement High-Speed Movement,,,,,,,1.134,,,,,,,,,,,,,,,,,250,1,,
120,Babidi,Ki-Blast,3,15,5,1.250000048,1.250000048,1.250000048,3,3231.250124,1.250000048,-0.250000048,,332,332,459,638,1947.5,2093,-0.05,332,574,1063,1063,-0.15,-0.15,-0.15,-0.05,-0.05,0.265,275,0.1,-0.2,8,3,1.32,0,0.2,2,2,7,3.65,-0.05,Demon Eye,593.75,Wizard Barrier,890.15,-0.1,0,,Paralyze Ki-Blast,-0.1,-0.1,-0.1,-0.1,-0.1,-0.25,,0.15,0.15,0.1,-0.2,,,,-0.1,-0.05,-0.05,,0.1,0.1,-0.1,,0.05,250,1.200000048,6,1.2
121,Dabura,Villain,6,27,3,1,1,1,4,2585,1,0,,429,429,594,825,2620.2,2706,0.1,429,743,1563,1563,0.1,0.1,0.1,0.275,0.275,0.265,275,0.1,0,7,3,1.54,-0.1,0.175,2,,5,3.65,0.1,Evil Breath,1124.4,Afterimage Strike,,,-0.1,,Sword Super Movement High-Speed Movement,,,,0.15,0.15,,-0.1,,,,,0.1,0.175,0.175,,,,,-0.1,0.1,,-0.1,,250,1,7,1.4
122,Frieza Force Soldier,Normal,2,10,5,1.200000048,1.200000048,1.200000048,3,3102.000124,1.200000048,-0.200000048,,351,351,486,675,2060.1,2214,-0.1,351,608,1125,1125,-0.1,-0.1,-0.1,-0.1,-0.1,0.265,225,-0.1,0,2,1,1.6,0,0.15,2,2,4,3.65,-0.1,Full-Power Charge,,Sleep,,,0,,Scouter,,,,,,,,,,,,,,,,,,,,,,,,250,1.200000048,8,1.6
123,Broly (Z),Normal,5,23,4,1,1,1,4,2585,1,0,,410,410,567,788,2462,2585,0.05,410,709,1313,1313,0.05,0.05,0.05,0.05,0.05,0.265,263,0.05,0,3,1,1.6,0,0.15,2,,4,3.65,0.05,Wild Sense,1470,Kakarottt!,,,0,,,,,,,,,,,,,,,,,,,,,,,,,,250,1,8,1.6
124,Broly (Z) Super Saiyan,Power,7,31,1,0.95,0.95,0.95,4,2455.75,0.95,0.05,,507,507,702,975,3198,3198,0.15,507,878,1625,1625,0.3,0.3,0.3,0.1,0.1,0.265,250,0,0.1,7,2,1.26,0,0.175,2,,5,3.65,0.15,Saiyan Spirit,,Kakarottt!,,0.2,0,,,0.15,0.15,0.15,0.15,0.15,0.3,,-0.15,-0.15,-0.15,0.1,-0.05,-0.05,-0.05,0.15,0.05,0.05,,-0.1,-0.1,0.2,,,250,1,7,1.4
125,Broly (Z) Legendary Super Saiyan,Legendary Super Saiyan,9,39,1,1.029999976,0.9269999784,1.029999976,4.5,2662.549938,1.029999976,-0.029999976,0.1,624,624,864,1200,3936,3936,0.25,624,1080,2000,2000,0.6,0.25,0.25,0.3,0.3,0.265,338,0.35,0,10,3,1.4,0,0.175,2,,6,3.65,0.25,Explosive Wave,1264.95,Kakarottt!,,,0,,Super Armor,0.35,0.35,0.35,0.35,0.35,0.15,,0.1,0.1,,,0.1,0.05,0.05,,-0.13,-0.13,,,,,,,250,0.899999976,7,1.4
126,Broly (Super),Normal,5,23,4,1,1,1,4,2585,1,0,,410,410,567,788,2462,2585,0.05,410,709,1313,1313,0.05,0.05,0.05,0.05,0.05,0.265,263,0.05,0,4,1,1.4,0,0.175,2,,4,3.65,0.05,Full-Power Charge,,Going Berserk,,,0,,,,,,,,,,,,,,,,,,,,,,,,,,250,1,7,1.4
127,Broly (Super) Super Saiyan,Power,7,31,1,0.95,0.95,0.95,4,2455.75,0.95,0.05,,507,586,702,975,3277,3277,0.15,507,878,1625,1625,0.3,0.3,0.3,0.1,0.1,0.265,250,0,0.1,7,2,1.26,0,0.175,2,,5,3.65,0.15,Saiyan Spirit,,Howl,,0.2,0,,High-Speed Movement,0.15,0.15,0.15,0.15,0.15,0.3,,-0.15,-0.15,-0.15,0.1,-0.05,-0.05,-0.05,0.15,0.05,0.05,,-0.1,-0.1,0.2,,,250,1,7,1.4
128,Broly (Super) Super Saiyan (Full Power),Legendary Super Saiyan,9,39,1,1.029999976,0.9269999784,1.029999976,4.5,2662.549938,1.029999976,-0.029999976,0.1,624,720,840,1200,4008,4008,0.25,624,1080,2000,2000,0.6,0.25,0.25,0.3,0.3,0.265,338,0.35,0,10,3,1.4,0,0.175,2,,6,3.65,0.25,Wild Move,,Untamed Instinct,,,0,,Super Armor Super Movement High-Speed Movement,0.35,0.35,0.35,0.35,0.35,0.15,,0.1,0.1,,,0.1,0.05,0.05,,-0.13,-0.13,,,,,,,250,0.899999976,7,1.4
129,Super Garlic Jr.,Power,4,19,5,0.909999979,0.909999979,0.909999979,4,2352.349946,0.909999979,0.090000021,,449,449,621,863,2634.2,2831,0,449,777,1438,1438,0.15,0.15,0.15,-0.05,-0.05,0.265,213,-0.15,0.1,5,3,1.26,0,0.175,2,,5,3.65,0,Sealing Paralyze Beam,,Makyo Star,,0.2,0,,,0.15,0.15,0.15,0.15,0.15,0.3,,-0.15,-0.15,-0.15,0.1,-0.05,-0.05,-0.05,0.15,0.05,0.05,,-0.1,-0.1,0.2,,,250,0.959999979,7,1.4
130,Dr. Wheelo,Giant,4,19,1,0.680000019,0.9720000171,1.080000019,4,1757.800049,1.080000019,-0.080000019,0.1,578,578,715,0,2449,2449,0,578,2363,4375,1438,0.2,-0.1,-0.1,0.1,0.1,0.515,338,-0.1,0,6,3,0,0.05,0.17,5,1,4,3.65,0,Barrier,937,Full Power,,,0,,Super Armor,0.2,2.5,-0.1,2.5,0.15,0.4,0.05,-0.1,-0.1,-0.15,,,0.1,0.1,-0.1,0.3,-0.1,,,,,,,375,0.980000019,,
131,Turles,Ki-Blast,4,19,5,1.05,1.05,1.05,4,2714.25,1.05,-0.05,,351,351,486,675,2060.1,2214,0,351,608,1125,1125,-0.1,-0.1,-0.1,,0,0.265,288,0.15,-0.2,7,2,1.54,0,0.175,2,,4,3.65,0,Explosive Wave,937,Fruit of the Tree of Might,,-0.1,0,,Scouter,-0.1,-0.1,-0.1,-0.1,-0.1,-0.25,,0.15,0.15,0.1,-0.2,,,,-0.1,-0.05,-0.05,,0.1,0.1,-0.1,,0.05,250,1,7,1.4
132,Lord Slug,Power,4,19,5,0.95,0.95,0.95,4,2455.75,0.95,0.05,,449,449,621,863,2634.2,2831,0,449,777,1438,1438,0.15,0.15,0.15,-0.05,-0.05,0.265,213,-0.15,0.1,3,2,1.26,0,0.175,2,,5,3.65,0,Explosive Wave,890.15,High-Tension,,0.2,0,,Paralyze Ki-Blast,0.15,0.15,0.15,0.15,0.15,0.3,,-0.15,-0.15,-0.15,0.1,-0.05,-0.05,-0.05,0.15,0.05,0.05,,-0.1,-0.1,0.2,,,250,1,7,1.4
133,Lord Slug Giant Form,Giant,6,27,1,0.670000029,0.9630000261,1.070000029,5,1731.950075,1.070000029,-0.070000029,0.1,631,631,780,0,2673,2673,0.1,631,2430,4500,1563,0.3,0,0,0.2,0.2,0.515,375,0,0,4,3,1.6,0.05,0.15,2,,5,3.65,0.1,Explosive Wave,1030.7,Pump Up,,,0,,Super Armor,0.2,2.5,-0.1,2.5,0.15,0.4,0.05,-0.1,-0.1,-0.15,,,0.1,0.1,-0.1,0.3,-0.1,,,,,,,375,0.970000029,8,1.6
134,Cooler,Normal,6,27,3,1,1,1,4,2585,1,0,,429,429,594,825,2620.2,2706,0.1,429,743,1375,1375,0.1,0.1,0.1,0.1,0.1,0.265,275,0.1,0,4,2,1.4,0,0.175,2,,4,3.65,0.1,Psychokinesis,687.5,Afterimage,,,0,,Paralyze Ki-Blast,,,,,,,,,,,,,,,,,,,,,,,,250,1,7,1.4
135,Cooler Final Form,Power,7,31,1,0.95,0.95,0.95,4.5,2455.75,0.95,0.05,,507,507,702,975,3198,3198,0.15,507,878,1625,1625,0.3,0.3,0.3,0.1,0.1,0.265,250,0,0.1,7,2,1.26,0,0.175,2,,5,3.65,0.15,Psychokinesis,687.5,Psycho Barrier,1030.7,0.2,0,,Paralyze Ki-Blast,0.15,0.15,0.15,0.15,0.15,0.3,,-0.15,-0.15,-0.15,0.1,-0.05,-0.05,-0.05,0.15,0.05,0.05,,-0.1,-0.1,0.2,,,250,1,7,1.4
136,Metal Cooler,Villain,7,31,1,1,1,1,4,2585,1,0,,449,449,621,863,2831,2831,0.15,449,777,1625,1625,0.15,0.15,0.15,0.325,0.325,0.265,288,0.15,0,6,3,1.32,-0.1,0.2,5,,4,3.65,0.15,Instant Transmission,,Regeneration,,,-0.1,,Super Movement High-Speed Movement,,,,0.15,0.15,,-0.1,,,,,0.1,0.175,0.175,,,,,-0.1,0.1,,-0.1,,250,1,6,1.2
137,Android 13,Infinite Ki Android (Ki-Blast),5,23,4,1.05,1.05,1.05,4,2714.25,1.05,-0.05,,371,371,513,713,2227.7,2339,0.05,371,642,1188,1188,-0.05,-0.05,-0.05,0.05,0.05,0.265,300,0.2,-0.2,4,3,0,0.3,0.18,5,2,5,3.65,0.05,Wild Sense,1330,High-Tension,,-0.1,0,,,-0.1,-0.1,-0.1,-0.1,-0.1,-0.25,0.3,0.15,0.15,0.1,-0.2,,,,-0.1,-0.05,-0.05,,0.1,0.1,-0.1,,0.05,250,1,,
138,Fusion Android 13,Infinite Ki Android (Power),7,31,1,0.909999979,0.909999979,0.909999979,4.5,2352.349946,0.909999979,0.090000021,,507,586,702,975,3277,3277,0.15,507,878,1625,1625,0.3,0.3,0.3,0.1,0.1,0.265,250,0,0.1,8,3,0,0.3,0.2,5,,6,3.65,0.15,Android Barrier,1030.7,Pump Up,,0.2,0,,,0.15,0.15,0.15,0.15,0.15,0.3,0.3,-0.15,-0.15,-0.15,0.1,-0.05,-0.05,-0.05,0.15,0.05,0.05,,-0.1,-0.1,0.2,,,250,0.959999979,,
139,Bojack,Power,5,23,4,0.95,0.95,0.95,4,2455.75,0.95,0.05,,468,468,648,900,2811.6,2952,0.05,468,810,1500,1500,0.2,0.2,0.2,,0,0.265,225,-0.1,0.1,4,1,1.26,0,0.175,2,,4,3.65,0.05,Psycho Barrier,937,Full Power,,0.2,0,,,0.15,0.15,0.15,0.15,0.15,0.3,,-0.15,-0.15,-0.15,0.1,-0.05,-0.05,-0.05,0.15,0.05,0.05,,-0.1,-0.1,0.2,,,250,1,7,1.4
140,Full-Power Bojack,Power,7,31,1,0.920000029,0.920000029,0.920000029,4.5,2378.200075,0.920000029,0.079999971,,507,507,702,975,3198,3198,0.15,507,878,1625,1625,0.3,0.3,0.3,0.1,0.1,0.385,250,0,0.1,7,2,1.26,0,0.175,2,,4,3.65,0.15,Psycho Barrier,1030.7,Pump Up,,0.2,0,,Paralyze Ki-Blast,0.15,0.15,0.15,0.15,0.15,0.3,,-0.15,-0.15,-0.15,0.1,-0.05,-0.05,-0.05,0.15,0.05,0.05,,-0.1,-0.1,0.2,,,250,0.970000029,7,1.4
141,Janemba,Giant,5,23,1,0.630000007,0.9270000063,1.030000007,5,1628.550018,1.030000007,-0.030000007,0.1,604,604,748,0,2560,2560,0.05,604,2397,4438,1500,0.25,-0.05,-0.05,0.15,0.15,0.515,357,-0.05,0,2,2,1.6,0.05,0.15,2,,4,3.65,0.05,Mystic Breath,983.85,Howl,,,0,,Super Armor,0.2,2.5,-0.1,2.5,0.15,0.4,0.05,-0.1,-0.1,-0.15,,,0.1,0.1,-0.1,0.3,-0.1,,,,,,,375,0.930000007,8,1.6
142,Super Janemba,Almighty,7,31,1,1,1,1,4,2585,1,0,,488,488,675,938,3077,3077,0.15,488,844,1563,1563,0.25,0.25,0.25,0.25,0.25,0.265,313,0.25,0,10,3,0.99,0,0.225,2,,5,3.65,0.15,Mystic Breath,1171.25,Dimension Shift,,0.1,0,,Sword Super Movement High-Speed Movement,0.1,0.1,0.1,0.1,0.1,0.15,,0.1,0.1,,,0.1,0.1,0.1,0.1,,,,,-0.1,0.1,,0.1,250,1,5.5,1.1
143,Tapion,Speed,4,19,5,1.1,1.1,1.1,4,2843.5,1.1,-0.1,,371,371,513,713,2176.4,2339,0,371,540,1125,1125,-0.05,-0.1,-0.1,,0,0.125,250,0,0.05,4,2,1.4,0,0.175,2,,4,3.65,0,Hero's Flute,937,Afterimage,,,0,,Sword High-Speed Movement,-0.05,-0.2,-0.2,-0.1,-0.1,-0.25,,,,0.1,0.05,,,,-0.1,-0.1,-0.1,0.05,,,,,0.05,250,1,7,1.4
144,Hirudegarn,Giant,6,27,1,0.7,0.99,1.1,5,1809.5,1.1,-0.1,0.1,631,631,631,0,2524,2524,0.1,631,2430,4500,1563,0.3,0,0,0.2,0.2,0.515,375,0,0,3,4,1.6,0.05,0.15,2,,5,3.65,0.1,Explosive Wave,1030.7,Dark Eyes,,,0,,Super Armor,0.2,2.5,-0.1,2.5,0.15,0.4,0.05,-0.1,-0.1,-0.15,,,0.1,0.1,-0.1,0.3,-0.1,,,,,,,375,1,8,1.6
145,Baby Vegeta (GT),Normal,5,23,4,1,1,1,4,2585,1,0,,410,410,567,788,2462,2585,0.05,410,709,1313,1313,0.05,0.05,0.05,0.05,0.05,0.265,263,0.05,0,4,2,1.4,0,0.175,2,,5,3.65,0.05,Explosive Wave,983.85,High-Tension,,,0,,,,,,,,,,,,,,,,,,,,,,,,,,250,1,7,1.4
146,Super Baby 1 (GT),Normal,6,27,3,1,1,1,4,2585,1,0,,429,429,594,825,2620.2,2706,0.1,429,743,1375,1375,0.1,0.1,0.1,0.1,0.1,0.265,275,0.1,0,6,2,1.6,0,0.15,2,,5,3.65,0.1,Afterimage,,High-Tension,,,0,,Super Movement High-Speed Movement,,,,,,,,,,,,,,,,,,,,,,,,250,1,8,1.6
147,Super Baby 2 (GT),Almighty,7,31,1,1,1,1,4,2585,1,0,,488,488,675,938,3077,3077,0.15,488,844,1563,1563,0.25,0.25,0.25,0.25,0.25,0.265,313,0.25,0,10,2,1.44,0,0.15,2,,5,3.65,0.15,Explosive Wave,1171.25,Full Power,,0.1,0,,Super Movement High-Speed Movement,0.1,0.1,0.1,0.1,0.1,0.15,,0.1,0.1,,,0.1,0.1,0.1,0.1,,,,,-0.1,0.1,,0.1,250,1,8,1.6
148,Great Ape Baby (GT),Giant,7,31,1,0.599999976,0.8999999784,0.999999976,5,1550.999938,0.999999976,2.399999999e-8,0.1,657,657,813,0,2784,2784,0.15,657,2464,4563,1625,0.35,0.05,0.05,0.25,0.25,0.515,394,0.05,0,4,3,1.6,0.05,0.15,2,,5,3.65,0.15,Explosive Wave,1077.55,Howl,,,0,,Super Armor,0.2,2.5,-0.1,2.5,0.15,0.4,0.05,-0.1,-0.1,-0.15,,,0.1,0.1,-0.1,0.3,-0.1,,,,,,,375,0.899999976,8,1.6
149,Syn Shenron (GT),Power,7,31,1,0.930000019,0.930000019,0.930000019,4,2404.050049,0.930000019,0.069999981,,507,507,702,975,3198,3198,0.15,507,878,1625,1625,0.3,0.3,0.3,0.1,0.1,0.265,250,0,0.1,7,3,1.26,0,0.175,2,,5,3.65,0.15,Explosive Wave,1030.7,Mystic Breath,1030.7,0.2,0,,Super Movement High-Speed Movement,0.15,0.15,0.15,0.15,0.15,0.3,,-0.15,-0.15,-0.15,0.1,-0.05,-0.05,-0.05,0.15,0.05,0.05,,-0.1,-0.1,0.2,,,250,0.980000019,7,1.4
150,Omega Shenron (GT),Almighty,8,35,1,0.959999979,0.959999979,0.959999979,4.5,2481.599946,0.959999979,0.040000021,,507,507,702,975,3198,3198,0.2,507,878,1625,1625,0.3,0.3,0.3,0.3,0.3,0.265,325,0.3,0,9,4,1.26,0,0.175,2,,6,3.65,0.2,Wild Sense,1820,Power Up to the Very Limit,,0.1,0,,Super Movement High-Speed Movement,0.1,0.1,0.1,0.1,0.1,0.15,,0.1,0.1,,,0.1,0.1,0.1,0.1,,,,,-0.1,0.1,,0.1,250,0.959999979,7,1.4
151,Spopovich,Power,2,10,5,0.95,0.95,0.95,3.5,2455.75,0.95,0.05,,410,410,567,788,2405.3,2585,-0.1,410,709,1313,1313,0.05,0.05,0.05,-0.15,-0.15,0.385,188,-0.25,0.1,1,2,1.26,0,0.175,2,1,4,3.65,-0.1,A Servant's Latent Power,,Berserker,,0.2,0,,,0.15,0.15,0.15,0.15,0.15,0.3,,-0.15,-0.15,-0.15,0.1,-0.05,-0.05,-0.05,0.15,0.05,0.05,,-0.1,-0.1,0.2,,,250,1,7,1.4
152,Beerus,God,10,43,1,0.849999988,0.849999988,0.849999988,4.5,2197.249969,0.849999988,0.150000012,,566,566,783,1088,3569,3569,0.3,566,979,1625,1813,0.45,0.45,0.45,0.4,0.4,0.265,350,0.4,0,17,2,1.2,0,0.2,2,,6,3,0.3,Sleep,,Verdict of Destruction,,,0,,Super Movement High-Speed Movement,0.15,0.15,0.15,,0.15,0.15,,0.1,0.1,0.15,,0.1,0.1,0.1,0.15,0.1,0.1,-0.2,,,,,,250,0.949999988,6,1.2
153,Whis,God,10,43,1,0.849999988,0.849999988,0.849999988,4.5,2197.249969,0.849999988,0.150000012,,566,566,783,1088,3569,3569,0.3,566,979,1625,1813,0.45,0.45,0.45,0.4,0.4,0.265,350,0.4,0,18,3,1.1,0,0.225,2,,6,3,0.3,Barrier,1311.8,Snack Time,,,0,,Auto Dodge Super Movement High-Speed Movement,0.15,0.15,0.15,,0.15,0.15,,0.1,0.1,0.15,,0.1,0.1,0.1,0.15,0.1,0.1,-0.2,,,,,,250,0.949999988,5.5,1.1
154,Goku Black,Normal,5,23,4,1,1,1,4,2585,1,0,,410,410,567,788,2462,2585,0.05,410,709,1313,1313,0.05,0.05,0.05,0.05,0.05,0.265,263,0.05,0,7,2,1.4,0,0.175,2,,6,3.65,0.05,Wild Sense,1470,Finish Sign,,,0,,,,,,,,,,,,,,,,,,,,,,,,,,250,1,7,1.4
155,Goku Black Super Saiyan Rosé,Super Saiyan,8,35,1,1,1,1,4,2585,1,0,,515,594,713,991,3328,3328,0.2,515,891,1625,1625,0.32,0.3,0.3,0.3,0.3,0.265,330,0.32,0,9,2,1.76,-0.1,0.15,2,,6,3.65,0.2,Instant Transmission,,Audacious Laugh,,,-0.1,,Super Movement High-Speed Movement,0.12,0.12,0.12,0.1,0.1,0.1,-0.1,0.12,0.12,0.1,,0.1,0.1,0.1,0.1,,,,-0.1,0.1,,-0.1,,250,1,8,1.6
156,Zamasu,Villain,5,23,4,1,1,1,4,2585,1,0,,410,410,567,788,2462,2585,0.05,410,709,1500,1500,0.05,0.05,0.05,0.225,0.225,0.265,263,0.05,0,7,1,1.54,-0.1,0.175,2,,5,3.65,0.05,Immortal Body,,Afterimage Strike,,,-0.1,,,,,,0.15,0.15,,-0.1,,,,,0.1,0.175,0.175,,,,,-0.1,0.1,,-0.1,,250,1,7,1.4
157,Fused Zamasu,Villain,8,35,1,1,1,1,4.5,2585,1,0,,469,469,810,900,3117,3117,0.2,469,810,1688,1688,0.2,0.2,0.2,0.375,0.375,0.265,300,0.2,0,15,2,1.54,-0.1,0.175,2,,5,3.65,0.2,Immortal Body,,This is True Justice!,,,-0.1,,Super Movement High-Speed Movement,,,,0.15,0.15,,-0.1,,,,,0.1,0.175,0.175,,,,,-0.1,0.1,,-0.1,,250,1,7,1.4
158,Fused Zamasu Half-Corrupted,Fusion,9,39,1,0.920000029,0.920000029,0.920000029,4.5,2378.200075,0.920000029,0.079999971,,546,546,945,1050,3633,3633,0.25,546,932,1688,1688,0.38,0.35,0.35,0.35,0.35,0.385,345,0.38,0.1,16,3,1.76,-0.15,0.15,2,,6,3.65,0.25,Explosive Wave,1264.95,Light of Justice,,0.1,-0.15,,,0.13,0.13,0.13,0.1,0.1,0.15,-0.15,0.13,0.13,0.15,0.1,0.1,0.1,0.1,0.1,0.05,0.05,,-0.15,0.1,0.1,-0.15,0.1,250,0.970000029,8,1.6
159,Hit,Rival,8,35,1,1,1,1,4,2585,1,0,,508,508,588,1171,3283,3283,0.2,508,810,1438,1438,0.3,0.3,0.3,0.3,0.2,0.265,325,0.3,0,7,2,1.54,0,0.175,2,,5,3.65,0.2,Ki Clone,,Time Skip,,,0,,Super Movement High-Speed Movement,0.1,,0.1,-0.05,-0.05,-0.05,,0.1,,-0.05,,0.1,0.1,,0.1,,,,,0.1,,,,250,1,7,1.4
160,Frost,Ki-Blast,6,27,3,1.05,1.05,1.05,4,2714.25,1.05,-0.05,,390,390,540,750,2382,2460,0.1,390,675,1250,1250,0,0,0,0.1,0.1,0.265,313,0.25,-0.2,8,2,1.54,0,0.175,2,,6,3.65,0.1,Explosive Wave,1030.7,Welcome to My World,,-0.1,0,,Paralyze Ki-Blast,-0.1,-0.1,-0.1,-0.1,-0.1,-0.25,,0.15,0.15,0.1,-0.2,,,,-0.1,-0.05,-0.05,,0.1,0.1,-0.1,,0.05,250,1,7,1.4
161,Cabba,Normal,5,23,4,1,1,1,4,2585,1,0,,410,410,567,788,2462,2585,0.05,410,709,1313,1313,0.05,0.05,0.05,0.05,0.05,0.265,263,0.05,0,6,2,1.4,0,0.175,2,,5,3.65,0.05,Explosive Wave,983.85,Full Power,,,0,,,,,,,,,,,,,,,,,,,,,,,,,,250,1,7,1.4
162,Cabba Super Saiyan,Super Saiyan,6,27,3,1,1,1,4,2585,1,0,,476,476,659,915,2906.8,3002,0.1,476,824,1500,1500,0.22,0.2,0.2,0.2,0.2,0.265,305,0.22,0,8,2,1.54,-0.1,0.175,2,,5,3.65,0.1,Explosive Wave,1124.4,Wild Sense,1708,,-0.1,,,0.12,0.12,0.12,0.1,0.1,0.1,-0.1,0.12,0.12,0.1,,0.1,0.1,0.1,0.1,,,,-0.1,0.1,,-0.1,,250,1,7,1.4
163,Cabba Super Saiyan 2,Super Saiyan,7,31,1,1,1,1,4,2585,1,0,,496,496,686,953,3127,3127,0.15,496,858,1563,1563,0.27,0.25,0.25,0.25,0.25,0.265,318,0.27,0,9,2,1.54,-0.1,0.175,2,,5,3.65,0.15,Explosive Wave,1171.25,Growth,,,-0.1,,,0.12,0.12,0.12,0.1,0.1,0.1,-0.1,0.12,0.12,0.1,,0.1,0.1,0.1,0.1,,,,-0.1,0.1,,-0.1,,250,1,7,1.4
164,Caulifla,Normal,5,23,4,1,1,1,4,2585,1,0,,410,410,567,788,2462,2585,0.05,410,709,1313,1313,0.05,0.05,0.05,0.05,0.05,0.265,263,0.05,0,6,2,1.4,0,0.175,2,,6,3.65,0.05,False Courage,,Wild Sense,1470,,0,,,,,,,,,,,,,,,,,,,,,,,,,,250,1,7,1.4
165,Caulifla Super Saiyan 2,Super Saiyan,7,31,1,1,1,1,4,2585,1,0,,496,496,686,953,3127,3127,0.15,496,858,1563,1563,0.27,0.25,0.25,0.25,0.25,0.265,318,0.27,0,8,2,1.54,-0.1,0.175,2,,6,3.65,0.15,Wild Sense,1778,Full Power,,,-0.1,,,0.12,0.12,0.12,0.1,0.1,0.1,-0.1,0.12,0.12,0.1,,0.1,0.1,0.1,0.1,,,,-0.1,0.1,,-0.1,,250,1,7,1.4
166,Kale,Normal,5,23,4,1,1,1,4,2585,1,0,,410,410,567,788,2462,2585,0.05,410,709,1313,1313,0.05,0.05,0.05,0.05,0.05,0.265,263,0.05,0,6,1,1.4,0,0.175,2,,4,3.65,0.05,Full-Power Charge,,Going Berserk,,,0,,,,,,,,,,,,,,,,,,,,,,,,,,250,1,7,1.4
167,Kale Super Saiyan (Berserk),Legendary Super Saiyan,7,31,1,1.029999976,0.9269999784,1.029999976,4.5,2662.549938,1.029999976,-0.029999976,0.1,585,676,788,1125,3759,3759,0.15,585,1013,1875,1875,0.5,0.15,0.15,0.2,0.2,0.385,313,0.25,0,8,3,1.4,0,0.175,2,,6,3.65,0.15,Cry of Rage,781.25,Berserk Rage,,,0,,Super Armor,0.35,0.35,0.35,0.35,0.35,0.15,,0.1,0.1,,,0.1,0.05,0.05,,-0.13,-0.13,,,,,,,250,0.899999976,7,1.4
168,Kale Super Saiyan,Super Saiyan,6,27,3,1,1,1,4,2585,1,0,,476,476,659,915,2906.8,3002,0.1,476,824,1500,1500,0.22,0.2,0.2,0.2,0.2,0.385,305,0.22,0,8,3,1.54,-0.1,0.175,2,,6,3.65,0.1,Wild Sense,1708,Saiyan Spirit,,,-0.1,,,0.12,0.12,0.12,0.1,0.1,0.1,-0.1,0.12,0.12,0.1,,0.1,0.1,0.1,0.1,,,,-0.1,0.1,,-0.1,,250,1,7,1.4
169,Kefla,Fusion,6,27,3,0.95,0.95,0.95,5,2455.75,0.95,0.05,,480,480,665,923,2932,3028,0.1,480,831,1500,1500,0.23,0.2,0.2,0.2,0.2,0.265,308,0.23,0.1,10,2,1.54,-0.15,0.175,2,,5,3.65,0.1,Wild Sense,1722,High-Tension,,0.1,-0.15,,,0.13,0.13,0.13,0.1,0.1,0.15,-0.15,0.13,0.13,0.15,0.1,0.1,0.1,0.1,0.1,0.05,0.05,,-0.15,0.1,0.1,-0.15,0.1,250,1,7,1.4
170,Kefla Super Saiyan,Fusion,7,31,1,0.95,0.95,0.95,5,2455.75,0.95,0.05,,500,576,692,960,3228,3228,0.15,500,864,1563,1563,0.28,0.25,0.25,0.25,0.25,0.265,320,0.28,0.1,15,2,1.54,-0.15,0.175,2,,5,3.65,0.15,False Courage,,Finish Sign,,0.1,-0.15,,Super Movement High-Speed Movement,0.13,0.13,0.13,0.1,0.1,0.15,-0.15,0.13,0.13,0.15,0.1,0.1,0.1,0.1,0.1,0.05,0.05,,-0.15,0.1,0.1,-0.15,0.1,250,1,7,1.4
171,Kefla Super Saiyan 2,Fusion,8,35,1,0.95,0.95,0.95,5,2455.75,0.95,0.05,,519,519,719,998,3274,3274,0.2,519,898,1625,1625,0.33,0.3,0.3,0.3,0.3,0.265,333,0.33,0.1,20,2,1.54,-0.15,0.175,2,,6,3.65,0.2,Saiyan Spirit,,I'm Number One!,,0.1,-0.15,,Super Movement High-Speed Movement,0.13,0.13,0.13,0.1,0.1,0.15,-0.15,0.13,0.13,0.15,0.1,0.1,0.1,0.1,0.1,0.05,0.05,,-0.15,0.1,0.1,-0.15,0.1,250,1,7,1.4
172,Jiren,Rival,8,35,1,1,1,1,4,2585,1,0,,508,508,588,1171,3283,3283,0.2,508,810,1438,1438,0.3,0.3,0.3,0.3,0.2,0.265,325,0.3,0,10,2,1.54,0,0.175,2,,6,3.65,0.2,Ki Pressure,1218.1,Meditation,,,0,,High-Speed Movement,0.1,,0.1,-0.05,-0.05,-0.05,,0.1,,-0.05,,0.1,0.1,,0.1,,,,,0.1,,,,250,1,7,1.4
173,Jiren Full Power,Almighty,9,39,1,0.970000029,0.970000029,0.970000029,5,2507.450075,0.970000029,0.029999971,,608,609,729,1013,3486,3486,0.25,527,912,1688,1688,0.35,0.35,0.35,0.35,0.35,0.265,338,0.35,0,19,3,1.08,0,0.2,2,,6,3.65,0.25,Ki Storm,1264.95,Strength is Absolute!,,0.1,0,,Super Movement High-Speed Movement,0.1,0.1,0.1,0.1,0.1,0.15,,0.1,0.1,,,0.1,0.1,0.1,0.1,,,,,-0.1,0.1,,0.1,250,0.970000029,6,1.2
174,Toppo,Ki-Blast,7,31,1,1.05,1.05,1.05,4,2714.25,1.05,-0.05,,410,410,567,788,2585,2585,0.15,410,709,1313,1313,0.05,0.05,0.05,0.15,0.15,0.265,325,0.3,-0.2,999,2,1.54,0,0.175,2,,5,3.65,0.15,Justice!,,Pride Trooper Pose 1,,-0.1,0,,,-0.1,-0.1,-0.1,-0.1,-0.1,-0.25,,0.15,0.15,0.1,-0.2,,,,-0.1,-0.05,-0.05,,0.1,0.1,-0.1,,0.05,250,1,7,1.4
175,Toppo God of Destruction,God,8,35,1,0.849999988,0.849999988,0.849999988,5,2197.249969,0.849999988,0.150000012,,527,608,729,1013,3404,3404,0.2,527,912,1500,1688,0.35,0.35,0.35,0.3,0.3,0.265,325,0.3,0,999,3,1.2,0,0.2,2,,6,3,0.2,Resolution,,Hakai Aura,1218.1,,0,,,0.15,0.15,0.15,,0.15,0.15,,0.1,0.1,0.15,,0.1,0.1,0.1,0.15,0.1,0.1,-0.2,,,,,,250,0.949999988,6,1.2
176,Dyspo,Speed,6,27,3,1.200000024,1.200000024,1.200000024,4,3102.000062,1.200000024,-0.200000024,,410,410,567,788,2503,2585,0.1,410,608,1250,1250,0.05,0,0,0.1,0.1,0.075,275,0.1,0.05,6,1,1.4,0,0.175,2,,6,3.65,0.1,Super Maximum Light Speed Mode,,Pride Trooper Pose 2,,,0,,Super Movement High-Speed Movement,-0.05,-0.2,-0.2,-0.1,-0.1,-0.25,,,,0.1,0.05,,,,-0.1,-0.1,-0.1,0.05,,,,,0.05,250,1.100000024,7,1.4
177,Bergamo,Normal,5,23,4,1,1,1,4,2585,1,0,,410,410,567,788,2462,2585,0.05,410,709,1313,1313,0.05,0.05,0.05,0.05,0.05,0.265,263,0.05,0,7,2,1.4,0,0.175,2,,5,3.65,0.05,Howl,,Come at Me!,,,0,,,,,,,,,,,,,,,,,,,,,,,,,,250,1,7,1.4
178,Ribrianne,Power,5,23,4,0.999999952,0.999999952,0.999999952,4,2584.999876,0.999999952,4.799999997e-8,,468,468,648,900,2811.6,2952,0.05,468,810,1500,1500,0.2,0.2,0.2,,0,0.385,225,-0.1,0.1,7,2,1.26,0,0.175,2,,5,3.65,0.05,Light of Love,937,Maiden's Fury,,0.2,0,,Paralyze Ki-Blast,0.15,0.15,0.15,0.15,0.15,0.3,,-0.15,-0.15,-0.15,0.1,-0.05,-0.05,-0.05,0.15,0.05,0.05,,-0.1,-0.1,0.2,,,250,1.049999952,7,1.4
179,Kakunsa,Speed,5,23,4,1.200000024,1.200000024,1.200000024,4,3102.000062,1.200000024,-0.200000024,,390,390,540,750,2343,2460,0.05,390,574,1188,1188,0,-0.05,-0.05,0.05,0.05,0.075,263,0.05,0.05,5,2,1.4,0,0.175,2,,4,3.65,0.05,Wild Sense,1190,Maiden's Fury,,,0,,Super Movement High-Speed Movement,-0.05,-0.2,-0.2,-0.1,-0.1,-0.25,,,,0.1,0.05,,,,-0.1,-0.1,-0.1,0.05,,,,,0.05,250,1.100000024,7,1.4
180,Roasie,Ki-Blast,5,23,4,1.150000024,1.150000024,1.150000024,4,2972.750062,1.150000024,-0.150000024,,371,371,513,713,2227.7,2339,0.05,371,642,1188,1188,-0.05,-0.05,-0.05,0.05,0.05,0.265,300,0.2,-0.2,15,1,1.54,0,0.175,2,,4,3.65,0.05,Full-Power Charge,,Maiden's Fury,,-0.1,0,,,-0.1,-0.1,-0.1,-0.1,-0.1,-0.25,,0.15,0.15,0.1,-0.2,,,,-0.1,-0.05,-0.05,,0.1,0.1,-0.1,,0.05,250,1.100000024,7,1.4
181,Anilaza,Giant,8,35,1,0.630000007,0.9270000063,1.030000007,5,1628.550018,1.030000007,-0.030000007,0.1,683,683,846,0,2895,2895,0.2,683,2498,4625,1688,0.4,0.1,0.1,0.3,0.3,0.515,413,0.1,0,4,3,1.4,0.05,0.175,2,,5,3.65,0.2,Ultrasonic Sensor,,Howl,,,0,,Super Armor,0.2,2.5,-0.1,2.5,0.15,0.4,0.05,-0.1,-0.1,-0.15,,,0.1,0.1,-0.1,0.3,-0.1,,,,,,,375,0.930000007,7,1.4
182,Gohan (Super Hero),Normal,4,19,5,1,1,1,3.5,2585,1,0,,390,390,540,750,2289,2460,0,390,675,1250,1250,0,0,0,,0,0.265,250,0,0,5,2,1.4,0,0.175,2,,5,3.65,0,Afterimage,,Full-Power Charge,,,0,,,,,,,,,,,,,,,,,,,,,,,,,,250,1,7,1.4
183,Gohan (Super Hero) Super Saiyan,Super Saiyan,6,27,3,1,1,1,3.5,2585,1,0,,476,476,659,915,2906.8,3002,0.1,476,824,1500,1500,0.22,0.2,0.2,0.2,0.2,0.265,305,0.22,0,6,2,1.76,-0.1,0.15,2,,5,3.65,0.1,Explosive Wave,1124.4,Full-Power Charge,,,-0.1,,,0.12,0.12,0.12,0.1,0.1,0.1,-0.1,0.12,0.12,0.1,,0.1,0.1,0.1,0.1,,,,-0.1,0.1,,-0.1,,250,1,8,1.6
184,Ultimate Gohan (Super Hero),Almighty,8,35,1,1,1,1,4,2585,1,0,,508,508,703,976,3203,3203,0.2,508,878,1625,1625,0.3,0.3,0.3,0.3,0.3,0.265,325,0.3,0,9,2,1.26,0,0.175,2,,5,3.65,0.2,Wild Sense,1820,The Power to Rise Again,,0.1,0,,,0.1,0.1,0.1,0.1,0.1,0.15,,0.1,0.1,,,0.1,0.1,0.1,0.1,,,,,-0.1,0.1,,0.1,250,1,7,1.4
185,Gohan Beast,Secret,9,39,1,1,1,1,5,2585,1,0,,546,546,945,1134,3717,3717,0.25,546,945,1750,1750,0.4,0.4,0.4,0.4,0.4,0.265,313,0.25,0,15,2,1.32,0,0.2,2,,6,3.99,0.25,Beast Sense,1960,Guess It's My Turn,,0.2,-0.05,,,0.15,0.15,0.15,0.15,0.15,0.2,,,,0.2,,,0.15,0.15,0.15,,,-0.05,-0.1,0.1,0.2,-0.05,,250,1,6,1.2
186,Piccolo (Super Hero),Normal,5,23,4,1,1,1,4,2585,1,0,,410,410,567,788,2462,2585,0.05,410,709,1313,1313,0.05,0.05,0.05,0.05,0.05,0.265,263,0.05,0,7,2,1.4,0,0.175,2,,5,3.65,0.05,Wild Sense,1470,False Courage,,,0,,,,,,,,,,,,,,,,,,,,,,,,,,250,1,7,1.4
187,Piccolo (Super Hero) Power Awakening,Rival,6,27,3,1,1,1,4,2585,1,0,,469,469,648,900,2861.2,2955,0.1,469,743,1313,1313,0.2,0.2,0.2,0.2,0.1,0.265,300,0.2,0,9,2,1.54,0,0.175,2,,6,3.65,0.1,Wild Sense,1540,This Won't End the Same Way,,,0,,,0.1,,0.1,-0.05,-0.05,-0.05,,0.1,,-0.05,,0.1,0.1,,0.1,,,,,0.1,,,,250,1,7,1.4
188,Orange Piccolo,Almighty,8,35,1,0.980000019,0.980000019,0.980000019,4.5,2533.300049,0.980000019,0.019999981,,508,508,703,1054,3281,3281,0.2,508,878,1625,1625,0.3,0.3,0.3,0.3,0.3,0.265,325,0.3,0,7,3,1.26,0,0.175,2,,6,3.65,0.2,Pump Up,,That Shenron...,,0.1,0,,,0.1,0.1,0.1,0.1,0.1,0.15,,0.1,0.1,,,0.1,0.1,0.1,0.1,,,,,-0.1,0.1,,0.1,250,0.980000019,7,1.4
189,Orange Piccolo Giant Form,Giant,8,35,1,0.649999988,0.9449999892,1.049999988,5,1680.249969,1.049999988,-0.049999988,0.1,736,736,911,0,3119,3119,0.2,736,2498,4625,1688,0.4,0.1,0.1,0.3,0.3,0.5,413,0.1,0,6,3,1.6,0.05,0.15,2,,6,3.65,0.2,Explosive Wave,1124.4,Behave Yourself!,,,0,,,0.2,2.5,-0.1,2.5,0.15,0.4,0.05,-0.1,-0.1,-0.15,,,0.1,0.1,-0.1,0.3,-0.1,,,,,,,375,0.949999988,8,1.6
190,Gamma 1,Infinite Ki Android (Ki-Blast),7,31,1,1.05,1.05,1.05,4,2714.25,1.05,-0.05,,410,410,567,788,2585,2585,0.15,410,709,1313,1313,0.05,0.05,0.05,0.15,0.15,0.333,325,0.3,-0.2,999,3,0,0.3,0.2,5,1,4,3.65,0.15,Gamma Superhero Pose 1,,Android Barrier,1077.55,-0.1,0,,,-0.1,-0.1,-0.1,-0.1,-0.1,-0.25,0.3,0.15,0.15,0.1,-0.2,,,,-0.1,-0.05,-0.05,,0.1,0.1,-0.1,,0.05,250,1,,
191,Gamma 2,Infinite Ki Android (Ki-Blast),7,31,1,1.05,1.05,1.05,4,2714.25,1.05,-0.05,,410,410,567,788,2585,2585,0.15,410,709,1313,1313,0.05,0.05,0.05,0.15,0.15,0.333,325,0.3,-0.2,999,3,0,0.3,0.2,5,1,4,3.65,0.15,Gamma Superhero Pose 2,,Android Barrier,1077.55,-0.1,0,,,-0.1,-0.1,-0.1,-0.1,-0.1,-0.25,0.3,0.15,0.15,0.1,-0.2,,,,-0.1,-0.05,-0.05,,0.1,0.1,-0.1,,0.05,250,1,,
192,Cell Max,Giant,9,39,1,0.649999988,0.9449999892,1.049999988,5,1680.249969,1.049999988,-0.049999988,0.1,762,762,943,0,3229,3229,0.25,762,2532,4688,1750,0.45,0.15,0.15,0.35,0.35,0.5,432,0.15,0,4,4,1.6,0.05,0.15,2,,5,3.65,0.25,Explosive Wave,1171.25,Howl,,,0,,,0.2,2.5,-0.1,2.5,0.15,0.4,0.05,-0.1,-0.1,-0.15,,,0.1,0.1,-0.1,0.3,-0.1,,,,,,,375,0.949999988,8,1.6
193,Goku (Mini),Normal,4,19,5,1.100000024,1.100000024,1.100000024,4,2843.500062,1.100000024,-0.100000024,,780,390,540,750,2640,2850,0,390,675,1250,1250,0,0,0,,0,0.265,250,0,0,5,2,1.4,0,0.175,2,,5,3.65,0,Sleep,,Warm-up Exercise,,,0,,High-Speed Movement,,,,,,,,,,,,,,,,,,,,,,,,250,1.100000024,7,1.4
194,Goku (Mini) Super Saiyan,Super Saiyan,5,23,4,1,1,1,4,2585,1,0,,457,457,632,878,2743.9,2881,0.05,457,790,1438,1438,0.17,0.15,0.15,0.15,0.15,0.385,293,0.17,0,7,2,1.76,-0.1,0.15,2,,6,3.65,0.05,Afterimage,,Full Power,,,-0.1,,,0.12,0.12,0.12,0.1,0.1,0.1,-0.1,0.12,0.12,0.1,,0.1,0.1,0.1,0.1,,,,-0.1,0.1,,-0.1,,250,1,8,1.6
195,Goku (Mini) Super Saiyan 4,Super Saiyan,7,31,1,1,1,1,4,2585,1,0,,496,496,686,1023,3048.2,3197,0.15,496,858,1563,1563,0.27,0.25,0.25,0.25,0.25,0.265,318,0.27,0,8,1,1.76,-0.1,0.175,2,,5,3.65,0.15,Wild Sense,1778,Limit Breaker Power,,,-0.1,,,0.12,0.12,0.12,0.1,0.1,0.1,-0.1,0.12,0.12,0.1,,0.1,0.1,0.1,0.1,,,,-0.1,0.1,,-0.1,,250,1,8,1.6
196,Vegeta (Mini),Ki-Blast (Vegeta),4,19,5,1.150000024,1.150000024,1.150000024,4,2972.750062,1.150000024,-0.150000024,,351,351,486,675,2060.1,2214,0,351,608,1125,1125,-0.1,-0.1,-0.1,,0,0.385,225,-0.1,0,999,3,1.54,0,0.175,2,,5,3.65,0,Revive Bug,,Afterimage,,-0.1,0,,,-0.1,-0.1,-0.1,-0.1,-0.1,-0.25,,-0.1,0.15,0.1,,,,,-0.1,-0.05,-0.05,,0.1,0.1,-0.1,,0.05,250,1.100000024,7,1.4
197,Vegeta (Mini) Super Saiyan,Super Saiyan,5,23,4,1,1,1,4,2585,1,0,,457,457,632,878,2743.9,2881,0.05,457,790,1438,1438,0.17,0.15,0.15,0.15,0.15,0.385,293,0.17,0,999,2,1.76,-0.1,0.15,2,,6,3.65,0.05,Saiyan Spirit,,Afterimage,,,-0.1,,,0.12,0.12,0.12,0.1,0.1,0.1,-0.1,0.12,0.12,0.1,,0.1,0.1,0.1,0.1,,,,-0.1,0.1,,-0.1,,250,1,8,1.6
198,Vegeta (Mini) Super Saiyan 2,Super Saiyan,6,27,3,1,1,1,4,2585,1,0,,476,476,659,915,2906.8,3002,0.1,476,824,1500,1500,0.22,0.2,0.2,0.2,0.2,0.385,305,0.22,0,999,2,1.76,-0.1,0.15,2,,6,3.65,0.1,Explosive Wave,1124.4,Afterimage Strike,,,-0.1,,,0.12,0.12,0.12,0.1,0.1,0.1,-0.1,0.12,0.12,0.1,,0.1,0.1,0.1,0.1,,,,-0.1,0.1,,-0.1,,250,1,8,1.6
199,Vegeta (Mini) Super Saiyan 3,Super Saiyan,7,31,1,1,1,1,4,2585,1,0,,496,496,686,953,3127,3127,0.15,496,858,1563,1563,0.27,0.25,0.25,0.25,0.25,0.385,318,0.27,0,999,2,1.76,-0.1,0.15,2,,5,3.65,0.15,Wild Sense,1778,Special Training Results,,,-0.1,,,0.12,0.12,0.12,0.1,0.1,0.1,-0.1,0.12,0.12,0.1,,0.1,0.1,0.1,0.1,,,,-0.1,0.1,,-0.1,,250,1,8,1.6
200,Glorio,Normal,4,19,5,1,1,1,4,2585,1,0,,390,390,540,750,2289,2460,0,390,675,1250,1250,0,0,0,,0,0.385,250,0,0,6,2,1.4,0,0.175,2,,4,3.65,0,Spark Bind,625,Thunder Charge,,,0,,,,,,,,,,,,,,,,,,,,,,,,,,250,1,7,1.4
201,Panzy,Skill-User,2,10,5,1.200000048,1.200000048,1.200000048,3,3102.000124,1.200000048,-0.200000048,,305,305,422,585,1788.3,1922,-0.1,305,527,975,975,-0.22,-0.22,-0.22,-0.22,-0.2,0.1578,195,-0.22,0,5,1,1.47,0,0.175,2,2,4,4.8,-0.1,Wasabi Bomb,562.5,Last Chance Full Power,,0.05,0,,,-0.12,-0.12,-0.12,-0.12,-0.12,-0.15,,-0.12,-0.12,,,,-0.12,-0.1,-0.12,,,0.3,0.5,0.05,0.05,,,250,1.200000048,7,1.4
202,Majin Kuu,Normal,5,23,4,1,1,1,4,2585,1,0,,410,410,567,788,2462,2585,0.05,410,709,1313,1313,0.05,0.05,0.05,0.05,0.05,0.385,263,0.05,0,8,2,1.4,0,0.175,2,,6,3.65,0.05,Snack Time,,Majin Power,,,0,,,,,,,,,,,,,,,,,,,,,,,,,,250,1,7,1.4
203,Goku (DAIMA) Super Saiyan 4,Super Saiyan,8,35,1,1,1,1,4,2585,1,0,,594,594,713,991,3407,3407,0.2,515,891,1625,1625,0.32,0.3,0.3,0.3,0.3,0.265,330,0.32,0,8,1,1.76,-0.1,0.15,2,,5,3.65,0.2,Saiyan Burst,N/A,Limit Breaker Power,,,-0.1,,,0.12,0.12,0.12,0.1,0.1,0.1,-0.1,0.12,0.12,0.1,,0.1,0.1,0.1,0.1,,,,-0.1,0.1,,-0.1,,250,1,8,1.6
204,Vegeta (DAIMA) Super Saiyan 3,Super Saiyan,7,31,1,1,1,1,4,2585,1,0,,496,496,686,953,3127,3127,0.15,496,858,1563,1563,0.27,0.25,0.25,0.25,0.25,0.265,318,0.27,0,999,1,1.76,-0.1,0.15,2,,5,3.65,0.15,Saiyan Burst,N/A,Limit Breaker Power,,,-0.1,,,0.12,0.12,0.12,0.1,0.1,0.1,-0.1,0.12,0.12,0.1,,0.1,0.1,0.1,0.1,,,,-0.1,0.1,,-0.1,,250,1,8,1.6
205,Majin Duu,Power,7,31,1,0.909999979,0.909999979,0.909999979,4,2352.349946,0.909999979,0.090000021,,507,507,702,975,3045.9,3198,0.15,507,878,1625,1625,0.3,0.3,0.3,0.1,0.1,0.38125,250,0,0.1,6,2,1.26,0,0.175,2,,4,3.65,0.15,Powerful Shout,687.5,Snack Time,,0.2,0,,,0.15,0.15,0.15,0.15,0.15,0.3,,-0.15,-0.15,-0.15,0.1,-0.05,-0.05,-0.05,0.15,0.05,0.05,,-0.1,-0.1,0.2,,,250,0.959999979,7,1.4
206,Third Eye Gomah,Power,7,31,1,0.909999979,0.909999979,0.909999979,4,2352.349946,0.909999979,0.090000021,,507,507,702,975,3045.9,3198,0.15,507,878,1625,1625,0.3,0.3,0.3,0.1,0.1,0.3875,250,0,0.1,10,2,1.26,0,0.175,2,,4,3.65,0.15,Magic Bind,687.5,Third Eye Barrier,1030.7,0.2,0,,,0.15,0.15,0.15,0.15,0.15,0.3,,-0.15,-0.15,-0.15,0.1,-0.05,-0.05,-0.05,0.15,0.05,0.05,,-0.1,-0.1,0.2,,,250,0.959999979,7,1.4
207,Giant Gomah,Giant,8,35,1,0.649999988,0.9449999892,1.049999988,4,1680.249969,1.049999988,-0.049999988,0.1,683,683,846,2415,5310,5310,0.2,683,2498,4625,1688,0.4,0.1,0.1,0.3,0.3,0.5083,413,0.1,0,4,1,1.6,0.05,0.15,2,,5,3.65,0.2,Third Eye Heal,,Third Eye Enhance,,,0,,,0.2,2.5,-0.1,2.5,0.15,0.4,0.05,-0.1,-0.1,-0.15,,,0.1,0.1,-0.1,0.3,-0.1,,,,,,,375,0.949999988,8,1.6
208,Shallot,Normal,5,23,4,1,1,1,4,2585,1,0,,410,410,567,788,2462,2585,0.05,410,709,1313,1313,0.05,0.05,0.05,0.05,0.05,0.265,263,0.05,0,8,2,1.4,0,0.175,2,,6,3.65,0.05,Wild Sense,1470,Ancient Soul,,,0,,,,,,,,,,,,,,,,,,,,,,,,,,250,1,7,1.4
209,Nam,Skill-User,2,10,5,1.100000024,1.100000024,1.100000024,3,2843.500062,1.100000024,-0.100000024,,305,305,422,585,1830.5,1922,-0.1,305,527,975,975,-0.22,-0.22,-0.22,-0.22,-0.2,,195,-0.22,0,,2,1.68,0,0.15,2,1,4,4.8,-0.1,Afterimage,,For the Villagers,N/A,0.05,0,,,-0.12,-0.12,-0.12,-0.12,-0.12,-0.15,,-0.12,-0.12,,,,-0.12,-0.1,-0.12,,,0.3,0.5,0.05,0.05,,,250,1.100000024,8,1.6
210,Eighter,Infinite Ki Android (Normal),2,10,5,0.959999979,0.959999979,0.959999979,4,2481.599946,0.959999979,0.040000021,,351,351,486,675,2108.7,2214,-0.1,351,608,1125,1125,-0.1,-0.1,-0.1,-0.1,-0.1,,225,-0.1,0,,3,0,0.3,0.17,5,1,4,3.65,-0.1,False Courage,,Howl,,,0,,,,,,,,,0.3,,,,,,,,,,,,,,,,,250,0.959999979,,
211,General Blue,Normal,2,10,5,1.100000024,1.100000024,1.100000024,3,2843.500062,1.100000024,-0.100000024,,351,405,486,675,2157.3,2268,-0.1,351,608,1125,1125,-0.1,-0.1,-0.1,-0.1,-0.1,,225,-0.1,0,,2,1.6,0,0.15,2,2,4,3.65,-0.1,Telekinesis,562.5,I'm the Worst!,N/A,,0,,,,,,,,,,,,,,,,,,,,,,,,,,250,1.100000024,8,1.6
212,Mercenary Tao,Normal,2,10,5,1,1,1,3.5,2585,1,0,,406,351,486,675,2158.2,2269,-0.1,351,608,1125,1125,-0.1,-0.1,-0.1,-0.1,-0.1,,225,-0.1,0,3,1,1.4,0,0.175,2,2,4,3.65,-0.1,False Courage,,Wild Sense,1260,,0,,,,,,,,,,,,,,,,,,,,,,,,,,250,1,7,1.4
213,Spike the Devil Man,Normal,2,10,5,1,1,1,3,2585,1,0,,351,351,485,676,2108.7,2214,-0.1,351,608,1125,1125,-0.1,-0.1,-0.1,-0.1,-0.1,,225,-0.1,0,4,2,1.4,0,0.175,2,2,5,3.65,-0.1,Paralyze Beam,562.5,False Courage,,,0,,,,,,,,,,,,,,,,,,,,,,,,,,250,1,7,1.4
214,Grandpa Gohan,Skill-User,2,10,5,1,1,1,3,2585,1,0,,352,352,422,585,1915.1,2016,-0.1,305,527,975,975,-0.22,-0.22,-0.22,-0.22,-0.2,,195,-0.22,0,3,3,1.47,0,0.175,2,2,4,4.8,-0.1,Afterimage Strike,,Sleep,,0.05,0,,,-0.12,-0.12,-0.12,-0.12,-0.12,-0.15,,-0.12,-0.12,,,,-0.12,-0.1,-0.12,,,0.3,0.5,0.05,0.05,,,250,1,7,1.4
215,Demon King Piccolo,Ki-Blast,4,19,5,1.05,1.05,1.05,4,2714.25,1.05,-0.05,,351,351,486,675,2108.7,2214,0,351,608,1125,1125,-0.1,-0.1,-0.1,,0,,288,0.15,-0.2,6,3,1.54,0,0.175,2,,5,3.65,0,Paralyze Beam,625,Full Power,,-0.1,0,,,-0.1,-0.1,-0.1,-0.1,-0.1,-0.25,,0.15,0.15,0.1,-0.2,,,,-0.1,-0.05,-0.05,,0.1,0.1,-0.1,,0.05,250,1,7,1.4
216,Goku (World Tournament),Normal,3,15,5,1,1,1,4,2585,1,0,,371,371,513,713,2227.7,2339,-0.05,371,642,1188,1188,-0.05,-0.05,-0.05,-0.05,-0.05,,238,-0.05,0,5,2,1.4,0,0.175,2,,6,3.65,-0.05,Solar Flare,,Wild Sense,1330,,0,,,,,,,,,,,,,,,,,,,,,,,,,,250,1,7,1.4
217,Tien (World Tournament),Rival,3,15,5,1,1,1,4,2585,1,0,,410,410,567,788,2462,2585,-0.05,410,642,1125,1125,0.05,0.05,0.05,0.05,-0.05,,263,0.05,0,5,2,1.54,0,0.175,2,,4,3.65,-0.05,Solar Flare,,Finish Sign,,,0,,,0.1,,0.1,-0.05,-0.05,-0.05,,0.1,,-0.05,,0.1,0.1,,0.1,,,,,0.1,,,,250,1,7,1.4
218,Chi-Chi,Skill-User,2,10,5,1.100000024,1.100000024,1.100000024,3,2843.500062,1.100000024,-0.100000024,,305,305,422,585,1830.5,1922,-0.1,305,527,975,975,-0.22,-0.22,-0.22,-0.22,-0.2,,195,-0.22,0,,3,1.47,0,0.175,2,1,5,4.8,-0.1,Maiden's Temper,N/A,Maiden's Passion,N/A,0.05,0,,,-0.12,-0.12,-0.12,-0.12,-0.12,-0.15,,-0.12,-0.12,,,,-0.12,-0.1,-0.12,,,0.3,0.5,0.05,0.05,,,250,1.100000024,7,1.4
219,Ma Junior,Villain,3,15,5,1,1,1,4,2585,1,0,,371,371,513,713,2227.7,2339,-0.05,371,642,1375,1375,-0.05,-0.05,-0.05,0.125,0.125,,238,-0.05,0,5,2,1.54,-0.1,0.175,2,,5,3.65,-0.05,Paralyze Beam,656.25,Wild Sense,1330,,-0.1,,,,,,0.15,0.15,,-0.1,,,,,0.1,0.175,0.175,,,,,-0.1,0.1,,-0.1,,250,1,7,1.4
220,Ma Junior Giant Form,Giant,4,19,1,0.649999988,0.9449999892,1.049999988,4.5,1680.249969,1.049999988,-0.049999988,0.1,578,578,715,0,2275.6,2449,0,578,2363,4375,1438,0.2,-0.1,-0.1,0.1,0.1,,338,-0.1,0,3,2,1.6,0.05,0.15,2,,5,3.65,0,Full-Power Charge,,Pump Up,,,0,,,0.2,2.5,-0.1,2.5,0.15,0.4,0.05,-0.1,-0.1,-0.15,,,0.1,0.1,-0.1,0.3,-0.1,,,,,,,375,0.949999988,8,1.6
221,Salza,Normal,4,19,5,1,1,1,4,2585,1,0,,390,390,540,750,2343,2460,0,390,675,1250,1250,0,0,0,,0,,250,0,0,5,2,1.4,0,0.175,2,,4,3.65,0,Explosive Wave,937,Finish Sign,,,0,,,,,,,,,,,,,,,,,,,,,,,,,,250,1,7,1.4
222,Zangya,Speed,4,19,5,1.220000005,1.220000005,1.220000005,4,3153.700013,1.220000005,-0.220000005,,371,371,513,713,2227.7,2339,0,371,540,1125,1125,-0.05,-0.1,-0.1,,0,,250,0,0.05,6,3,1.4,0,0.175,2,1,5,3.65,0,Psycho Thread,N/A,Wild Sense,1120,,0,,,-0.05,-0.2,-0.2,-0.1,-0.1,-0.25,,,,0.1,0.05,,,,-0.1,-0.1,-0.1,0.05,,,,,0.05,250,1.120000005,7,1.4
223,Pikkon,Normal,6,27,3,1,1,1,4,2585,1,0,,429,429,594,825,2577.3,2706,+10.00%,429,743,1375,1375,0.1,0.1,0.1,0.1,0.1,,275,0.1,0,6,2,1.4,0,0.175,2,,5,3.65,+10.00%,Wild Sense,1540,High-Tension,,,0,,,,,,,,,,,,,,,,,,,,,,,,,,250,1,7,1.4
224,Supreme Kai,God,4,19,5,0.9,0.9,0.9,4,2326.5,0.9,0.1,,449,449,621,863,2696.3,2831,0,449,777,1250,1438,0.15,0.15,0.15,0.1,0.1,,275,0.1,0,7,2,1.4,0,0.175,2,,5,3,0,Afterimage Strike,,Shockwave,N/A,,0,,,0.15,0.15,0.15,,0.15,0.15,,0.1,0.1,0.15,,0.1,0.1,0.1,0.15,0.1,0.1,-0.2,,,,,,250,1,7,1.4
225,Mighty Mask,Normal,3,15,5,1,1,1,4,2585,1,0,,371,429,513,713,2279.9,2397,-0.05,371,642,1188,1188,-0.05,-0.05,-0.05,-0.05,-0.05,,238,-0.05,0,4,1,1.4,0,0.175,2,2,6,3.65,-0.05,False Courage,,Finish Sign,,,0,,,,,,,,,,,,,,,,,,,,,,,,,,250,1,7,1.4
226,Uub (Kid),Skill-User,2,10,5,1.100000024,1.100000024,1.100000024,3.5,2843.500062,1.100000024,-0.100000024,,305,305,422,585,1830.5,1922,-0.1,305,527,975,975,-0.22,-0.22,-0.22,-0.22,-0.2,,195,-0.22,0,,2,1.47,0,0.175,2,2,4,4.8,-0.1,False Courage,,Anger Boost,N/A,0.05,0,,,-0.12,-0.12,-0.12,-0.12,-0.12,-0.15,,-0.12,-0.12,,,,-0.12,-0.1,-0.12,,,0.3,0.5,0.05,0.05,,,250,1.100000024,7,1.4
227,King Vegeta,Normal,4,19,5,1,1,1,4,2585,1,0,,390,390,540,750,2343,2460,0,390,675,1250,1250,0,0,0,,0,,250,0,0,8,2,1.4,0,0.175,2,,5,3.65,0,Explosive Wave,937,King of Saiyans,N/A,,0,,,,,,,,,,,,,,,,,,,,,,,,,,250,1,7,1.4
228,Fasha,Speed,3,15,5,1.200000024,1.200000024,1.200000024,4,3102.000062,1.200000024,-0.200000024,,351,351,486,675,2108.7,2214,-0.05,351,507,1063,1063,-0.1,-0.15,-0.15,-0.05,-0.05,,238,-0.05,0.05,5,2,1.4,0,0.175,2,,5,3.65,-0.05,Wild Sense,1050,Saiyan Spirit,,,0,,,-0.05,-0.2,-0.2,-0.1,-0.1,-0.25,,,,0.1,0.05,,,,-0.1,-0.1,-0.1,0.05,,,,,0.05,250,1.100000024,7,1.4
229,Tora,Normal,3,15,5,1,1,1,4,2585,1,0,,371,371,513,713,2227.7,2339,-0.05,371,642,1188,1188,-0.05,-0.05,-0.05,-0.05,-0.05,,238,-0.05,0,7,2,1.4,0,0.175,2,,5,3.65,-0.05,Full Power,,Saiyan Spirit,,,0,,,,,,,,,,,,,,,,,,,,,,,,,,250,1,7,1.4
230,Bardock Super Saiyan,Super Saiyan,6,27,3,1,1,1,4,2585,1,0,,476,476,659,915,2859.2,3002,+10.00%,476,824,1500,1500,0.22,0.2,0.2,0.2,0.2,,305,0.22,0,8,2,1.54,-0.1,0.175,2,,5,3.65,+10.00%,Shockwave of Rebellion,1124.4,Super Saiyan Spirit,N/A,,-0.1,,,0.12,0.12,0.12,0.1,0.1,0.1,-0.1,0.12,0.12,0.1,,0.1,0.1,0.1,0.1,,,,-0.1,0.1,,-0.1,,250,1,7,1.4
231,Chilled,Villain,5,23,4,1.100000024,1.100000024,1.100000024,4,2843.500062,1.100000024,-0.100000024,,410,410,567,788,2462,2585,+5.00%,410,709,1500,1500,0.05,0.05,0.05,0.225,0.225,,263,0.05,0,10,1,1.54,-0.1,0.175,2,,6,3.65,+5.00%,Psychokinesis,718.75,Finish Sign,,,-0.1,,,,,,0.15,0.15,,-0.1,,,,,0.1,0.175,0.175,,,,,-0.1,0.1,,-0.1,,250,1.100000024,7,1.4
232,Jaco,Ki-Blast,3,15,5,1.150000024,1.150000024,1.150000024,3.5,2972.750062,1.150000024,-0.150000024,,332,332,459,638,1993.4,2093,-0.05,332,574,1063,1063,-0.15,-0.15,-0.15,-0.05,-0.05,,275,0.1,-0.2,4,2,1.54,0,0.175,2,1,5,3.65,-0.05,Elite Flash,N/A,Elite Pose,N/A,-0.1,0,,,-0.1,-0.1,-0.1,-0.1,-0.1,-0.25,,0.15,0.15,0.1,-0.2,,,,-0.1,-0.05,-0.05,,0.1,0.1,-0.1,,0.05,250,1.100000024,7,1.4
233,Champa,God,10,43,1,0.849999988,0.849999988,0.849999988,4.5,2197.249969,0.849999988,0.150000012,,566,566,783,1088,3399.2,3569,+30.00%,566,979,1625,1813,0.45,0.45,0.45,0.4,0.4,,350,0.4,0,16,3,1.2,0,0.2,2,,6,3,+30.00%,Sleep,,Fury,N/A,,0,,,0.15,0.15,0.15,,0.15,0.15,,0.1,0.1,0.15,,0.1,0.1,0.1,0.15,0.1,0.1,-0.2,,,,,,250,0.949999988,6,1.2
234,Cheelai,Skill-User,3,15,5,1.200000048,1.200000048,1.200000048,3.5,3102.000124,1.200000048,-0.200000048,,324,324,449,623,1946.8,2044,-0.05,324,561,1038,1038,-0.17,-0.17,-0.17,-0.17,-0.15,,208,-0.17,0,5,1,1.47,0,0.175,2,2,4,4.8,-0.05,Flash Blast,N/A,False Courage,,0.05,0,,,-0.12,-0.12,-0.12,-0.12,-0.12,-0.15,,-0.12,-0.12,,,,-0.12,-0.1,-0.12,,,0.3,0.5,0.05,0.05,,,250,1.200000048,7,1.4
235,Vegeta (GT),Ki-Blast,5,23,4,1.05,1.05,1.05,4,2714.25,1.05,-0.05,,371,371,513,713,2227.7,2339,+5.00%,371,642,1188,1188,-0.05,-0.05,-0.05,0.05,0.05,,300,0.2,-0.2,999,2,1.76,0,0.175,2,,5,3.65,+5.00%,Explosive Wave,983.85,False Courage,,-0.1,0,,,-0.1,-0.1,-0.1,-0.1,-0.1,-0.25,,0.15,0.15,0.1,-0.2,,,,-0.1,-0.05,-0.05,,0.1,0.1,-0.1,,0.05,250,1,8,1.6
236,Vegeta (GT) Super Saiyan,Ki-Blast,6,27,3,1.05,1.05,1.05,4,2714.25,1.05,-0.05,,476,476,659,915,2859.2,3002,+10.00%,476,675,1250,1250,0,0,0,0.1,0.1,,313,0.25,-0.2,999,2,1.76,0,0.15,2,,5,3.65,+10.00%,Afterimage,,Saiyan Who Calls Earth Home,N/A,-0.1,0,,,-0.1,-0.1,-0.1,-0.1,-0.1,-0.25,,0.15,0.15,0.1,-0.2,,,,-0.1,-0.05,-0.05,,0.1,0.1,-0.1,,0.05,250,1,8,1.6
237,Trunks (GT),Normal,4,19,5,1,1,1,4,2585,1,0,,390,390,540,750,2343,2460,0,390,675,1250,1250,0,0,0,,0,,250,0,0,6,2,1.4,0,0.175,2,,5,3.65,0,Afterimage,,Finish Sign,,,0,,,,,,,,,,,,,,,,,,,,,,,,,,250,1,7,1.4
238,Trunks (GT) Super Saiyan,Super Saiyan,5,23,4,1,1,1,4,2585,1,0,,457,457,632,878,2743.9,2881,+5.00%,457,790,1438,1438,0.17,0.15,0.15,0.15,0.15,,293,0.17,0,6,2,1.54,-0.1,0.15,2,,5,3.65,+5.00%,Explosive Wave,1077.55,Power Up to the Very Limit,,,-0.1,,,0.12,0.12,0.12,0.1,0.1,0.1,-0.1,0.12,0.12,0.1,,0.1,0.1,0.1,0.1,,,,-0.1,0.1,,-0.1,,250,1,7,1.4
239,Hell Fighter 17,Infinite Ki Android (Ki-Blast),5,23,4,1.05,1.05,1.05,4,2714.25,1.05,-0.05,,371,371,513,713,2227.7,2339,+5.00%,371,642,1188,1188,-0.05,-0.05,-0.05,0.05,0.05,,300,0.2,-0.2,6,3,0,0.3,0.18,5,1,4,3.65,+5.00%,Android Barrier,983.85,High-Tension,,-0.1,0,,,-0.1,-0.1,-0.1,-0.1,-0.1,-0.25,0.3,0.15,0.15,0.1,-0.2,,,,-0.1,-0.05,-0.05,,0.1,0.1,-0.1,,0.05,250,1,,
240,Super 17 (GT),Infinite Ki Android (Ki-Blast),8,35,1,1.05,1.05,1.05,4.5,2714.25,1.05,-0.05,,429,495,594,825,2636.7,2772,+20.00%,429,743,1375,1375,0.1,0.1,0.1,0.2,0.2,,338,0.35,-0.2,6,4,0,0.3,0.17,5,1,4,3.65,+20.00%,Android Barrier,1124.4,Pump Up,,-0.1,0,,,-0.1,-0.1,-0.1,-0.1,-0.1,-0.25,0.3,0.15,0.15,0.1,-0.2,,,,-0.1,-0.05,-0.05,,0.1,0.1,-0.1,,0.05,250,1,,
241,Nuova Shenron (GT),Speed,7,31,1,1.1,1.1,1.1,4,2843.5,1.1,-0.1,,429,496,594,825,2637.6,2773,+15.00%,429,642,1313,1313,0.1,0.05,0.05,0.15,0.15,,288,0.15,0.05,7,2,1.4,0,0.175,2,,5,3.65,+15.00%,Instant Transmission,,Explosive Wave,1077.55,,0,,,-0.05,-0.2,-0.2,-0.1,-0.1,-0.25,,,,0.1,0.05,,,,-0.1,-0.1,-0.1,0.05,,,,,0.05,250,1,7,1.4
