character,slot,blastSkillName,EngType,bImpossibleGuard,bNonLockUsable,category,trait1,trait2,trait3,trait4,lungeSpeed,kiCost,blastImpact,blastImpactPower
Android 13,Blast1Data,Full-Power Energy Wave,Energy Projectile/Beam,FALSE,TRUE,Beam,Ki Required,,,,0,30000,TRUE,5
Android 13,Blast2Data,Silent Assassin 13,Charging Melee Attack,FALSE,FALSE,Rush,Ki Required,,Played after a hit,,8750,30000,TRUE,0
Android 13,UltimateData,,Energy Projectile/Beam,FALSE,TRUE,,,,,,0,50000,TRUE,8
Android 16,Blast1Data,Hell's Impact,Energy Projectile/Beam,FALSE,TRUE,Fire,Ki Required,,,,0,30000,FALSE,0
Android 16,Blast2Data,Hell Flash,Throw,TRUE,FALSE,Rush,Ki Required,Unguardable,Played after a hit,,8750,40000,TRUE,0
Android 16,UltimateData,,Charging Melee Attack,TRUE,FALSE,,,,,,8750,50000,TRUE,0
Android 17 (Super),Blast1Data,High Power Blitz,Energy Projectile/Beam,FALSE,TRUE,Beam,Ki Required,,,,0,30000,TRUE,5
Android 17 (Super),Blast2Data,Super Electric Strike,Energy Projectile/Beam,FALSE,TRUE,Fire,Ki Required,,,,0,30000,FALSE,0
Android 17 (Super),UltimateData,,Charging Melee Attack,FALSE,FALSE,,,,,,8750,50000,TRUE,0
Android 17 (Z),Blast1Data,Full-Power Energy Ball,Energy Projectile/Beam,FALSE,TRUE,Fire,Ki Required,,,,0,30000,FALSE,0
Android 17 (Z),Blast2Data,Photon Flash,Energy Projectile/Beam,FALSE,TRUE,Beam,Ki Required,,,,0,30000,TRUE,5
Android 17 (Z),UltimateData,,Charging Melee Attack,FALSE,FALSE,,,,,,8750,50000,TRUE,0
Android 17 (Z),ULT2,,Charging Melee Attack,FALSE,FALSE,,,,,,8750,50000,TRUE,0
Android 18,Blast1Data,Infinity Bullet,Energy Projectile/Beam,FALSE,TRUE,Continuous Fire,Ki Required,,,,0,20000,FALSE,0
Android 18,Blast2Data,Energy Wave,Energy Projectile/Beam,FALSE,TRUE,Beam,Ki Required,,,,0,30000,TRUE,5
Android 18,UltimateData,,Charging Melee Attack,FALSE,FALSE,,,,,,8750,50000,TRUE,0
Android 18,SPM3,,,,,,,,,,0,0,FALSE,0
Android 19,Blast1Data,Full-Power Energy Wave,Energy Projectile/Beam,FALSE,TRUE,Beam,Ki Required,,,,0,30000,TRUE,5
Android 19,Blast2Data,High Power Rush,Charging Melee Attack,FALSE,FALSE,Rush,Ki Required,,Played after a hit,,10000,30000,TRUE,0
Android 19,UltimateData,,Charging Melee Attack,FALSE,FALSE,,,,,,8750,50000,TRUE,0
Android 20,Blast1Data,Full-Power Energy Wave,Energy Projectile/Beam,FALSE,TRUE,Beam,Ki Required,,,,0,30000,TRUE,5
Android 20,Blast2Data,Bionic Punisher,Energy Projectile/Beam,FALSE,TRUE,Mow down and explode,Ki Required,,,,0,30000,FALSE,0
Android 20,UltimateData,,Charging Melee Attack,FALSE,FALSE,,,,,,8750,50000,TRUE,0
Anilaza,Blast1Data,Warp Punch,Throw,FALSE,FALSE,Rush,Ki Required,,Played after a hit,,8750,40000,FALSE,0
Anilaza,Blast2Data,Spread Energy Blast,Energy Projectile/Beam,FALSE,TRUE,Simultaneous Fire,Ki Required,,,,0,30000,FALSE,0
Anilaza,UltimateData,,Energy Projectile/Beam,FALSE,TRUE,,,,,,0,50000,TRUE,8
Announcer,Blast1Data,None,Energy Projectile/Beam,FALSE,FALSE,,,,,,0,30000,FALSE,0
Announcer,Blast2Data,Kaioken Attack,Charging Melee Attack,FALSE,FALSE,Rush,Ki Required,,Played after a hit,,8750,30000,TRUE,0
Announcer,UltimateData,,Energy Projectile/Beam,TRUE,TRUE,,,,,,0,50000,TRUE,12
Babidi,Blast1Data,Pui Pui Nice Shot,Charging Melee Attack,FALSE,FALSE,Rush,Ki Required,,Played after a hit,,8750,30000,TRUE,0
Babidi,Blast2Data,Ultimate Explosive Power,Energy Projectile/Beam,FALSE,FALSE,Attack opponent's location,Ki Required,,,,0,40000,FALSE,0
Babidi,UltimateData,,Energy Projectile/Beam,TRUE,TRUE,,,,,,0,50000,FALSE,0
Baby Vegeta (GT),Blast1Data,Galick Gun,Energy Projectile/Beam,FALSE,TRUE,Beam,Ki Required,,,,0,30000,TRUE,5
Baby Vegeta (GT),Blast2Data,Finger Blitz Barrage,Energy Projectile/Beam,FALSE,TRUE,Continuous Fire,Ki Required,,,,0,20000,FALSE,0
Baby Vegeta (GT),UltimateData,,Energy Projectile/Beam,FALSE,TRUE,,,,,,0,50000,TRUE,9
Bardock Super Saiyan,Blast1Data,Revenger Blaster,Energy Projectile/Beam,FALSE,TRUE,Beam,Ki Required,,,,0,30000,TRUE,5
Bardock Super Saiyan,Blast2Data,Fangs of Fury,Charging Melee Attack,FALSE,FALSE,Rush,Ki Required,,Played after a hit,,11700,30000,TRUE,0
Bardock Super Saiyan,UltimateData,,Charging Melee Attack,FALSE,FALSE,,,,,,10000,50000,TRUE,0
Bardock,Blast1Data,Riot Blaster,Energy Projectile/Beam,FALSE,TRUE,Beam,Ki Required,,,,0,30000,TRUE,5
Bardock,Blast2Data,Final Revenger,Charging Melee Attack,FALSE,FALSE,Rush,Ki Required,,Played after a hit,,11700,30000,TRUE,0
Bardock,UltimateData,,Energy Projectile/Beam,FALSE,TRUE,,,,,,0,50000,TRUE,8
Beerus,Blast1Data,Sphere of Destruction,Energy Projectile/Beam,FALSE,TRUE,Fire,Ki Required,,,,0,30000,TRUE,5
Beerus,Blast2Data,Hakai Headshot,Charging Melee Attack,FALSE,FALSE,Rush,Ki Required,,Played after a hit,,11700,30000,TRUE,0
Beerus,UltimateData,,Energy Projectile/Beam,TRUE,TRUE,,,,,,0,50000,TRUE,12
Belmod,Blast1Data,None,Energy Projectile/Beam,FALSE,FALSE,,,,,,0,30000,FALSE,0
Belmod,Blast2Data,Kaioken Attack,Charging Melee Attack,FALSE,FALSE,Rush,Ki Required,,Played after a hit,,8750,30000,TRUE,0
Belmod,UltimateData,,Energy Projectile/Beam,TRUE,TRUE,,,,,,0,50000,TRUE,12
Bergamo,Blast1Data,Wolfgang Penetrator,Energy Projectile/Beam,FALSE,TRUE,Beam,Ki Required,,,,0,30000,TRUE,5
Bergamo,Blast2Data,Danger Knuckle,Charging Melee Attack,FALSE,FALSE,Rush,Ki Required,,Played after a hit,,8750,30000,TRUE,0
Bergamo,UltimateData,,Charging Melee Attack,FALSE,FALSE,,,,,,11700,50000,TRUE,0
Berryblue,Blast1Data,None,Energy Projectile/Beam,FALSE,FALSE,,,,,,0,30000,FALSE,0
Berryblue,Blast2Data,Kaioken Attack,Charging Melee Attack,FALSE,FALSE,Rush,Ki Required,,Played after a hit,,8750,30000,TRUE,0
Berryblue,UltimateData,,Energy Projectile/Beam,TRUE,TRUE,,,,,,0,50000,TRUE,12
Bojack,Blast1Data,Full-Power Energy Ball,Energy Projectile/Beam,FALSE,TRUE,Fire,Ki Required,,,,0,30000,TRUE,5
Bojack,Blast2Data,Trap Shooter,Energy Projectile/Beam,FALSE,TRUE,Simultaneous Fire,Ki Required,,,,0,20000,FALSE,0
Bojack,UltimateData,,Energy Projectile/Beam,FALSE,TRUE,,,,,,0,50000,TRUE,8
Broly (Super) Super Saiyan (Full Power),Blast1Data,Gigantic Cannon,Energy Projectile/Beam,FALSE,TRUE,Beam,Ki Required,,,,0,30000,TRUE,5
Broly (Super) Super Saiyan (Full Power),Blast2Data,Blaster Meteor,Energy Projectile/Beam,FALSE,TRUE,Explosive Wave,Ki Required,,,,0,40000,FALSE,0
Broly (Super) Super Saiyan (Full Power),UltimateData,,Energy Projectile/Beam,FALSE,TRUE,,,,,,0,50000,TRUE,12
Broly (Super) Super Saiyan,Blast1Data,Gigantic Cannon,Energy Projectile/Beam,FALSE,TRUE,Beam,Ki Required,,,,0,30000,TRUE,5
Broly (Super) Super Saiyan,Blast2Data,Gigantic Rage,Charging Melee Attack,FALSE,FALSE,Rush,Ki Required,,Played after a hit,,11700,30000,TRUE,0
Broly (Super) Super Saiyan,UltimateData,,Energy Projectile/Beam,FALSE,TRUE,,,,,,0,50000,TRUE,12
Broly (Super),Blast1Data,Full-Power Energy Wave,Energy Projectile/Beam,FALSE,TRUE,Beam,Ki Required,,,,0,30000,TRUE,5
Broly (Super),Blast2Data,Gigantic Crash,Charging Melee Attack,TRUE,FALSE,Rush,Ki Required,Unguardable,Played after a hit,,8750,40000,TRUE,0
Broly (Super),UltimateData,,Charging Melee Attack,FALSE,FALSE,,,,,,11700,50000,TRUE,0
Broly (Z) Legendary Super Saiyan,Blast1Data,Eraser Cannon,Energy Projectile/Beam,FALSE,TRUE,Fire,Ki Required,,,,0,30000,TRUE,5
Broly (Z) Legendary Super Saiyan,Blast2Data,Gigantic Hammer,Charging Melee Attack,TRUE,FALSE,Rush,Ki Required,Unguardable,Played after a hit,,8750,40000,TRUE,0
Broly (Z) Legendary Super Saiyan,UltimateData,,Energy Projectile/Beam,TRUE,TRUE,,,,,,0,50000,TRUE,12
Broly (Z) Super Saiyan,Blast1Data,Bloody Smash,Charging Melee Attack,FALSE,FALSE,Rush,Ki Required,,Played after a hit,,8750,30000,TRUE,0
Broly (Z) Super Saiyan,Blast2Data,Trap Shooter,Energy Projectile/Beam,FALSE,TRUE,Simultaneous Fire,Ki Required,,,,0,20000,FALSE,0
Broly (Z) Super Saiyan,UltimateData,,Energy Projectile/Beam,FALSE,TRUE,,,,,,0,50000,FALSE,0
Broly (Z),Blast1Data,Full-Power Energy Wave,Energy Projectile/Beam,FALSE,TRUE,Beam,Ki Required,,,,0,30000,TRUE,5
Broly (Z),Blast2Data,High Speed Rush,Charging Melee Attack,FALSE,FALSE,Rush,Ki Required,,Played after a hit,,10000,30000,TRUE,0
Broly (Z),UltimateData,,Energy Projectile/Beam,FALSE,TRUE,,,,,,0,50000,FALSE,0
Bubbles,Blast1Data,None,Energy Projectile/Beam,FALSE,FALSE,,,,,,0,30000,FALSE,0
Bubbles,Blast2Data,Kaioken Attack,Charging Melee Attack,FALSE,FALSE,Rush,Ki Required,,Played after a hit,,8750,30000,TRUE,0
Bubbles,UltimateData,,Energy Projectile/Beam,TRUE,TRUE,,,,,,0,50000,TRUE,12
Bulma (Super),Blast1Data,None,Energy Projectile/Beam,FALSE,FALSE,,,,,,0,30000,FALSE,0
Bulma (Super),Blast2Data,Kaioken Attack,Charging Melee Attack,FALSE,FALSE,Rush,Ki Required,,Played after a hit,,8750,30000,TRUE,0
Bulma (Super),UltimateData,,Energy Projectile/Beam,TRUE,TRUE,,,,,,0,50000,TRUE,12
Bulma,Blast1Data,Kamehameha,Energy Projectile/Beam,FALSE,TRUE,Beam,Ki Required,Chargeable,,,0,30000,TRUE,5
Bulma,Blast2Data,Kaioken Attack,Charging Melee Attack,FALSE,FALSE,Rush,Ki Required,,Played after a hit,,8750,30000,TRUE,0
Bulma,UltimateData,,Energy Projectile/Beam,TRUE,TRUE,,,,,,0,50000,TRUE,12
Burter,Blast1Data,Full-Power Energy Ball,Energy Projectile/Beam,FALSE,TRUE,Fire,Ki Required,,,,0,30000,TRUE,5
Burter,Blast2Data,Space Mach Attack,Charging Melee Attack,FALSE,FALSE,Rush,Ki Required,,Played after a hit,,11700,30000,TRUE,0
Burter,UltimateData,,Charging Melee Attack,FALSE,FALSE,,,,,,8750,50000,TRUE,0
Cabba Super Saiyan 2,Blast1Data,Super Galick Cannon,Energy Projectile/Beam,FALSE,TRUE,Beam,Ki Required,,,,0,30000,TRUE,5
Cabba Super Saiyan 2,Blast2Data,Galick Rain,Energy Projectile/Beam,FALSE,TRUE,Continuous Fire,Ki Required,,,,0,30000,FALSE,0
Cabba Super Saiyan 2,UltimateData,,Energy Projectile/Beam,FALSE,TRUE,,,,,,0,50000,TRUE,9
Cabba Super Saiyan,Blast1Data,Galick Rain,Energy Projectile/Beam,FALSE,TRUE,Continuous Fire,Ki Required,,,,0,30000,FALSE,0
Cabba Super Saiyan,Blast2Data,Galick Rage,Charging Melee Attack,FALSE,FALSE,Rush,Ki Required,,Played after a hit,,11700,30000,TRUE,0
Cabba Super Saiyan,UltimateData,,Energy Projectile/Beam,FALSE,TRUE,,,,,,0,50000,TRUE,9
Cabba,Blast1Data,Galick Cannon,Energy Projectile/Beam,FALSE,TRUE,Beam,Ki Required,,,,0,30000,TRUE,5
Cabba,Blast2Data,High Speed Rush,Charging Melee Attack,FALSE,FALSE,Rush,Ki Required,,Played after a hit,,10000,30000,TRUE,0
Cabba,UltimateData,,Charging Melee Attack,FALSE,FALSE,,,,,,11700,50000,TRUE,0
Captain Ginyu,Blast1Data,Full-Power Energy Wave,Energy Projectile/Beam,FALSE,TRUE,Beam,Ki Required,,,,0,30000,TRUE,5
Captain Ginyu,Blast2Data,Galaxy Dynamite,Charging Melee Attack,FALSE,TRUE,Fire,Ki Required,,,,0,30000,TRUE,5
Captain Ginyu,UltimateData,,Charging Melee Attack,FALSE,FALSE,,,,,,0,50000,FALSE,0
Caulifla Super Saiyan 2,Blast1Data,Energy Blast,Energy Projectile/Beam,FALSE,TRUE,Beam,Ki Required,,,,0,30000,TRUE,5
Caulifla Super Saiyan 2,Blast2Data,High Power Rush,Charging Melee Attack,FALSE,FALSE,Rush,Ki Required,,Played after a hit,,10000,30000,TRUE,0
Caulifla Super Saiyan 2,UltimateData,,Energy Projectile/Beam,TRUE,TRUE,,,,,,0,50000,TRUE,9
Caulifla,Blast1Data,Full-Power Energy Wave,Energy Projectile/Beam,FALSE,TRUE,Beam,Ki Required,,,,0,30000,TRUE,5
Caulifla,Blast2Data,Super Explosive Wave,Energy Projectile/Beam,FALSE,TRUE,Explosive Wave,Ki Required,,,,0,40000,FALSE,0
Caulifla,UltimateData,,Energy Projectile/Beam,FALSE,TRUE,,,,,,0,50000,FALSE,0
Cell Jr.,Blast1Data,Special Beam Cannon,Energy Projectile/Beam,FALSE,TRUE,Beam,Ki Required,Chargeable,,,0,30000,FALSE,0
Cell Jr.,Blast2Data,Innocence Rush,Charging Melee Attack,FALSE,FALSE,Rush,Ki Required,,Played after a hit,,8750,30000,TRUE,0
Cell Jr.,UltimateData,,Energy Projectile/Beam,FALSE,TRUE,,,,,,0,50000,TRUE,9
Cell Max,Blast1Data,Max Cannon,Energy Projectile/Beam,FALSE,TRUE,Fire,Ki Required,,,,0,30000,TRUE,5
Cell Max,Blast2Data,Mighty Fist,Throw,TRUE,FALSE,Rush,Ki Required,Unguardable,,,0,40000,FALSE,0
Cell Max,UltimateData,,Energy Projectile/Beam,TRUE,TRUE,,,,,,0,50000,TRUE,12
Cell 1st Form,Blast1Data,Kamehameha,Energy Projectile/Beam,FALSE,TRUE,Beam,Ki Required,Chargeable,,,0,30000,TRUE,5
Cell 1st Form,Blast2Data,Special Beam Cannon,Energy Projectile/Beam,FALSE,TRUE,Beam,Ki Required,Chargeable,,,0,30000,FALSE,0
Cell 1st Form,UltimateData,,Charging Melee Attack,FALSE,FALSE,,,,,,8750,50000,TRUE,0
Cell 2nd Form,Blast1Data,Big Bang Crash,Energy Projectile/Beam,FALSE,TRUE,Fire,Ki Required,,,,0,30000,TRUE,5
Cell 2nd Form,Blast2Data,Drain Life Cell,Charging Melee Attack,FALSE,FALSE,Rush,Ki Required,,Played after a hit,,8750,30000,TRUE,0
Cell 2nd Form,UltimateData,,Energy Projectile/Beam,TRUE,TRUE,,,,,,11700,50000,FALSE,0
Cell Perfect Form,Blast1Data,Super Kamehameha,Energy Projectile/Beam,FALSE,TRUE,Beam,Ki Required,Chargeable,,,0,30000,TRUE,5
Cell Perfect Form,Blast2Data,Barrage Death Beam,Energy Projectile/Beam,FALSE,TRUE,Beam,Ki Required,,,,0,20000,FALSE,0
Cell Perfect Form,UltimateData,,Energy Projectile/Beam,FALSE,TRUE,,,,,,0,50000,FALSE,0
Champa,Blast1Data,Sphere of Destruction,Energy Projectile/Beam,FALSE,TRUE,Fire,Ki Required,,,,0,30000,TRUE,5
Champa,Blast2Data,God of Destruction's Menace,Energy Projectile/Beam,FALSE,TRUE,Explosive Wave,Ki Required,,,,0,40000,FALSE,0
Champa,UltimateData,,Energy Projectile/Beam,TRUE,TRUE,,,,,,0,50000,TRUE,12
Cheelai,Blast1Data,Energy Shot,Energy Projectile/Beam,FALSE,TRUE,Fire,Ki Required,,,,0,20000,FALSE,0
Cheelai,Blast2Data,Surprise Attack,Charging Melee Attack,FALSE,FALSE,Rush,Ki Required,,Played after a hit,,8750,30000,TRUE,0
Cheelai,UltimateData,,Charging Melee Attack,FALSE,FALSE,,,,,,11700,50000,TRUE,0
Chi-Chi (Super),Blast1Data,None,Energy Projectile/Beam,FALSE,FALSE,,,,,,0,30000,FALSE,0
Chi-Chi (Super),Blast2Data,None,Energy Projectile/Beam,FALSE,FALSE,,,,,,0,30000,FALSE,0
Chi-Chi (Super),UltimateData,,Energy Projectile/Beam,TRUE,TRUE,,,,,,0,50000,TRUE,12
Chi-Chi,Blast1Data,Bansho Fan,Energy Projectile/Beam,FALSE,TRUE,Fire,Ki Required,,,,0,20000,FALSE,0
Chi-Chi,Blast2Data,You'll Pay for That!,Charging Melee Attack,FALSE,FALSE,Rush,Ki Required,,Played after a hit,,11700,30000,TRUE,0
Chi-Chi,UltimateData,,Energy Projectile/Beam,FALSE,FALSE,,,,,,8750,50000,TRUE,0
Chiaotzu,Blast1Data,Dodon Ray,Energy Projectile/Beam,FALSE,TRUE,Beam,Ki Required,,,,0,20000,FALSE,0
Chiaotzu,Blast2Data,Psychic Rock Throw,Energy Projectile/Beam,FALSE,TRUE,Fire,Ki Required,,,,0,20000,FALSE,0
Chiaotzu,UltimateData,,Charging Melee Attack,FALSE,FALSE,,,,,,8750,50000,TRUE,0
Chilled,Blast1Data,Death's Razor,Energy Projectile/Beam,FALSE,TRUE,Beam,Ki Required,,,,0,20000,FALSE,0
Chilled,Blast2Data,Death Rain,Energy Projectile/Beam,FALSE,TRUE,Continuous Fire,Ki Required,,,,0,30000,FALSE,0
Chilled,UltimateData,,Energy Projectile/Beam,FALSE,TRUE,,,,,,0,50000,TRUE,12
Cooler Final Form,Blast1Data,Death Beam,Energy Projectile/Beam,FALSE,TRUE,Beam,Ki Required,,,,0,20000,FALSE,0
Cooler Final Form,Blast2Data,Death Chaser,Charging Melee Attack,FALSE,FALSE,Rush,Ki Required,,Played after a hit,,8750,30000,TRUE,0
Cooler Final Form,UltimateData,,Energy Projectile/Beam,FALSE,TRUE,,,,,,0,50000,TRUE,12
Cooler,Blast1Data,Full-Power Energy Wave,Energy Projectile/Beam,FALSE,TRUE,Beam,Ki Required,,,,0,30000,TRUE,5
Cooler,Blast2Data,Darkness Eye Beam,Energy Projectile/Beam,FALSE,TRUE,Mow down and explode,Ki Required,,,,0,20000,FALSE,0
Cooler,UltimateData,,Energy Projectile/Beam,FALSE,TRUE,,,,,,0,50000,TRUE,12
Cui,Blast1Data,Full-Power Energy Wave,Energy Projectile/Beam,FALSE,TRUE,Beam,Ki Required,,,,0,30000,TRUE,5
Cui,Blast2Data,Full-Power Energy Wave Combo,Energy Projectile/Beam,FALSE,TRUE,Continuous Fire,Ki Required,,,,0,30000,FALSE,0
Cui,UltimateData,,Charging Melee Attack,FALSE,FALSE,,,,,,8750,50000,TRUE,0
Dabura,Blast1Data,Evil Impulse,Energy Projectile/Beam,FALSE,TRUE,Fire,Ki Required,,,,0,30000,TRUE,5
Dabura,Blast2Data,Evil Flame,Energy Projectile/Beam,TRUE,TRUE,Short-range energy attack,Ki Required,Unguardable,,,0,30000,FALSE,0
Dabura,UltimateData,,Charging Melee Attack,FALSE,FALSE,,,,,,11700,50000,TRUE,0
Demon King Piccolo,Blast1Data,Soumasen,Energy Projectile/Beam,FALSE,TRUE,Mow down and explode,Ki Required,,,,0,20000,FALSE,0
Demon King Piccolo,Blast2Data,Explosive Evil Impact,Energy Projectile/Beam,FALSE,TRUE,Fire,Ki Required,,,,0,30000,FALSE,0
Demon King Piccolo,UltimateData,,Energy Projectile/Beam,FALSE,TRUE,,,,,,0,50000,FALSE,0
Dende (Kid),Blast1Data,None,Energy Projectile/Beam,FALSE,FALSE,,,,,,0,30000,FALSE,0
Dende (Kid),Blast2Data,Kaioken Attack,Charging Melee Attack,FALSE,FALSE,Rush,Ki Required,,Played after a hit,,8750,30000,TRUE,0
Dende (Kid),UltimateData,,Energy Projectile/Beam,TRUE,TRUE,,,,,,0,50000,TRUE,12
Dende (Youth),Blast1Data,None,Energy Projectile/Beam,FALSE,FALSE,,,,,,0,30000,FALSE,0
Dende (Youth),Blast2Data,Kaioken Attack,Charging Melee Attack,FALSE,FALSE,Rush,Ki Required,,Played after a hit,,8750,30000,TRUE,0
Dende (Youth),UltimateData,,Energy Projectile/Beam,TRUE,TRUE,,,,,,0,50000,TRUE,12
Dodoria,Blast1Data,Chou Makouhou,Energy Projectile/Beam,FALSE,TRUE,Beam,Ki Required,,,,0,30000,TRUE,5
Dodoria,Blast2Data,Dodoria Head Ram,Charging Melee Attack,TRUE,FALSE,Rush,Ki Required,Unguardable,,,11700,40000,TRUE,0
Dodoria,UltimateData,,Energy Projectile/Beam,FALSE,TRUE,,,,,,0,50000,FALSE,0
Dr. Gero,Blast1Data,Full-Power Energy Wave,Energy Projectile/Beam,FALSE,TRUE,Beam,Ki Required,,,,0,30000,TRUE,5
Dr. Gero,Blast2Data,Bionic Punisher,Energy Projectile/Beam,FALSE,TRUE,Mow down and explode,Ki Required,,,,0,30000,FALSE,0
Dr. Gero,UltimateData,,Charging Melee Attack,FALSE,FALSE,,,,,,8750,50000,TRUE,0
Dr. Hedo,Blast1Data,None,Energy Projectile/Beam,FALSE,FALSE,,,,,,0,30000,FALSE,0
Dr. Hedo,Blast2Data,Kaioken Attack,Charging Melee Attack,FALSE,FALSE,Rush,Ki Required,,Played after a hit,,8750,30000,TRUE,0
Dr. Hedo,UltimateData,,Energy Projectile/Beam,TRUE,TRUE,,,,,,0,50000,TRUE,12
Dr. Myuu,Blast1Data,None,Energy Projectile/Beam,FALSE,FALSE,,,,,,0,30000,FALSE,0
Dr. Myuu,Blast2Data,Kaioken Attack,Charging Melee Attack,FALSE,FALSE,Rush,Ki Required,,Played after a hit,,8750,30000,TRUE,0
Dr. Myuu,UltimateData,,Energy Projectile/Beam,TRUE,TRUE,,,,,,0,50000,TRUE,12
Dr. Wheelo,Blast1Data,Photon Strike,Energy Projectile/Beam,FALSE,TRUE,Fire,Ki Required,,,,0,30000,FALSE,0
Dr. Wheelo,Blast2Data,Gigantic Bomber,Charging Melee Attack,TRUE,FALSE,Rush,Ki Required,Unguardable,,,11700,40000,FALSE,0
Dr. Wheelo,UltimateData,,Energy Projectile/Beam,FALSE,TRUE,,,,,,0,50000,TRUE,9
Dyspo,Blast1Data,Justice Crusher,Energy Projectile/Beam,FALSE,TRUE,Beam,Ki Required,,,,0,30000,TRUE,5
Dyspo,Blast2Data,Justice Kick,Charging Melee Attack,FALSE,FALSE,Rush,Ki Required,,Played after a hit,,11700,30000,TRUE,0
Dyspo,UltimateData,,Energy Projectile/Beam,FALSE,TRUE,,,,,,0,50000,TRUE,9
Eighter,Blast1Data,Eighter Attack,Charging Melee Attack,TRUE,FALSE,Rush,Ki Required,Unguardable,,,8750,40000,TRUE,0
Eighter,Blast2Data,Eighter's Anger,Energy Projectile/Beam,FALSE,TRUE,Explosive Wave,Ki Required,,,,0,40000,FALSE,0
Eighter,UltimateData,,Charging Melee Attack,FALSE,FALSE,,,,,,8750,50000,TRUE,0
Elder Kai,Blast1Data,None,Energy Projectile/Beam,FALSE,FALSE,,,,,,0,30000,FALSE,0
Elder Kai,Blast2Data,Kaioken Attack,Charging Melee Attack,FALSE,FALSE,Rush,Ki Required,,Played after a hit,,8750,30000,TRUE,0
Elder Kai,UltimateData,,Energy Projectile/Beam,TRUE,TRUE,,,,,,0,50000,TRUE,12
Fasha,Blast1Data,Full-Power Energy Wave,Energy Projectile/Beam,FALSE,TRUE,Beam,Ki Required,,,,0,30000,TRUE,5
Fasha,Blast2Data,Energy Bullet,Special,FALSE,TRUE,Simultaneous Fire,Ki Required,,,,0,30000,FALSE,0
Fasha,UltimateData,,Charging Melee Attack,FALSE,FALSE,,,,,,11700,50000,TRUE,0
Frieza (Super),Blast1Data,Death Beam,Energy Projectile/Beam,FALSE,TRUE,Beam,Ki Required,,,,0,20000,FALSE,0
Frieza (Super),Blast2Data,Super Nova Strike,Charging Melee Attack,TRUE,FALSE,Rush,Ki Required,Unguardable,Played after a hit,,11700,40000,TRUE,0
Frieza (Super),UltimateData,,Energy Projectile/Beam,FALSE,TRUE,,,,,,0,50000,TRUE,12
Frieza (Super),ULT2,,Charging Melee Attack,FALSE,TRUE,,,,,,11700,50000,TRUE,0
Frieza (Z) 1st Form,Blast1Data,Death Beam,Energy Projectile/Beam,FALSE,TRUE,Beam,Ki Required,,,,0,20000,FALSE,0
Frieza (Z) 1st Form,Blast2Data,Punishing Rush,Charging Melee Attack,FALSE,FALSE,Rush,Ki Required,,Played after a hit,,8750,30000,TRUE,0
Frieza (Z) 1st Form,UltimateData,,Energy Projectile/Beam,FALSE,TRUE,,,,,,0,50000,TRUE,12
Frieza (Z) 2nd Form,Blast1Data,Punishing Blaster,Energy Projectile/Beam,FALSE,TRUE,Beam,Ki Required,,,,0,30000,TRUE,5
Frieza (Z) 2nd Form,Blast2Data,Death Storm,Energy Projectile/Beam,FALSE,FALSE,Attack opponent's location,Ki Required,,,,0,40000,FALSE,0
Frieza (Z) 2nd Form,UltimateData,,Charging Melee Attack,FALSE,FALSE,,,,,,11700,50000,TRUE,0
Frieza (Z) 3rd Form,Blast1Data,Barrage Death Beam,Energy Projectile/Beam,FALSE,TRUE,Beam,Ki Required,,,,0,20000,FALSE,0
Frieza (Z) 3rd Form,Blast2Data,High Speed Rush,Charging Melee Attack,FALSE,FALSE,Rush,Ki Required,,Played after a hit,,10000,30000,TRUE,0
Frieza (Z) 3rd Form,UltimateData,,Charging Melee Attack,FALSE,FALSE,,,,,,8750,50000,TRUE,0
Frieza (Z) 4th Form,Blast1Data,Barrage Death Beam,Energy Projectile/Beam,FALSE,TRUE,Beam,Ki Required,,,,0,20000,FALSE,0
Frieza (Z) 4th Form,Blast2Data,You Might Die This Time,Charging Melee Attack,FALSE,FALSE,Rush,Ki Required,,Played after a hit,,8750,30000,TRUE,0
Frieza (Z) 4th Form,UltimateData,,Energy Projectile/Beam,FALSE,TRUE,,,,,,0,50000,TRUE,12
Frieza (Z) Full Power,Blast1Data,Death Saucer,Energy Projectile/Beam,TRUE,TRUE,Fire,Ki Required,Unguardable,,,0,30000,FALSE,0
Frieza (Z) Full Power,Blast2Data,Nova Strike,Charging Melee Attack,TRUE,FALSE,Rush,Ki Required,Unguardable,,,10000,40000,TRUE,0
Frieza (Z) Full Power,UltimateData,,Energy Projectile/Beam,FALSE,TRUE,,,,,,0,50000,TRUE,9
Frieza Force Soldier,Blast1Data,Energy Wave,Energy Projectile/Beam,FALSE,TRUE,Beam,Ki Required,,,,0,20000,TRUE,5
Frieza Force Soldier,Blast2Data,Full-Power Energy Wave,Energy Projectile/Beam,FALSE,TRUE,Beam,Ki Required,,,,0,30000,TRUE,5
Frieza Force Soldier,UltimateData,,Charging Melee Attack,TRUE,FALSE,,,,,,8750,50000,TRUE,0
Frost,Blast1Data,Chaos Beam,Energy Projectile/Beam,FALSE,TRUE,Beam,Ki Required,,,,0,30000,FALSE,0
Frost,Blast2Data,Secret Poison,Charging Melee Attack,FALSE,FALSE,Rush,Ki Required,,Played after a hit,,11700,30000,TRUE,0
Frost,UltimateData,,Energy Projectile/Beam,FALSE,TRUE,,,,,,0,50000,TRUE,8
Full-Power Bojack,Blast1Data,Grand Smasher,Energy Projectile/Beam,FALSE,TRUE,Fire,Ki Required,,,,0,30000,TRUE,5
Full-Power Bojack,Blast2Data,Galactic Tyrant,Charging Melee Attack,FALSE,FALSE,Rush,Ki Required,,Played after a hit,,11700,30000,TRUE,0
Full-Power Bojack,UltimateData,,Energy Projectile/Beam,FALSE,TRUE,,,,,,0,50000,TRUE,8
Fused Zamasu Half-Corrupted,Blast1Data,Mark of Condemnation,Energy Projectile/Beam,FALSE,TRUE,Fire,Ki Required,,,,0,30000,TRUE,5
Fused Zamasu Half-Corrupted,Blast2Data,Violent Fierce God Slicer,Charging Melee Attack,FALSE,FALSE,Rush,Ki Required,,Played after a hit,,8750,30000,TRUE,0
Fused Zamasu Half-Corrupted,UltimateData,,Charging Melee Attack,FALSE,FALSE,,,,,,11700,50000,TRUE,0
Fused Zamasu,Blast1Data,Holy Wrath,Energy Projectile/Beam,FALSE,TRUE,Fire,Ki Required,,,,0,30000,TRUE,5
Fused Zamasu,Blast2Data,Blades of Judgment,Energy Projectile/Beam,FALSE,TRUE,Continuous Fire,Ki Required,,,,0,30000,FALSE,0
Fused Zamasu,UltimateData,,Charging Melee Attack,FALSE,FALSE,,,,,,8750,50000,TRUE,0
Fusion Android 13,Blast1Data,S.S. Deadly Bomber,Energy Projectile/Beam,FALSE,TRUE,Fire,Ki Required,,,,0,30000,TRUE,5
Fusion Android 13,Blast2Data,Super Explosive Wave,Energy Projectile/Beam,FALSE,TRUE,Explosive Wave,Ki Required,,,,0,40000,FALSE,0
Fusion Android 13,UltimateData,,Throw,TRUE,FALSE,,,,,,8750,50000,TRUE,0
Future Trunks Super Saiyan,Blast1Data,Galick Gun,Energy Projectile/Beam,FALSE,TRUE,Beam,Ki Required,,,,0,30000,TRUE,5
Future Trunks Super Saiyan,Blast2Data,Final Flash,Energy Projectile/Beam,FALSE,TRUE,Beam,Ki Required,,,,0,40000,TRUE,5
Future Trunks Super Saiyan,UltimateData,,Charging Melee Attack,FALSE,FALSE,,,,,,11700,50000,TRUE,0
Future Trunks,Blast1Data,Masenko,Energy Projectile/Beam,FALSE,TRUE,Beam,Ki Required,Chargeable,,,0,30000,TRUE,5
Future Trunks,Blast2Data,Lightning Sword Slash,Energy Projectile/Beam,TRUE,TRUE,Fire,Ki Required,Unguardable,Played after a hit,,0,30000,FALSE,0
Future Trunks,UltimateData,,Charging Melee Attack,FALSE,FALSE,,,,,,11700,50000,TRUE,0
Gamma 1,Blast1Data,Gamma Blaster,Energy Projectile/Beam,FALSE,TRUE,Fire,Ki Required,,,,0,30000,FALSE,5
Gamma 1,Blast2Data,Gamma Impact,Charging Melee Attack,FALSE,FALSE,Rush,Ki Required,,Played after a hit,,10000,30000,TRUE,0
Gamma 1,UltimateData,,Energy Projectile/Beam,FALSE,TRUE,,,,,,8750,50000,FALSE,0
Gamma 2,Blast1Data,Gamma Blaster,Energy Projectile/Beam,FALSE,TRUE,Fire,Ki Required,,,,0,30000,FALSE,5
Gamma 2,Blast2Data,Gamma Impact,Charging Melee Attack,FALSE,FALSE,Rush,Ki Required,,Played after a hit,,8750,30000,TRUE,0
Gamma 2,UltimateData,,Energy Projectile/Beam,TRUE,TRUE,,,,,,0,50000,FALSE,9
General Blue,Blast1Data,I'll Shoot You!,Energy Projectile/Beam,FALSE,TRUE,Fire,Ki Required,,,,0,20000,FALSE,0
General Blue,Blast2Data,Skewer!,Energy Projectile/Beam,TRUE,TRUE,Beam,Ki Required,Unguardable,Played after a hit,,0,40000,FALSE,0
General Blue,UltimateData,,Charging Melee Attack,FALSE,FALSE,,,,,,11700,50000,TRUE,0
Giant Gomah,Blast1Data,Magic Missile,Energy Projectile/Beam,FALSE,TRUE,Continuous Fire,Ki Required,,Played after a hit,,0,30000,FALSE,0
Giant Gomah,Blast2Data,Magic Tempest,Energy Projectile/Beam,FALSE,TRUE,Explosive Wave,Ki Required,Played after a hit,,,0,40000,FALSE,0
Giant Gomah,UltimateData,,Energy Projectile/Beam,TRUE,TRUE,,,,,,0,50000,TRUE,12
Glorio,Blast1Data,Bolt Buster,Energy Projectile/Beam,FALSE,TRUE,Beam,Ki Required,,,,0,20000,FALSE,0
Glorio,Blast2Data,Electric Whip,Charging Melee Attack,FALSE,FALSE,Rush,Ki Required,,Played after a hit,,10000,30000,TRUE,0
Glorio,UltimateData,,Energy Projectile/Beam,TRUE,TRUE,,,,,,0,50000,FALSE,9
Gogeta (GT) Super Saiyan 4,Blast1Data,Big Bang Kamehameha,Energy Projectile/Beam,FALSE,TRUE,Beam,Ki Required,Chargeable,,,0,30000,TRUE,5
Gogeta (GT) Super Saiyan 4,Blast2Data,Ultimate Impact,Charging Melee Attack,FALSE,FALSE,Rush,Ki Required,,Played after a hit,,11700,30000,TRUE,0
Gogeta (GT) Super Saiyan 4,UltimateData,,Energy Projectile/Beam,FALSE,TRUE,,,,,,0,50000,TRUE,9
Gogeta (Super) Super Saiyan God Super Saiyan,Blast1Data,Stardust Blaster,Energy Projectile/Beam,FALSE,TRUE,Fire,Ki Required,,,,0,30000,FALSE,0
Gogeta (Super) Super Saiyan God Super Saiyan,Blast2Data,Meteor Explosion,Charging Melee Attack,FALSE,FALSE,Rush,Ki Required,,Played after a hit,,8750,30000,TRUE,0
Gogeta (Super) Super Saiyan God Super Saiyan,UltimateData,,Energy Projectile/Beam,FALSE,TRUE,,,,,,0,50000,TRUE,9
Gogeta (Super) Super Saiyan,Blast1Data,Super Kamehameha,Energy Projectile/Beam,FALSE,TRUE,Beam,Ki Required,Chargeable,,,0,30000,TRUE,5
Gogeta (Super) Super Saiyan,Blast2Data,Rising Vortex,Charging Melee Attack,FALSE,FALSE,Rush,Ki Required,,Played after a hit,,8750,30000,TRUE,0
Gogeta (Super) Super Saiyan,UltimateData,,Charging Melee Attack,FALSE,FALSE,,,,,,0,50000,TRUE,0
Gogeta (Super),Blast1Data,Super Kamehameha,Energy Projectile/Beam,FALSE,TRUE,Beam,Ki Required,Chargeable,,,0,30000,TRUE,5
Gogeta (Super),Blast2Data,Super Explosive Wave,Energy Projectile/Beam,FALSE,TRUE,Explosive Wave,Ki Required,,,,0,40000,FALSE,0
Gogeta (Super),UltimateData,,Energy Projectile/Beam,FALSE,TRUE,,,,,,0,50000,TRUE,9
Gohan (Adult) Super Saiyan 2,Blast1Data,Super Explosive Cannon,Energy Projectile/Beam,FALSE,TRUE,Short-range energy attack,Ki Required,,,,0,20000,FALSE,0
Gohan (Adult) Super Saiyan 2,Blast2Data,Super Explosive Flash Strike,Charging Melee Attack,FALSE,FALSE,Rush,Ki Required,,Played after a hit,,8750,30000,TRUE,0
Gohan (Adult) Super Saiyan 2,UltimateData,,Energy Projectile/Beam,FALSE,TRUE,,,,,,0,50000,TRUE,9
Gohan (Adult) Super Saiyan,Blast1Data,Explosive Cannon,Energy Projectile/Beam,FALSE,TRUE,Short-range energy attack,Ki Required,,,,0,20000,FALSE,0
Gohan (Adult) Super Saiyan,Blast2Data,Full-Power Energy Blast Volley,Energy Projectile/Beam,FALSE,TRUE,Continuous Fire,Ki Required,,,,0,30000,FALSE,0
Gohan (Adult) Super Saiyan,UltimateData,,Energy Projectile/Beam,TRUE,TRUE,,,,,,0,50000,TRUE,9
Gohan (Adult) Super Saiyan,ULT2,,Energy Projectile/Beam,TRUE,TRUE,,,,,,0,50000,TRUE,9
Gohan (Adult),Blast1Data,Explosive Cannon,Energy Projectile/Beam,FALSE,TRUE,Short-range energy attack,Ki Required,,,,0,20000,FALSE,0
Gohan (Adult),Blast2Data,Explosive Flash Strike,Charging Melee Attack,FALSE,FALSE,Rush,Ki Required,,Played after a hit,,8750,30000,TRUE,0
Gohan (Adult),UltimateData,,Charging Melee Attack,FALSE,TRUE,,,,,,0,50000,TRUE,9
Gohan (Adult),ULT2,,Charging Melee Attack,FALSE,FALSE,,,,,,8750,50000,TRUE,0
Gohan (Adult),ULT3,,Charging Melee Attack,FALSE,FALSE,,,,,,11700,50000,TRUE,0
Gohan (Future) Super Saiyan,Blast1Data,Hyper Masenko,Energy Projectile/Beam,FALSE,TRUE,Beam,Ki Required,,,,0,30000,TRUE,5
Gohan (Future) Super Saiyan,Blast2Data,Special Beam Cannon,Energy Projectile/Beam,FALSE,TRUE,Beam,Ki Required,Chargeable,,,0,30000,FALSE,0
Gohan (Future) Super Saiyan,UltimateData,,Charging Melee Attack,FALSE,FALSE,,,,,,11700,50000,TRUE,0
Gohan (Future),Blast1Data,Masenko,Energy Projectile/Beam,FALSE,TRUE,Beam,Ki Required,Chargeable,,,0,30000,TRUE,5
Gohan (Future),Blast2Data,Super Destructive Wave,Energy Projectile/Beam,FALSE,TRUE,Explosive Wave,Ki Required,,,,0,40000,FALSE,0
Gohan (Future),UltimateData,,Energy Projectile/Beam,FALSE,TRUE,,,,,,0,50000,TRUE,9
Gohan (Kid),Blast1Data,Masenko,Energy Projectile/Beam,FALSE,TRUE,Beam,Ki Required,Chargeable,,,0,30000,TRUE,5
Gohan (Kid),Blast2Data,Energy Blast Barrage,Charging Melee Attack,FALSE,TRUE,Continuous Fire,Ki Required,,,,0,20000,FALSE,0
Gohan (Kid),UltimateData,,Energy Projectile/Beam,FALSE,FALSE,,,,,,8750,50000,TRUE,0
Gohan (Super Hero) Super Saiyan,Blast1Data,Explosive Ray,Energy Projectile/Beam,FALSE,TRUE,Beam,Ki Required,,,,0,30000,TRUE,5
Gohan (Super Hero) Super Saiyan,Blast2Data,Explosive Kick,Charging Melee Attack,FALSE,FALSE,Rush,Ki Required,,Played after a hit,,8750,30000,TRUE,0
Gohan (Super Hero) Super Saiyan,UltimateData,,Energy Projectile/Beam,FALSE,TRUE,,,,,,0,50000,TRUE,9
Gohan (Super Hero),Blast1Data,Masenko,Energy Projectile/Beam,FALSE,TRUE,Beam,Ki Required,,,,0,30000,TRUE,5
Gohan (Super Hero),Blast2Data,High-Speed Rush,Charging Melee Attack,FALSE,FALSE,Rush,Ki Required,,Played after a hit,,10000,30000,TRUE,0
Gohan (Super Hero),UltimateData,,Energy Projectile/Beam,FALSE,TRUE,,,,,,0,50000,TRUE,9
Gohan (Teen) Super Saiyan 2,Blast1Data,Super Kamehameha,Energy Projectile/Beam,FALSE,TRUE,Beam,Ki Required,,,,0,20000,TRUE,5
Gohan (Teen) Super Saiyan 2,Blast2Data,Explosive Rush,Charging Melee Attack,FALSE,FALSE,Rush,Ki Required,,Played after a hit,,8750,30000,TRUE,0
Gohan (Teen) Super Saiyan 2,UltimateData,,Energy Projectile/Beam,TRUE,TRUE,,,,,,0,50000,TRUE,9
Gohan (Teen) Super Saiyan 2,ULT2,,Energy Projectile/Beam,TRUE,TRUE,,,,,,0,50000,TRUE,9
Gohan (Teen) Super Saiyan,Blast1Data,Super Kamehameha,Energy Projectile/Beam,FALSE,TRUE,Beam,Ki Required,Chargeable,,,0,30000,TRUE,5
Gohan (Teen) Super Saiyan,Blast2Data,Super Assault Combo,Charging Melee Attack,FALSE,FALSE,Rush,Ki Required,,Played after a hit,,11700,30000,TRUE,0
Gohan (Teen) Super Saiyan,UltimateData,,Energy Projectile/Beam,FALSE,TRUE,,,,,,0,50000,FALSE,0
Gohan (Teen),Blast1Data,Super Masenko,Energy Projectile/Beam,FALSE,TRUE,Beam,Ki Required,Chargeable,,,0,30000,TRUE,5
Gohan (Teen),Blast2Data,Energy Blast Barrage,Energy Projectile/Beam,FALSE,TRUE,Continuous Fire,Ki Required,,,,0,20000,FALSE,0
Gohan (Teen),UltimateData,,Energy Projectile/Beam,FALSE,TRUE,,,,,,0,50000,TRUE,9
Gohan Beast,Blast1Data,Super Explosive Ray,Energy Projectile/Beam,FALSE,TRUE,Beam,Ki Required,,,,0,30000,TRUE,5
Gohan Beast,Blast2Data,Explosive Flash,Charging Melee Attack,FALSE,FALSE,Rush,Ki Required,,Played after a hit,,10000,40000,TRUE,0
Gohan Beast,UltimateData,,Charging Melee Attack,FALSE,FALSE,,,,,,11700,50000,TRUE,9
Gohan Black,Blast1Data,Black Power Ball,Energy Projectile/Beam,FALSE,TRUE,Fire,Ki Required,,,,0,30000,TRUE,5
Gohan Black,Blast2Data,Black Bind,Charging Melee Attack,TRUE,FALSE,Rush,Ki Required,Unguardable,Played after a hit,,8750,40000,TRUE,0
Gohan Black,UltimateData,,Energy Projectile/Beam,FALSE,TRUE,,,,,,0,50000,TRUE,9
Goku (DAIMA) Super Saiyan 4,Blast1Data,True Divine Dragon Strike,Energy Projectile/Beam,FALSE,TRUE,Fire,Ki Required,,Played after a hit,,0,30000,FALSE,5
Goku (DAIMA) Super Saiyan 4,Blast2Data,True Flash Dragon Kick,Charging Melee Attack,FALSE,FALSE,Rush,Ki Required,,Played after a hit,,11700,30000,TRUE,0
Goku (DAIMA) Super Saiyan 4,UltimateData,,Energy Projectile/Beam,FALSE,TRUE,,,,,,0,50000,TRUE,9
Goku (GT) Super Saiyan 3,Blast1Data,Super Kamehameha,Energy Projectile/Beam,FALSE,TRUE,Beam,Ki Required,Chargeable,,,0,30000,TRUE,5
Goku (GT) Super Saiyan 3,Blast2Data,Full-Power Energy Blast Volley,Energy Projectile/Beam,FALSE,TRUE,Continuous Fire,Ki Required,,,,0,30000,FALSE,0
Goku (GT) Super Saiyan 3,UltimateData,,Charging Melee Attack,FALSE,FALSE,,,,,,11700,50000,TRUE,0
Goku (GT) Super Saiyan 4,Blast1Data,x10 Kamehameha,Energy Projectile/Beam,FALSE,TRUE,Beam,Ki Required,,,,0,30000,TRUE,5
Goku (GT) Super Saiyan 4,Blast2Data,Meteor Crash,Charging Melee Attack,FALSE,FALSE,Rush,Ki Required,,Played after a hit,,8750,30000,TRUE,0
Goku (GT) Super Saiyan 4,UltimateData,,Charging Melee Attack,FALSE,FALSE,,,,,,11700,50000,TRUE,0
Goku (GT) Super Saiyan,Blast1Data,Super Kamehameha,Energy Projectile/Beam,FALSE,TRUE,Beam,Ki Required,Chargeable,,,0,30000,TRUE,5
Goku (GT) Super Saiyan,Blast2Data,Full-Power Energy Blast Volley,Energy Projectile/Beam,FALSE,TRUE,Continuous Fire,Ki Required,,,,0,30000,FALSE,0
Goku (GT) Super Saiyan,UltimateData,,Energy Projectile/Beam,FALSE,TRUE,,,,,,0,50000,FALSE,0
Goku (GT),Blast1Data,Kamehameha,Energy Projectile/Beam,FALSE,TRUE,Beam,Ki Required,Chargeable,,,0,30000,TRUE,5
Goku (GT),Blast2Data,Dragon Fist,Charging Melee Attack,FALSE,FALSE,Rush,Ki Required,,Played after a hit,,11700,30000,TRUE,0
Goku (GT),UltimateData,,Energy Projectile/Beam,TRUE,TRUE,,,,,,0,50000,TRUE,12
Goku (Mini) Super Saiyan 4,Blast1Data,Super Kamehameha,Energy Projectile/Beam,FALSE,TRUE,Beam,Ki Required,Chargeable,,,0,30000,TRUE,0
Goku (Mini) Super Saiyan 4,Blast2Data,Dragon Strike,Charging Melee Attack,FALSE,FALSE,Rush,Ki Required,,Played after a hit,,0,30000,TRUE,0
Goku (Mini) Super Saiyan 4,UltimateData,,Charging Melee Attack,FALSE,FALSE,,,,,,0,50000,TRUE,0
Goku (Mini) Super Saiyan,Blast1Data,Energy Strike,Charging Melee Attack,FALSE,FALSE,Rush,Ki Required,,Played after a hit,,8750,30000,TRUE,0
Goku (Mini) Super Saiyan,Blast2Data,High-Speed Strike,Charging Melee Attack,FALSE,FALSE,Rush,Ki Required,,Played after a hit,,11700,30000,TRUE,0
Goku (Mini) Super Saiyan,UltimateData,,Energy Projectile/Beam,FALSE,TRUE,,,,,,0,50000,TRUE,9
Goku (Mini),Blast1Data,Quick Rush,Charging Melee Attack,FALSE,FALSE,Rush,Ki Required,,Played after a hit,,8750,30000,TRUE,0
Goku (Mini),Blast2Data,Take This!,Charging Melee Attack,FALSE,FALSE,Rush,Ki Required,,Played after a hit,,0,30000,TRUE,0
Goku (Mini),UltimateData,,Charging Melee Attack,FALSE,FALSE,,,,,,0,50000,TRUE,0
Goku (Mini),ULT2,,Energy Projectile/Beam,FALSE,TRUE,,,,,,0,50000,FALSE,0
Goku (Super) Super Saiyan God Super Saiyan,Blast1Data,God Kamehameha,Energy Projectile/Beam,FALSE,TRUE,Beam,Ki Required,Chargeable,,,0,30000,TRUE,5
Goku (Super) Super Saiyan God Super Saiyan,Blast2Data,No Hard Feelings Hit,Charging Melee Attack,FALSE,FALSE,Rush,Ki Required,,Played after a hit,,11700,30000,TRUE,0
Goku (Super) Super Saiyan God Super Saiyan,UltimateData,,Energy Projectile/Beam,FALSE,TRUE,,,,,,0,50000,TRUE,9
Goku (Super) Super Saiyan God Super Saiyan,ULT2,,Charging Melee Attack,FALSE,FALSE,,,,,,8750,50000,TRUE,0
Goku (Super) Super Saiyan God,Blast1Data,God Kamehameha,Energy Projectile/Beam,FALSE,TRUE,Beam,Ki Required,Chargeable,,,0,30000,TRUE,5
Goku (Super) Super Saiyan God,Blast2Data,God Impact,Charging Melee Attack,FALSE,FALSE,Rush,Ki Required,,Played after a hit,,11700,30000,TRUE,0
Goku (Super) Super Saiyan God,UltimateData,,Energy Projectile/Beam,FALSE,TRUE,,,,,,0,50000,TRUE,9
Goku (Super) Super Saiyan,Blast1Data,Super Kamehameha,Energy Projectile/Beam,FALSE,TRUE,Beam,Ki Required,Chargeable,,,0,30000,TRUE,5
Goku (Super) Super Saiyan,Blast2Data,Dragon Blast,Charging Melee Attack,FALSE,FALSE,Rush,Ki Required,,Played after a hit,,8750,30000,TRUE,0
Goku (Super) Super Saiyan,UltimateData,,Charging Melee Attack,FALSE,FALSE,,,,,,8750,50000,TRUE,0
Goku (Super) Ultra Instinct -Sign-,Blast1Data,Kamehameha -Sign-,Energy Projectile/Beam,FALSE,TRUE,Beam,Ki Required,,,,0,30000,TRUE,5
Goku (Super) Ultra Instinct -Sign-,Blast2Data,Flash -Sign-,Charging Melee Attack,FALSE,FALSE,Rush,Ki Required,,Played after a hit,,11700,30000,TRUE,0
Goku (Super) Ultra Instinct -Sign-,UltimateData,,Charging Melee Attack,FALSE,FALSE,,,,,,8750,50000,TRUE,0
Goku (Super) Ultra Instinct,Blast1Data,Ultra Kamehameha,Energy Projectile/Beam,FALSE,TRUE,Beam,Ki Required,Chargeable,,,0,30000,TRUE,5
Goku (Super) Ultra Instinct,Blast2Data,Ultra Barrage,Charging Melee Attack,FALSE,FALSE,Rush,Ki Required,,Played after a hit,,8750,40000,TRUE,0
Goku (Super) Ultra Instinct,UltimateData,,Charging Melee Attack,FALSE,FALSE,,,,,,8750,50000,TRUE,0
Goku (Super),Blast1Data,Super Kamehameha,Energy Projectile/Beam,FALSE,TRUE,Beam,Ki Required,Chargeable,,,0,30000,TRUE,5
Goku (Super),Blast2Data,Dragon Burst,Charging Melee Attack,FALSE,FALSE,Rush,Ki Required,,Played after a hit,,8750,30000,TRUE,0
Goku (Super),UltimateData,,Energy Projectile/Beam,TRUE,TRUE,,,,,,0,50000,TRUE,12
Goku (Super),ULT2,,Charging Melee Attack,FALSE,TRUE,,,,,,11700,50000,TRUE,0
Goku (Super),SPM4,,,,,,,,,,0,0,FALSE,0
Goku (Teen),Blast1Data,Kamehameha,Energy Projectile/Beam,FALSE,TRUE,Beam,Ki Required,Chargeable,,,0,30000,TRUE,5
Goku (Teen),Blast2Data,Commencing Counterattack!,Charging Melee Attack,FALSE,FALSE,Rush,Ki Required,,Played after a hit,,8750,30000,TRUE,0
Goku (Teen),UltimateData,,Charging Melee Attack,FALSE,FALSE,,,,,,8750,50000,TRUE,0
Goku (World Tournament),Blast1Data,Kamehameha,Energy Projectile/Beam,FALSE,TRUE,Beam,Ki Required,Chargeable,,,0,30000,TRUE,5
Goku (World Tournament),Blast2Data,Kamehameha Assault,Charging Melee Attack,FALSE,FALSE,Rush,Ki Required,,Played after a hit,,11700,30000,TRUE,0
Goku (World Tournament),UltimateData,,Charging Melee Attack,FALSE,FALSE,,,,,,11700,50000,TRUE,0
Goku (Z - Early) Super Saiyan,Blast1Data,Super Energy Wave Combo,Energy Projectile/Beam,FALSE,TRUE,Continuous Fire,Ki Required,,,,0,30000,FALSE,0
Goku (Z - Early) Super Saiyan,Blast2Data,Meteor Smash,Charging Melee Attack,FALSE,FALSE,Rush,Ki Required,,Played after a hit,,8750,30000,TRUE,0
Goku (Z - Early) Super Saiyan,UltimateData,,Energy Projectile/Beam,FALSE,TRUE,,,,,,0,50000,TRUE,9
Goku (Z - Early),Blast1Data,Kamehameha,Energy Projectile/Beam,FALSE,TRUE,Beam,Ki Required,Chargeable,,,0,30000,TRUE,5
Goku (Z - Early),Blast2Data,Kaioken Attack,Charging Melee Attack,FALSE,FALSE,Rush,Ki Required,,Played after a hit,,8750,30000,TRUE,0
Goku (Z - Early),UltimateData,,Energy Projectile/Beam,TRUE,TRUE,,,,,,0,50000,TRUE,12
Goku (Z - Early),ULT2,,Charging Melee Attack,FALSE,FALSE,,,,,,11700,50000,TRUE,0
Goku (Z - End) Super Saiyan 2,Blast1Data,Instant Transmission Kamehameha,Energy Projectile/Beam,FALSE,FALSE,Beam,Ki Required,Chargeable,,,0,30000,TRUE,5
Goku (Z - End) Super Saiyan 2,Blast2Data,Meteor Crash,Charging Melee Attack,FALSE,FALSE,Rush,Ki Required,,Played after a hit,,8750,30000,TRUE,0
Goku (Z - End) Super Saiyan 2,UltimateData,,Energy Projectile/Beam,FALSE,TRUE,,,,,,0,50000,TRUE,9
Goku (Z - End) Super Saiyan 3,Blast1Data,Super Kamehameha,Energy Projectile/Beam,FALSE,TRUE,Beam,Ki Required,Chargeable,,,0,30000,TRUE,5
Goku (Z - End) Super Saiyan 3,Blast2Data,Super Dragon Twin Fists,Charging Melee Attack,FALSE,FALSE,Rush,Ki Required,,Played after a hit,,11700,30000,TRUE,0
Goku (Z - End) Super Saiyan 3,UltimateData,,Charging Melee Attack,FALSE,FALSE,,,,,,11700,50000,TRUE,0
Goku (Z - End) Super Saiyan,Blast1Data,Super Kamehameha,Energy Projectile/Beam,FALSE,TRUE,Beam,Ki Required,Chargeable,,,0,30000,TRUE,5
Goku (Z - End) Super Saiyan,Blast2Data,Super Energy Wave Combo,Energy Projectile/Beam,FALSE,TRUE,Continuous Fire,Ki Required,,,,0,30000,FALSE,0
Goku (Z - End) Super Saiyan,UltimateData,,Energy Projectile/Beam,TRUE,FALSE,,,,,,0,50000,TRUE,9
Goku (Z - End) Super Saiyan,ULT2,,Charging Melee Attack,FALSE,FALSE,,,,,,8750,50000,TRUE,0
Goku (Z - End),Blast1Data,Kamehameha,Energy Projectile/Beam,FALSE,TRUE,Beam,Ki Required,Chargeable,,,0,30000,TRUE,5
Goku (Z - End),Blast2Data,Meteor Smash,Charging Melee Attack,FALSE,FALSE,Rush,Ki Required,,Played after a hit,,8750,30000,TRUE,0
Goku (Z - End),UltimateData,,Energy Projectile/Beam,TRUE,TRUE,,,,,,0,50000,TRUE,12
Goku (Z - End),ULT2,,Charging Melee Attack,FALSE,FALSE,,,,,,11700,50000,TRUE,0
Goku (Z - Mid) Super Saiyan,Blast1Data,Super Kamehameha,Energy Projectile/Beam,FALSE,TRUE,Beam,Ki Required,Chargeable,,,0,30000,TRUE,5
Goku (Z - Mid) Super Saiyan,Blast2Data,Meteor Smash,Charging Melee Attack,FALSE,FALSE,Rush,Ki Required,,Played after a hit,,8750,30000,TRUE,0
Goku (Z - Mid) Super Saiyan,UltimateData,,Energy Projectile/Beam,FALSE,TRUE,,,,,,0,50000,TRUE,9
Goku (Z - Mid) Super Saiyan,ULT2,,Charging Melee Attack,FALSE,FALSE,,,,,,11700,50000,TRUE,0
Goku (Z - Mid),Blast1Data,x20 Kaioken Kamehameha,Energy Projectile/Beam,FALSE,TRUE,Beam,Ki Required,,,,0,30000,TRUE,5
Goku (Z - Mid),Blast2Data,Kaioken Rush,Charging Melee Attack,FALSE,FALSE,Rush,Ki Required,,Played after a hit,,8750,30000,TRUE,0
Goku (Z - Mid),UltimateData,,Energy Projectile/Beam,TRUE,TRUE,,,,,,0,50000,TRUE,12
Goku Black Super Saiyan Rosé,Blast1Data,Black Kamehameha,Energy Projectile/Beam,FALSE,TRUE,Beam,Ki Required,Chargeable,,,0,30000,TRUE,5
Goku Black Super Saiyan Rosé,Blast2Data,Godly Display Slash,Charging Melee Attack,FALSE,FALSE,Rush,Ki Required,,Played after a hit,,11700,30000,TRUE,0
Goku Black Super Saiyan Rosé,UltimateData,,Charging Melee Attack,FALSE,FALSE,,,,,,11700,50000,TRUE,0
Goku Black,Blast1Data,Black Power Ball,Energy Projectile/Beam,FALSE,TRUE,Fire,Ki Required,,,,0,30000,TRUE,5
Goku Black,Blast2Data,Black Bind,Charging Melee Attack,TRUE,FALSE,Rush,Ki Required,Unguardable,Played after a hit,,8750,40000,TRUE,0
Goku Black,UltimateData,,Energy Projectile/Beam,FALSE,TRUE,,,,,,0,50000,TRUE,9
Golden Frieza,Blast1Data,Great Death Beam,Energy Projectile/Beam,FALSE,TRUE,Beam,Ki Required,,,,0,30000,FALSE,0
Golden Frieza,Blast2Data,No Hard Feelings Hit,Charging Melee Attack,FALSE,FALSE,Rush,Ki Required,,Played after a hit,,11700,30000,TRUE,0
Golden Frieza,UltimateData,,Charging Melee Attack,FALSE,FALSE,,,,,,8750,50000,TRUE,0
Goten Super Saiyan,Blast1Data,Kamekameha,Energy Projectile/Beam,FALSE,TRUE,Beam,Ki Required,Chargeable,,,0,30000,TRUE,5
Goten Super Saiyan,Blast2Data,Charge!,Charging Melee Attack,FALSE,FALSE,Rush,Ki Required,,Played after a hit,,11700,30000,TRUE,0
Goten Super Saiyan,UltimateData,,Energy Projectile/Beam,FALSE,TRUE,,,,,,0,50000,TRUE,9
Goten,Blast1Data,Boulder Toss Barrage,Energy Projectile/Beam,FALSE,TRUE,Continuous Fire,Ki Required,,,,0,20000,FALSE,0
Goten,Blast2Data,Charge!,Charging Melee Attack,FALSE,FALSE,Rush,Ki Required,,Played after a hit,,6500,20000,TRUE,0
Goten,UltimateData,,Energy Projectile/Beam,FALSE,TRUE,,,,,,0,50000,TRUE,9
Gotenks Super Saiyan 3,Blast1Data,Victory Bazooka,Energy Projectile/Beam,FALSE,TRUE,Beam,Ki Required,,,,0,30000,TRUE,5
Gotenks Super Saiyan 3,Blast2Data,DIE DIE Missile Barrage,Energy Projectile/Beam,FALSE,TRUE,Continuous Fire,Ki Required,,,,0,30000,FALSE,0
Gotenks Super Saiyan 3,UltimateData,,Charging Melee Attack,FALSE,FALSE,,,,,,8750,50000,TRUE,0
Gotenks Super Saiyan,Blast1Data,Victory Cannon,Energy Projectile/Beam,FALSE,TRUE,Beam,Ki Required,,,,0,30000,TRUE,5
Gotenks Super Saiyan,Blast2Data,Galactic Donuts,Energy Projectile/Beam,TRUE,TRUE,Fire,Ki Required,Unguardable,Played after a hit,,0,30000,FALSE,0
Gotenks Super Saiyan,UltimateData,,Energy Projectile/Beam,TRUE,TRUE,,,,,,0,50000,FALSE,0
Gotenks,Blast1Data,Full-Power Energy Wave,Energy Projectile/Beam,FALSE,TRUE,Beam,Ki Required,,,,0,30000,TRUE,5
Gotenks,Blast2Data,High Speed Rush,Charging Melee Attack,FALSE,FALSE,Rush,Ki Required,,Played after a hit,,10000,30000,TRUE,0
Gotenks,UltimateData,,Energy Projectile/Beam,FALSE,TRUE,,,,,,0,50000,TRUE,9
Grand Minister,Blast1Data,None,Energy Projectile/Beam,FALSE,FALSE,,,,,,0,30000,FALSE,0
Grand Minister,Blast2Data,Kaioken Attack,Charging Melee Attack,FALSE,FALSE,Rush,Ki Required,,Played after a hit,,8750,30000,TRUE,0
Grand Minister,UltimateData,,Energy Projectile/Beam,TRUE,TRUE,,,,,,0,50000,TRUE,12
Grandpa Gohan,Blast1Data,Kamehameha,Energy Projectile/Beam,FALSE,TRUE,Beam,Ki Required,Chargeable,,,0,30000,TRUE,5
Grandpa Gohan,Blast2Data,Turtle School Four Virtues,Charging Melee Attack,FALSE,FALSE,Rush,Ki Required,,Played after a hit,,11700,30000,TRUE,0
Grandpa Gohan,UltimateData,,Charging Melee Attack,FALSE,FALSE,,,,,,8750,50000,TRUE,0
Great Ape Baby (GT),Blast1Data,Super Galick Gun,Energy Projectile/Beam,FALSE,TRUE,Beam,Ki Required,,,,0,30000,TRUE,5
Great Ape Baby (GT),Blast2Data,Gigantic Flame,Energy Projectile/Beam,TRUE,TRUE,Short-range energy attack,Ki Required,Unguardable,,,0,30000,FALSE,0
Great Ape Baby (GT),UltimateData,,Energy Projectile/Beam,FALSE,TRUE,,,,,,0,50000,TRUE,12
Great Ape Vegeta,Blast1Data,Chou Makouhou,Energy Projectile/Beam,FALSE,TRUE,Beam,Ki Required,,,,0,30000,TRUE,5
Great Ape Vegeta,Blast2Data,Chou Makouhou Barrage,Energy Projectile/Beam,FALSE,TRUE,Continuous Fire,Ki Required,,,,0,30000,FALSE,0
Great Ape Vegeta,UltimateData,,Energy Projectile/Beam,FALSE,TRUE,,,,,,0,50000,TRUE,9
Great Saiyaman,Blast1Data,Justice Bomber,Energy Projectile/Beam,FALSE,TRUE,Explosive Wave,Ki Required,,,,0,40000,FALSE,0
Great Saiyaman,Blast2Data,Justice Rush,Charging Melee Attack,FALSE,FALSE,Rush,Ki Required,,Played after a hit,,8750,30000,TRUE,0
Great Saiyaman,UltimateData,,Charging Melee Attack,FALSE,FALSE,,,,,,11700,50000,TRUE,0
Guldo,Blast1Data,Psychic Rock Throw,Energy Projectile/Beam,FALSE,TRUE,Fire,Ki Required,,,,0,30000,FALSE,0
Guldo,Blast2Data,Full-Power Energy Blast Volley,Energy Projectile/Beam,FALSE,TRUE,Continuous Fire,Ki Required,,,,0,30000,FALSE,0
Guldo,UltimateData,,Energy Projectile/Beam,TRUE,TRUE,,,,,,0,50000,FALSE,0
Hell Fighter 17,Blast1Data,Hell Breaker,Energy Projectile/Beam,FALSE,TRUE,Fire,Ki Required,,,,0,30000,TRUE,5
Hell Fighter 17,Blast2Data,Full Power Energy Blast Volley,Energy Projectile/Beam,FALSE,TRUE,Continuous Fire,Ki Required,,,,0,30000,FALSE,0
Hell Fighter 17,UltimateData,,Charging Melee Attack,FALSE,FALSE,,,,,,10000,50000,TRUE,0
Hirudegarn,Blast1Data,Chou Makousen,Energy Projectile/Beam,FALSE,TRUE,Short-range energy attack,Ki Required,,,,0,20000,FALSE,0
Hirudegarn,Blast2Data,Super Explosive Wave,Energy Projectile/Beam,FALSE,TRUE,Explosive Wave,Ki Required,,,,0,40000,FALSE,0
Hirudegarn,UltimateData,,Energy Projectile/Beam,FALSE,TRUE,,,,,,0,50000,TRUE,9
Hit,Blast1Data,Assassin's Art,Energy Projectile/Beam,FALSE,TRUE,Fire,Ki Required,,,,0,30000,FALSE,0
Hit,Blast2Data,Time Skip/Jump Spike,Charging Melee Attack,FALSE,FALSE,Rush,Ki Required,,Played after a hit,,8750,40000,TRUE,0
Hit,UltimateData,,Charging Melee Attack,FALSE,FALSE,,,,,,11700,50000,TRUE,0
Jaco,Blast1Data,Elite Beam,Energy Projectile/Beam,FALSE,TRUE,Beam,Ki Required,,,,0,20000,FALSE,0
Jaco,Blast2Data,Elite Rush,Charging Melee Attack,FALSE,FALSE,Rush,Ki Required,,Played after a hit,,8750,30000,TRUE,0
Jaco,UltimateData,,Charging Melee Attack,FALSE,FALSE,,,,,,11700,50000,TRUE,0
Janemba,Blast1Data,Chou Makouhou,Energy Projectile/Beam,FALSE,TRUE,Beam,Ki Required,,,,0,30000,TRUE,5
Janemba,Blast2Data,Rapid Cannon,Energy Projectile/Beam,FALSE,TRUE,Simultaneous Fire,Ki Required,,,,0,30000,FALSE,0
Janemba,UltimateData,,Throw,TRUE,FALSE,,,,,,11700,50000,FALSE,0
Jeice,Blast1Data,Full-Power Energy Wave,Energy Projectile/Beam,FALSE,TRUE,Beam,Ki Required,,,,0,30000,TRUE,5
Jeice,Blast2Data,Crusher Ball,Energy Projectile/Beam,FALSE,TRUE,Fire,Ki Required,,,,0,30000,TRUE,5
Jeice,UltimateData,,Charging Melee Attack,FALSE,FALSE,,,,,,8750,50000,TRUE,0
Jiren Full Power,Blast1Data,Heatwave Magnetron,Energy Projectile/Beam,FALSE,TRUE,Beam,Ki Required,,,,0,30000,TRUE,5
Jiren Full Power,Blast2Data,Overheating Blast,Energy Projectile/Beam,FALSE,TRUE,Explosive Wave,Ki Required,,,,0,40000,FALSE,0
Jiren Full Power,UltimateData,,Energy Projectile/Beam,TRUE,TRUE,,,,,,0,50000,TRUE,9
Jiren,Blast1Data,Power Impact,Energy Projectile/Beam,FALSE,TRUE,Fire,Ki Required,,,,0,30000,TRUE,5
Jiren,Blast2Data,Infinity Rush,Charging Melee Attack,FALSE,FALSE,Rush,Ki Required,,Played after a hit,,11700,30000,TRUE,0
Jiren,UltimateData,,Charging Melee Attack,FALSE,FALSE,,,,,,8750,50000,TRUE,0
Kakunsa,Blast1Data,Primal Charge,Charging Melee Attack,TRUE,FALSE,Rush,Ki Required,Unguardable,,,11700,40000,TRUE,0
Kakunsa,Blast2Data,Primal Instinct,Charging Melee Attack,FALSE,FALSE,Rush,Ki Required,,Played after a hit,,8750,30000,TRUE,0
Kakunsa,UltimateData,,Energy Projectile/Beam,FALSE,TRUE,,,,,,0,50000,TRUE,8
Kale Super Saiyan (Berserk),Blast1Data,Gigantic Impact,Energy Projectile/Beam,FALSE,TRUE,Fire,Ki Required,,,,0,30000,TRUE,5
Kale Super Saiyan (Berserk),Blast2Data,Gigantic Throw,Charging Melee Attack,FALSE,FALSE,Rush,Ki Required,,Played after a hit,,8750,30000,TRUE,0
Kale Super Saiyan (Berserk),UltimateData,,Energy Projectile/Beam,FALSE,TRUE,,,,,,0,50000,FALSE,0
Kale Super Saiyan,Blast1Data,Resistance Blast,Energy Projectile/Beam,FALSE,TRUE,Fire,Ki Required,,,,0,30000,TRUE,5
Kale Super Saiyan,Blast2Data,Super Explosive Wave,Energy Projectile/Beam,FALSE,TRUE,Explosive Wave,Ki Required,,,,0,40000,FALSE,0
Kale Super Saiyan,UltimateData,,Energy Projectile/Beam,TRUE,TRUE,,,,,,0,50000,TRUE,9
Kale,Blast1Data,Resistance Cannon,Energy Projectile/Beam,FALSE,TRUE,Beam,Ki Required,,,,0,30000,TRUE,5
Kale,Blast2Data,Full-Power Energy Blast Volley,Energy Projectile/Beam,FALSE,TRUE,Continuous Fire,Ki Required,,,,0,30000,FALSE,0
Kale,UltimateData,,Energy Projectile/Beam,FALSE,TRUE,,,,,,0,50000,TRUE,8
Kami (First Gen.),Blast1Data,None,Energy Projectile/Beam,FALSE,FALSE,,,,,,0,30000,FALSE,0
Kami (First Gen.),Blast2Data,Kaioken Attack,Charging Melee Attack,FALSE,FALSE,Rush,Ki Required,,Played after a hit,,8750,30000,TRUE,0
Kami (First Gen.),UltimateData,,Energy Projectile/Beam,TRUE,TRUE,,,,,,0,50000,TRUE,12
Kefla Super Saiyan 2,Blast1Data,Gigantic Ray,Energy Projectile/Beam,FALSE,TRUE,Simultaneous Fire,Ki Required,,,,0,30000,FALSE,0
Kefla Super Saiyan 2,Blast2Data,Gigantic Breaker,Charging Melee Attack,FALSE,FALSE,Rush,Ki Required,,Played after a hit,,11700,30000,TRUE,0
Kefla Super Saiyan 2,UltimateData,,Energy Projectile/Beam,FALSE,TRUE,,,,,,0,50000,FALSE,0
Kefla Super Saiyan,Blast1Data,Blaster Ball,Energy Projectile/Beam,FALSE,TRUE,Fire,Ki Required,,,,0,30000,TRUE,5
Kefla Super Saiyan,Blast2Data,Gigantic Claw,Charging Melee Attack,FALSE,FALSE,Rush,Ki Required,,Played after a hit,,8750,30000,TRUE,0
Kefla Super Saiyan,UltimateData,,Energy Projectile/Beam,FALSE,TRUE,,,,,,0,50000,FALSE,0
Kefla,Blast1Data,Blaster Ball,Energy Projectile/Beam,FALSE,TRUE,Fire,Ki Required,,,,0,30000,TRUE,5
Kefla,Blast2Data,Gigantic Swing,Charging Melee Attack,FALSE,FALSE,Rush,Ki Required,,Played after a hit,,8750,30000,TRUE,0
Kefla,UltimateData,,Energy Projectile/Beam,FALSE,TRUE,,,,,,0,50000,FALSE,0
Kid Buu,Blast1Data,Super Kamehameha,Energy Projectile/Beam,FALSE,TRUE,Beam,Ki Required,Chargeable,,,0,30000,TRUE,5
Kid Buu,Blast2Data,Mystic Combination,Charging Melee Attack,FALSE,FALSE,Rush,Ki Required,,Played after a hit,,11700,30000,TRUE,0
Kid Buu,UltimateData,,Energy Projectile/Beam,FALSE,TRUE,,,,,,0,50000,TRUE,12
King Cold,Blast1Data,Full-Power Death Beam,Energy Projectile/Beam,FALSE,TRUE,Beam,Ki Required,,,,0,20000,FALSE,0
King Cold,Blast2Data,Super Explosive Wave,Energy Projectile/Beam,FALSE,TRUE,Explosive Wave,Ki Required,,,,0,40000,FALSE,0
King Cold,UltimateData,,Charging Melee Attack,FALSE,FALSE,,,,,,11700,50000,TRUE,0
King Kai,Blast1Data,None,Energy Projectile/Beam,FALSE,FALSE,,,,,,0,30000,FALSE,0
King Kai,Blast2Data,Kaioken Attack,Charging Melee Attack,FALSE,FALSE,Rush,Ki Required,,Played after a hit,,8750,30000,TRUE,0
King Kai,UltimateData,,Energy Projectile/Beam,TRUE,TRUE,,,,,,0,50000,TRUE,12
King Vegeta,Blast1Data,Execution Beam,Energy Projectile/Beam,FALSE,TRUE,Beam,Ki Required,,,,0,30000,TRUE,5
King Vegeta,Blast2Data,Super Energy Wave Combo,Energy Projectile/Beam,FALSE,TRUE,Continuous Fire,Ki Required,,,,0,30000,FALSE,0
King Vegeta,UltimateData,,Charging Melee Attack,FALSE,FALSE,,,,,,8750,50000,TRUE,0
Korin,Blast1Data,None,Energy Projectile/Beam,FALSE,FALSE,,,,,,0,30000,FALSE,0
Korin,Blast2Data,Kaioken Attack,Charging Melee Attack,FALSE,FALSE,Rush,Ki Required,,Played after a hit,,8750,30000,TRUE,0
Korin,UltimateData,,Energy Projectile/Beam,TRUE,TRUE,,,,,,0,50000,TRUE,12
Krillin,Blast1Data,Kamehameha,Energy Projectile/Beam,FALSE,TRUE,Beam,Ki Required,Chargeable,,,0,30000,TRUE,5
Krillin,Blast2Data,Spread Energy Wave,Special,FALSE,TRUE,Simultaneous Fire,Ki Required,,,,0,30000,FALSE,0
Krillin,UltimateData,,Energy Projectile/Beam,TRUE,TRUE,,,,,,0,50000,FALSE,0
Krillin,ULT2,,Charging Melee Attack,FALSE,FALSE,,,,,,8750,50000,TRUE,0
Lord Slug Giant Form,Blast1Data,Darkness Eye Beam,Energy Projectile/Beam,FALSE,TRUE,Mow down and explode,Ki Required,,,,0,30000,FALSE,0
Lord Slug Giant Form,Blast2Data,Super Explosive Wave,Energy Projectile/Beam,FALSE,TRUE,Explosive Wave,Ki Required,,,,0,40000,FALSE,0
Lord Slug Giant Form,UltimateData,,Energy Projectile/Beam,FALSE,TRUE,,,,,,0,50000,TRUE,9
Lord Slug,Blast1Data,Finger Beam,Energy Projectile/Beam,FALSE,TRUE,Beam,Ki Required,,,,0,20000,FALSE,0
Lord Slug,Blast2Data,Darkness Eye Beam,Energy Projectile/Beam,FALSE,TRUE,Mow down and explode,Ki Required,,,,0,30000,FALSE,0
Lord Slug,UltimateData,,Charging Melee Attack,FALSE,FALSE,,,,,,11700,50000,TRUE,0
Ma Junior Giant Form,Blast1Data,Chou Makouhou,Energy Projectile/Beam,FALSE,TRUE,Beam,Ki Required,,,,0,30000,TRUE,5
Ma Junior Giant Form,Blast2Data,Super Explosive Wave,Energy Projectile/Beam,FALSE,TRUE,Explosive Wave,Ki Required,,,,0,40000,FALSE,0
Ma Junior Giant Form,UltimateData,,Throw,TRUE,FALSE,,,,,,6750,50000,FALSE,9
Ma Junior,Blast1Data,Soumasen,Energy Projectile/Beam,FALSE,TRUE,Beam,Ki Required,,,,0,30000,FALSE,0
Ma Junior,Blast2Data,Demonic Chase Grenade,Energy Projectile/Beam,FALSE,TRUE,Fire,Ki Required,,,,0,30000,TRUE,5
Ma Junior,UltimateData,,Energy Projectile/Beam,FALSE,TRUE,,,,,,0,50000,FALSE,0
Magenta,Blast1Data,None,Energy Projectile/Beam,FALSE,FALSE,,,,,,0,30000,FALSE,0
Magenta,Blast2Data,Kaioken Attack,Charging Melee Attack,FALSE,FALSE,Rush,Ki Required,,Played after a hit,,8750,30000,TRUE,0
Magenta,UltimateData,,Energy Projectile/Beam,TRUE,TRUE,,,,,,0,50000,TRUE,12
Mai,Blast1Data,None,Energy Projectile/Beam,FALSE,FALSE,,,,,,0,30000,FALSE,0
Mai,Blast2Data,Kaioken Attack,Charging Melee Attack,FALSE,FALSE,Rush,Ki Required,,Played after a hit,,8750,30000,TRUE,0
Mai,UltimateData,,Energy Projectile/Beam,TRUE,TRUE,,,,,,0,50000,TRUE,12
Majin Buu (Evil),Blast1Data,Super Kamehameha,Energy Projectile/Beam,FALSE,TRUE,Beam,Ki Required,Chargeable,,,0,30000,TRUE,5
Majin Buu (Evil),Blast2Data,Flame Shower Breath,Energy Projectile/Beam,TRUE,TRUE,Short-range energy attack,Ki Required,Unguardable,,,0,30000,FALSE,0
Majin Buu (Evil),UltimateData,,Charging Melee Attack,FALSE,FALSE,,,,,,8750,50000,TRUE,0
Majin Buu,Blast1Data,Buu Buu Gum,Energy Projectile/Beam,FALSE,TRUE,Fire,Ki Required,,Played after a hit,,0,30000,FALSE,0
Majin Buu,Blast2Data,Super Kamehameha,Energy Projectile/Beam,FALSE,TRUE,Beam,Ki Required,Chargeable,,,0,30000,TRUE,5
Majin Buu,UltimateData,,Energy Projectile/Beam,TRUE,TRUE,,,,,,0,50000,FALSE,0
Majin Duu,Blast1Data,Powerful Cannon,Energy Projectile/Beam,FALSE,TRUE,Fire,Ki Required,,,,0,30000,TRUE,5
Majin Duu,Blast2Data,Rolling Attack,Charging Melee Attack,TRUE,FALSE,Rush,Ki Required,Unguardable,,,10000,40000,TRUE,0
Majin Duu,UltimateData,,Charging Melee Attack,FALSE,FALSE,,,,,,8750,50000,TRUE,0
Majin Kuu,Blast1Data,Cresent Energy Wave,Energy Projectile/Beam,FALSE,TRUE,Fire,Ki Required,,,,0,30000,FALSE,0
Majin Kuu,Blast2Data,Majin Corkscrew Attack,Charging Melee Attack,TRUE,FALSE,Rush,Ki Required,Unguardable,,,10000,40000,TRUE,0
Majin Kuu,UltimateData,,Charging Melee Attack,FALSE,FALSE,,,,,,11700,50000,TRUE,0
Majin Vegeta,Blast1Data,Final Impact,Energy Projectile/Beam,FALSE,TRUE,Fire,Ki Required,,,,0,30000,TRUE,5
Majin Vegeta,Blast2Data,Big Bang Attack,Energy Projectile/Beam,FALSE,TRUE,Fire,Ki Required,,,,0,30000,TRUE,5
Majin Vegeta,UltimateData,,Charging Melee Attack,TRUE,TRUE,,,,,,0,50000,FALSE,0
Majuub (GT),Blast1Data,Super Consecutive Energy Blast,Energy Projectile/Beam,FALSE,TRUE,Continuous Fire,Ki Required,,,,0,20000,FALSE,0
Majuub (GT),Blast2Data,Majin Beam,Energy Projectile/Beam,TRUE,TRUE,Beam,Ki Required,Unguardable,Played after a hit,,0,40000,FALSE,0
Majuub (GT),UltimateData,,Charging Melee Attack,FALSE,FALSE,,,,,,8750,50000,TRUE,0
Master Roshi Max Power,Blast1Data,Original Kamehameha,Energy Projectile/Beam,FALSE,TRUE,Beam,Ki Required,,,,0,30000,TRUE,5
Master Roshi Max Power,Blast2Data,Turtle School Ultimate Fist,Charging Melee Attack,FALSE,FALSE,Rush,Ki Required,,Played after a hit,,8750,30000,TRUE,0
Master Roshi Max Power,UltimateData,,Energy Projectile/Beam,FALSE,TRUE,,,,,,0,50000,TRUE,9
Master Roshi,Blast1Data,Original Kamehameha,Energy Projectile/Beam,FALSE,TRUE,Beam,Ki Required,,,,0,30000,TRUE,5
Master Roshi,Blast2Data,Thunder Shock Surprise,Energy Projectile/Beam,TRUE,TRUE,Beam,Ki Required,Unguardable,Played after a hit,,0,40000,FALSE,0
Master Roshi,UltimateData,,Energy Projectile/Beam,TRUE,TRUE,,,,,,0,50000,FALSE,0
Mecha Frieza,Blast1Data,Death Beam,Energy Projectile/Beam,FALSE,TRUE,Beam,Ki Required,,,,0,20000,FALSE,0
Mecha Frieza,Blast2Data,Fissure Slash,Energy Projectile/Beam,TRUE,TRUE,Fire,Ki Required,Unguardable,,,0,30000,FALSE,0
Mecha Frieza,UltimateData,,Energy Projectile/Beam,FALSE,TRUE,,,,,,0,50000,TRUE,12
Mercenary Tao,Blast1Data,Original Dodon Ray,Energy Projectile/Beam,FALSE,TRUE,Beam,Ki Required,,,,0,20000,FALSE,0
Mercenary Tao,Blast2Data,Crane Style Assassin Strike,Charging Melee Attack,FALSE,FALSE,Rush,Ki Required,,Played after a hit,,11700,30000,TRUE,0
Mercenary Tao,UltimateData,,Charging Melee Attack,FALSE,FALSE,,,,,,8750,50000,TRUE,0
Metal Cooler,Blast1Data,Lock-On Buster,Energy Projectile/Beam,TRUE,TRUE,Fire,Ki Required,Unguardable,,,0,40000,FALSE,0
Metal Cooler,Blast2Data,Finger Blitz Barrage,Energy Projectile/Beam,FALSE,TRUE,Continuous Fire,Ki Required,,,,0,20000,FALSE,0
Metal Cooler,UltimateData,,Energy Projectile/Beam,FALSE,TRUE,,,,,,0,50000,TRUE,12
Mighty Mask,Blast1Data,Victory Cannon,Energy Projectile/Beam,FALSE,TRUE,Beam,Ki Required,,,,0,30000,TRUE,5
Mighty Mask,Blast2Data,Mighty Rush,Charging Melee Attack,FALSE,FALSE,Rush,Ki Required,,Played after a hit,,8750,30000,TRUE,0
Mighty Mask,UltimateData,,Energy Projectile/Beam,FALSE,TRUE,,,,,,0,50000,TRUE,9
Mr. Satan,Blast1Data,Dynamite Kick,Charging Melee Attack,FALSE,FALSE,Rush,Ki Required,,Played after a hit,,10000,30000,TRUE,0
Mr. Satan,Blast2Data,Present Bomb,Charging Melee Attack,TRUE,FALSE,Rush,Ki Required,Unguardable,Played after a hit,,11700,40000,TRUE,0
Mr. Satan,UltimateData,,Charging Melee Attack,FALSE,FALSE,,,,,,8750,50000,TRUE,0
Mysterious Man,Blast1Data,Burning Attack,Energy Projectile/Beam,FALSE,TRUE,Fire,Ki Required,,,,0,30000,TRUE,5
Mysterious Man,Blast2Data,Burning Storm,Energy Projectile/Beam,FALSE,TRUE,Continuous Fire,Ki Required,,,,0,30000,FALSE,0
Mysterious Man,UltimateData,,Charging Melee Attack,FALSE,FALSE,,,,,,11700,50000,TRUE,0
Nail,Blast1Data,Full-Power Energy Wave,Energy Projectile/Beam,FALSE,TRUE,Beam,Ki Required,,,,0,30000,TRUE,5
Nail,Blast2Data,Super Destructive Wave,Energy Projectile/Beam,FALSE,TRUE,Explosive Wave,Ki Required,,,,0,40000,FALSE,0
Nail,UltimateData,,Charging Melee Attack,FALSE,FALSE,,,,,,8750,50000,TRUE,0
Nam,Blast1Data,Shura Gekiretsuken,Charging Melee Attack,FALSE,FALSE,Rush,Ki Required,,Played after a hit,,8750,30000,TRUE,0
Nam,Blast2Data,Cross Arm Hurricane,Charging Melee Attack,TRUE,FALSE,Rush,Ki Required,Unguardable,,,11700,40000,TRUE,0
Nam,UltimateData,,Charging Melee Attack,FALSE,FALSE,,,,,,11700,50000,TRUE,0
Namek Village Elder,Blast1Data,None,Energy Projectile/Beam,FALSE,FALSE,,,,,,0,30000,FALSE,0
Namek Village Elder,Blast2Data,Kaioken Attack,Charging Melee Attack,FALSE,FALSE,Rush,Ki Required,,Played after a hit,,8750,30000,TRUE,0
Namek Village Elder,UltimateData,,Energy Projectile/Beam,TRUE,TRUE,,,,,,0,50000,TRUE,12
Nappa,Blast1Data,Volcano Explosion,Energy Projectile/Beam,FALSE,FALSE,Attack opponent's location,Ki Required,,,,0,40000,FALSE,0
Nappa,Blast2Data,Blazing Storm,Energy Projectile/Beam,FALSE,FALSE,Mow down and explode,Ki Required,,,,0,20000,FALSE,0
Nappa,UltimateData,,Energy Projectile/Beam,FALSE,TRUE,,,,,,0,50000,TRUE,9
NOT USED,Blast1Data,None,Energy Projectile/Beam,FALSE,FALSE,,,,,,0,30000,FALSE,0
NOT USED,Blast2Data,Kaioken Attack,Charging Melee Attack,FALSE,FALSE,Rush,Ki Required,,Played after a hit,,8750,30000,TRUE,0
NOT USED,UltimateData,,Energy Projectile/Beam,TRUE,TRUE,,,,,,0,50000,TRUE,12
Nuova Shenron (GT),Blast1Data,Burst Attack,Energy Projectile/Beam,FALSE,TRUE,Fire,Ki Required,,,,0,30000,TRUE,5
Nuova Shenron (GT),Blast2Data,Burning Tornado,Charging Melee Attack,TRUE,FALSE,Rush,Ki Required,Unguardable,,,8750,40000,TRUE,0
Nuova Shenron (GT),UltimateData,,Charging Melee Attack,FALSE,FALSE,,,,,,8750,50000,TRUE,0
Omega Shenron (GT),Blast1Data,Gigantic Blaze,Energy Projectile/Beam,FALSE,FALSE,Attack opponent's location,Ki Required,,Played after a hit,,0,40000,FALSE,0
Omega Shenron (GT),Blast2Data,Dragon Thunder,Charging Melee Attack,FALSE,FALSE,Rush,Ki Required,,Played after a hit,,8750,30000,TRUE,0
Omega Shenron (GT),UltimateData,,Energy Projectile/Beam,FALSE,TRUE,,,,,,0,50000,TRUE,12
Oolong,Blast1Data,None,Energy Projectile/Beam,FALSE,FALSE,,,,,,0,30000,FALSE,0
Oolong,Blast2Data,Kaioken Attack,Charging Melee Attack,FALSE,FALSE,Rush,Ki Required,,Played after a hit,,8750,30000,TRUE,0
Oolong,UltimateData,,Energy Projectile/Beam,TRUE,TRUE,,,,,,0,50000,TRUE,12
Orange Piccolo Giant Form,Blast1Data,Chou Makouhou,Energy Projectile/Beam,FALSE,TRUE,Beam,Ki Required,,,,0,30000,TRUE,5
Orange Piccolo Giant Form,Blast2Data,Mighty Fist,Throw,TRUE,FALSE,Rush,Ki Required,Unguardable,,,0,40000,FALSE,0
Orange Piccolo Giant Form,UltimateData,,Throw,TRUE,FALSE,,,,,,6750,50000,FALSE,9
Orange Piccolo,Blast1Data,Explosive Demon Wave,Energy Projectile/Beam,FALSE,TRUE,Beam,Ki Required,,,,0,30000,TRUE,5
Orange Piccolo,Blast2Data,Fierce Fist,Charging Melee Attack,FALSE,FALSE,Rush,Ki Required,,Played after a hit,,10000,30000,TRUE,5
Orange Piccolo,UltimateData,,Charging Melee Attack,FALSE,FALSE,,,,,,8750,50000,TRUE,0
Pan (GT),Blast1Data,Kamehameha,Energy Projectile/Beam,FALSE,TRUE,Beam,Ki Required,Chargeable,,,0,30000,TRUE,5
Pan (GT),Blast2Data,Giru Missile,Charging Melee Attack,FALSE,FALSE,Rush,Ki Required,,Played after a hit,,8750,30000,TRUE,0
Pan (GT),UltimateData,,Charging Melee Attack,FALSE,FALSE,,,,,,11700,50000,TRUE,0
Panzy,Blast1Data,Last Chance Shot,Energy Projectile/Beam,FALSE,TRUE,Fire,Ki Required,,,,0,20000,FALSE,0
Panzy,Blast2Data,Last Chance Shock,Energy Projectile/Beam,TRUE,TRUE,Fire,Ki Required,Unguardable,Played after a hit,,0,40000,FALSE,0
Panzy,UltimateData,,Energy Projectile/Beam,FALSE,TRUE,,,,,,0,50000,FALSE,0
Perfect Cell,Blast1Data,Perfect Beam,Energy Projectile/Beam,FALSE,TRUE,Beam,Ki Required,,,,0,20000,FALSE,0
Perfect Cell,Blast2Data,Perfect Rush,Charging Melee Attack,FALSE,FALSE,Rush,Ki Required,,Played after a hit,,11700,30000,TRUE,0
Perfect Cell,UltimateData,,Energy Projectile/Beam,FALSE,TRUE,,,,,,0,50000,TRUE,9
Piccolo (Fused with Kami),Blast1Data,Special Beam Cannon,Energy Projectile/Beam,FALSE,TRUE,Beam,Ki Required,Chargeable,,,0,30000,FALSE,0
Piccolo (Fused with Kami),Blast2Data,Light Grenade,Energy Projectile/Beam,FALSE,TRUE,Fire,Ki Required,,,,0,30000,TRUE,5
Piccolo (Fused with Kami),UltimateData,,Energy Projectile/Beam,FALSE,TRUE,,,,,,0,50000,FALSE,0
Piccolo (Fused with Kami),ULT2,,Charging Melee Attack,FALSE,FALSE,,,,,,8750,50000,TRUE,0
Piccolo (Super Hero) Power Awakening,Blast1Data,Explosive Ruin,Energy Projectile/Beam,FALSE,TRUE,Fire,Ki Required,,,,0,30000,FALSE,0
Piccolo (Super Hero) Power Awakening,Blast2Data,Chou Magougeki,Charging Melee Attack,FALSE,FALSE,Rush,Ki Required,,Played after a hit,,8750,30000,TRUE,5
Piccolo (Super Hero) Power Awakening,UltimateData,,Energy Projectile/Beam,FALSE,TRUE,,,,,,0,50000,FALSE,0
Piccolo (Super Hero),Blast1Data,Full Power Energy Blast Volley,Energy Projectile/Beam,FALSE,TRUE,Beam,Ki Required,,,,0,30000,FALSE,0
Piccolo (Super Hero),Blast2Data,Full Power Rush,Charging Melee Attack,FALSE,FALSE,Rush,Ki Required,,Played after a hit,,8750,30000,TRUE,5
Piccolo (Super Hero),UltimateData,,Energy Projectile/Beam,FALSE,TRUE,,,,,,0,50000,TRUE,9
Piccolo,Blast1Data,Explosive Demon Wave,Energy Projectile/Beam,FALSE,TRUE,Short-range energy attack,Ki Required,,,,0,20000,FALSE,0
Piccolo,Blast2Data,Explosive Breath Cannon,Charging Melee Attack,FALSE,FALSE,Rush,Ki Required,,Played after a hit,,8750,30000,TRUE,0
Piccolo,UltimateData,,Energy Projectile/Beam,FALSE,TRUE,,,,,,0,50000,FALSE,0
Piccolo,ULT2,,Charging Melee Attack,FALSE,FALSE,,,,,,8750,50000,TRUE,0
Pikkon,Blast1Data,Hyper Tornado,Charging Melee Attack,TRUE,FALSE,Rush,Ki Required,Unguardable,,,10000,40000,TRUE,0
Pikkon,Blast2Data,Burning Shoot,Charging Melee Attack,FALSE,FALSE,Rush,Ki Required,,Played after a hit,,8750,30000,TRUE,0
Pikkon,UltimateData,,Energy Projectile/Beam,FALSE,TRUE,,,,,,0,50000,TRUE,9
Pilaf,Blast1Data,None,Energy Projectile/Beam,FALSE,FALSE,,,,,,0,30000,FALSE,0
Pilaf,Blast2Data,Kaioken Attack,Charging Melee Attack,FALSE,FALSE,Rush,Ki Required,,Played after a hit,,8750,30000,TRUE,0
Pilaf,UltimateData,,Energy Projectile/Beam,TRUE,TRUE,,,,,,0,50000,TRUE,12
Puar,Blast1Data,None,Energy Projectile/Beam,FALSE,FALSE,,,,,,0,30000,FALSE,0
Puar,Blast2Data,Kaioken Attack,Charging Melee Attack,FALSE,FALSE,Rush,Ki Required,,Played after a hit,,8750,30000,TRUE,0
Puar,UltimateData,,Energy Projectile/Beam,TRUE,TRUE,,,,,,0,50000,TRUE,12
Raditz,Blast1Data,Energy Crash,Energy Projectile/Beam,FALSE,TRUE,Fire,Ki Required,,,,0,30000,TRUE,5
Raditz,Blast2Data,Sonic Assault,Charging Melee Attack,FALSE,FALSE,Rush,Ki Required,,Played after a hit,,8750,30000,TRUE,0
Raditz,UltimateData,,Energy Projectile/Beam,FALSE,TRUE,,,,,,0,50000,TRUE,8
Recoome,Blast1Data,Recoome Eraser Gun,Energy Projectile/Beam,FALSE,TRUE,Beam,Ki Required,,,,0,30000,TRUE,5
Recoome,Blast2Data,Recoome Grenade Bomber,Energy Projectile/Beam,FALSE,TRUE,Continuous Fire,Ki Required,,,,0,30000,FALSE,0
Recoome,UltimateData,,Energy Projectile/Beam,FALSE,TRUE,,,,,,0,50000,FALSE,0
Ribrianne,Blast1Data,Pretty Cannon,Energy Projectile/Beam,FALSE,TRUE,Fire,Ki Required,,,,0,30000,TRUE,5
Ribrianne,Blast2Data,Maiden's Charge,Charging Melee Attack,TRUE,FALSE,Rush,Ki Required,Unguardable,,,10000,40000,TRUE,0
Ribrianne,UltimateData,,Charging Melee Attack,FALSE,FALSE,,,,,,11700,50000,TRUE,0
Roasie,Blast1Data,Yatchaina Fist,Energy Projectile/Beam,FALSE,TRUE,Simultaneous Fire,Ki Required,,,,0,30000,FALSE,0
Roasie,Blast2Data,Full-Power Energy Blast Volley,Energy Projectile/Beam,FALSE,TRUE,Continuous Fire,Ki Required,,,,0,30000,FALSE,0
Roasie,UltimateData,,Energy Projectile/Beam,FALSE,TRUE,,,,,,0,50000,TRUE,8
Saibaman,Blast1Data,Full-Power Energy Wave,Energy Projectile/Beam,FALSE,TRUE,Beam,Ki Required,,,,0,30000,TRUE,5
Saibaman,Blast2Data,High Speed Rush,Charging Melee Attack,FALSE,FALSE,Rush,Ki Required,,Played after a hit,,10000,30000,TRUE,0
Saibaman,UltimateData,,Charging Melee Attack,FALSE,FALSE,,,,,,11700,50000,TRUE,0
Salza,Blast1Data,Full-Power Energy Wave,Energy Projectile/Beam,FALSE,TRUE,Beam,Ki Required,,,,0,30000,TRUE,5
Salza,Blast2Data,Spread Finger Beam,Energy Projectile/Beam,FALSE,TRUE,Beam,Ki Required,,,,0,20000,FALSE,0
Salza,UltimateData,,Charging Melee Attack,FALSE,FALSE,,,,,,11700,50000,TRUE,0
Shallot,Blast1Data,Wild Cannon,Energy Projectile/Beam,FALSE,TRUE,Beam,Ki Required,,,,0,30000,TRUE,5
Shallot,Blast2Data,Meteor Break,Charging Melee Attack,FALSE,FALSE,Rush,Ki Required,,Played after a hit,,8750,30000,TRUE,0
Shallot,UltimateData,,Charging Melee Attack,FALSE,FALSE,,,,,,11700,50000,TRUE,0
Shu,Blast1Data,None,Energy Projectile/Beam,FALSE,FALSE,,,,,,0,30000,FALSE,0
Shu,Blast2Data,Kaioken Attack,Charging Melee Attack,FALSE,FALSE,Rush,Ki Required,,Played after a hit,,8750,30000,TRUE,0
Shu,UltimateData,,Energy Projectile/Beam,TRUE,TRUE,,,,,,0,50000,TRUE,12
Spike the Devil Man,Blast1Data,Fork Attack,Energy Projectile/Beam,FALSE,TRUE,Fire,Ki Required,,,,0,20000,FALSE,0
Spike the Devil Man,Blast2Data,Demon Fork Rush,Charging Melee Attack,FALSE,FALSE,Rush,Ki Required,,Played after a hit,,8750,30000,TRUE,0
Spike the Devil Man,UltimateData,,Energy Projectile/Beam,TRUE,TRUE,,,,,,0,50000,FALSE,0
Spopovich,Blast1Data,Berserker Crash,Charging Melee Attack,TRUE,FALSE,Rush,Ki Required,Unguardable,,,8750,40000,TRUE,0
Spopovich,Blast2Data,Mad Banquet,Charging Melee Attack,FALSE,FALSE,Rush,Ki Required,,Played after a hit,,8750,30000,TRUE,0
Spopovich,UltimateData,,Charging Melee Attack,FALSE,FALSE,,,,,,11700,50000,TRUE,0
Super 17 (GT),Blast1Data,Full-Power Energy Wave,Energy Projectile/Beam,FALSE,TRUE,Beam,Ki Required,,,,0,30000,TRUE,5
Super 17 (GT),Blast2Data,Flash Bomber,Energy Projectile/Beam,FALSE,TRUE,Continuous Fire,Ki Required,,,,0,30000,FALSE,0
Super 17 (GT),UltimateData,,Energy Projectile/Beam,FALSE,TRUE,,,,,,0,50000,TRUE,8
Super Baby 1 (GT),Blast1Data,Galick Gun,Energy Projectile/Beam,FALSE,TRUE,Beam,Ki Required,,,,0,30000,TRUE,5
Super Baby 1 (GT),Blast2Data,Tuffle Revenger,Charging Melee Attack,FALSE,FALSE,Rush,Ki Required,,Played after a hit,,8750,30000,TRUE,0
Super Baby 1 (GT),UltimateData,,Energy Projectile/Beam,FALSE,TRUE,,,,,,0,50000,TRUE,9
Super Baby 2 (GT),Blast1Data,Final Flash,Energy Projectile/Beam,FALSE,TRUE,Beam,Ki Required,,,,0,30000,TRUE,5
Super Baby 2 (GT),Blast2Data,Revenge Cutter,Energy Projectile/Beam,TRUE,TRUE,Fire,Ki Required,Unguardable,,,0,30000,FALSE,0
Super Baby 2 (GT),UltimateData,,Energy Projectile/Beam,FALSE,TRUE,,,,,,0,50000,TRUE,8
Super Buu (Gohan Absorbed),Blast1Data,Super Kamehameha,Energy Projectile/Beam,FALSE,TRUE,Beam,Ki Required,Chargeable,,,0,30000,TRUE,5
Super Buu (Gohan Absorbed),Blast2Data,Majin Beam,Energy Projectile/Beam,TRUE,TRUE,Beam,Ki Required,Unguardable,Played after a hit,,0,40000,FALSE,0
Super Buu (Gohan Absorbed),UltimateData,,Energy Projectile/Beam,TRUE,TRUE,,,,,,0,50000,FALSE,0
Super Buu (Gotenks Absorbed),Blast1Data,Galactic Donut Volley,Energy Projectile/Beam,TRUE,TRUE,Fire,Ki Required,Unguardable,,,0,30000,FALSE,0
Super Buu (Gotenks Absorbed),Blast2Data,Special Beam Cannon,Energy Projectile/Beam,FALSE,TRUE,Beam,Ki Required,Chargeable,,,0,30000,FALSE,0
Super Buu (Gotenks Absorbed),UltimateData,,Energy Projectile/Beam,FALSE,TRUE,,,,,,0,50000,TRUE,9
Super Buu,Blast1Data,Assault Rain,Energy Projectile/Beam,FALSE,TRUE,Simultaneous Fire,Ki Required,,,,0,30000,FALSE,0
Super Buu,Blast2Data,Majin Beam,Energy Projectile/Beam,TRUE,TRUE,Beam,Ki Required,Unguardable,Played after a hit,,0,40000,FALSE,0
Super Buu,UltimateData,,Energy Projectile/Beam,TRUE,TRUE,,,,,,0,50000,FALSE,0
Super Garlic Jr.,Blast1Data,Death Impact,Energy Projectile/Beam,FALSE,TRUE,Beam,Ki Required,,,,0,30000,TRUE,5
Super Garlic Jr.,Blast2Data,Darkness Illusion,Throw,TRUE,FALSE,Rush,Ki Required,Unguardable,Played after a hit,,8750,40000,TRUE,0
Super Garlic Jr.,UltimateData,,Charging Melee Attack,TRUE,FALSE,,,,,,11700,50000,TRUE,0
Super Gogeta (Z),Blast1Data,Big Bang Kamehameha,Energy Projectile/Beam,FALSE,TRUE,Beam,Ki Required,Chargeable,,,0,30000,TRUE,5
Super Gogeta (Z),Blast2Data,Punisher Drive,Charging Melee Attack,FALSE,FALSE,Rush,Ki Required,,Played after a hit,,8750,40000,TRUE,0
Super Gogeta (Z),UltimateData,,Charging Melee Attack,FALSE,FALSE,,,,,,11700,50000,TRUE,0
Super Janemba,Blast1Data,Evil Cannon,Energy Projectile/Beam,FALSE,TRUE,Beam,Ki Required,,,,0,30000,TRUE,5
Super Janemba,Blast2Data,Lightning Shower Rain,Energy Projectile/Beam,FALSE,TRUE,Simultaneous Fire,Ki Required,,,,0,30000,FALSE,0
Super Janemba,UltimateData,,Charging Melee Attack,FALSE,FALSE,,,,,,11700,50000,TRUE,0
Super Trunks,Blast1Data,Finish Buster,Energy Projectile/Beam,FALSE,TRUE,Fire,Ki Required,,,,0,30000,TRUE,5
Super Trunks,Blast2Data,Burning Attack,Energy Projectile/Beam,FALSE,TRUE,Fire,Ki Required,,,,0,30000,TRUE,5
Super Trunks,UltimateData,,Energy Projectile/Beam,FALSE,TRUE,,,,,,0,50000,FALSE,0
Super Vegeta,Blast1Data,Big Bang Attack,Energy Projectile/Beam,FALSE,TRUE,Fire,Ki Required,,,,0,30000,TRUE,5
Super Vegeta,Blast2Data,Spirit Breaking Cannon,Charging Melee Attack,FALSE,FALSE,Rush,Ki Required,,Played after a hit,,11700,30000,TRUE,0
Super Vegeta,UltimateData,,Energy Projectile/Beam,FALSE,TRUE,,,,,,0,50000,TRUE,9
Super Vegito,Blast1Data,Big Bang Attack,Energy Projectile/Beam,FALSE,TRUE,Beam,Ki Required,,,,0,30000,TRUE,5
Super Vegito,Blast2Data,Final Kamehameha,Energy Projectile/Beam,FALSE,TRUE,Beam,Ki Required,,,,0,40000,TRUE,5
Super Vegito,UltimateData,,Charging Melee Attack,FALSE,FALSE,,,,,,11700,50000,TRUE,0
Super Zarbon,Blast1Data,Elegant Blaster,Energy Projectile/Beam,FALSE,TRUE,Beam,Ki Required,,,,0,30000,TRUE,5
Super Zarbon,Blast2Data,Wild Pressure,Charging Melee Attack,FALSE,FALSE,Rush,Ki Required,,Played after a hit,,8750,30000,TRUE,0
Super Zarbon,UltimateData,,Throw,TRUE,FALSE,,,,,,8750,50000,TRUE,0
Supreme Kai (Mini),Blast1Data,None,Energy Projectile/Beam,FALSE,FALSE,,,,,,0,30000,FALSE,0
Supreme Kai (Mini),Blast2Data,Kaioken Attack,Charging Melee Attack,FALSE,FALSE,Rush,Ki Required,,Played after a hit,,8750,30000,TRUE,0
Supreme Kai (Mini),UltimateData,,Energy Projectile/Beam,TRUE,TRUE,,,,,,0,50000,TRUE,12
Supreme Kai,Blast1Data,Energy's Last,Energy Projectile/Beam,FALSE,TRUE,Beam,Ki Required,,,,0,30000,TRUE,5
Supreme Kai,Blast2Data,Crazy Rush,Charging Melee Attack,FALSE,FALSE,Rush,Ki Required,,Played after a hit,,10000,30000,TRUE,0
Supreme Kai,UltimateData,,Energy Projectile/Beam,FALSE,TRUE,,,,,,0,50000,TRUE,9
Syn Shenron (GT),Blast1Data,Trap Shooter,Energy Projectile/Beam,FALSE,TRUE,Simultaneous Fire,Ki Required,,,,0,20000,FALSE,0
Syn Shenron (GT),Blast2Data,Blazing Storm,Energy Projectile/Beam,FALSE,TRUE,Mow down and explode,Ki Required,,,,0,20000,FALSE,0
Syn Shenron (GT),UltimateData,,Energy Projectile/Beam,FALSE,FALSE,,,,,,0,50000,FALSE,0
Tapion,Blast1Data,Brave Cannon,Energy Projectile/Beam,FALSE,TRUE,Fire,Ki Required,,,,0,30000,TRUE,5
Tapion,Blast2Data,Brave Slash,Energy Projectile/Beam,TRUE,TRUE,Continuous Fire,Ki Required,Unguardable,,,0,30000,FALSE,0
Tapion,UltimateData,,Charging Melee Attack,FALSE,FALSE,,,,,,11700,50000,TRUE,0
Third Eye Gomah,Blast1Data,Magic Cannon,Energy Projectile/Beam,FALSE,TRUE,Beam,Ki Required,,,,0,30000,TRUE,5
Third Eye Gomah,Blast2Data,Magic Stream,Energy Projectile/Beam,FALSE,TRUE,Mow down and explode,Ki Required,,,,0,20000,FALSE,0
Third Eye Gomah,UltimateData,,Energy Projectile/Beam,TRUE,TRUE,,,,,,0,50000,TRUE,12
Tien (World Tournament),Blast1Data,Dodon Ray,Energy Projectile/Beam,FALSE,TRUE,Beam,Ki Required,,,,0,20000,FALSE,0
Tien (World Tournament),Blast2Data,Volleyball Fist,Charging Melee Attack,FALSE,FALSE,Rush,Ki Required,,Played after a hit,,10000,30000,TRUE,0
Tien (World Tournament),UltimateData,,Charging Melee Attack,FALSE,FALSE,,,,,,10000,50000,TRUE,0
Tien,Blast1Data,Dodon Ray,Energy Projectile/Beam,FALSE,TRUE,Beam,Ki Required,,,,0,20000,FALSE,0
Tien,Blast2Data,Tri-Beam,Energy Projectile/Beam,FALSE,TRUE,Fire,Ki Required,,,,0,30000,FALSE,0
Tien,UltimateData,,Charging Melee Attack,FALSE,TRUE,,,,,,0,50000,FALSE,0
Tien,ULT2,,Energy Projectile/Beam,FALSE,TRUE,,,,,,0,50000,FALSE,0
Tien,ULT3,,Charging Melee Attack,FALSE,FALSE,,,,,,10000,50000,TRUE,0
Toppo God of Destruction,Blast1Data,Destruction Flash,Energy Projectile/Beam,FALSE,TRUE,Continuous Fire,Ki Required,,,,0,20000,FALSE,0
Toppo God of Destruction,Blast2Data,Sphere of Destruction,Energy Projectile/Beam,FALSE,TRUE,Fire,Ki Required,,,,0,30000,TRUE,5
Toppo God of Destruction,UltimateData,,Energy Projectile/Beam,TRUE,TRUE,,,,,,0,50000,TRUE,12
Toppo,Blast1Data,Justice Flash,Energy Projectile/Beam,FALSE,TRUE,Continuous Fire,Ki Required,,,,0,20000,FALSE,0
Toppo,Blast2Data,Justice Tornado,Charging Melee Attack,FALSE,FALSE,Rush,Ki Required,,Played after a hit,,8750,30000,TRUE,0
Toppo,UltimateData,,Energy Projectile/Beam,FALSE,TRUE,,,,,,0,50000,TRUE,9
Tora,Blast1Data,Full Power Energy Blast Volley,Energy Projectile/Beam,FALSE,TRUE,Continuous Fire,Ki Required,,,,0,30000,FALSE,0
Tora,Blast2Data,Flame Storm,Energy Projectile/Beam,FALSE,TRUE,Mow down and explode,Ki Required,,,,0,20000,FALSE,0
Tora,UltimateData,,Energy Projectile/Beam,FALSE,TRUE,,,,,,0,50000,TRUE,8
Trunks (GT) Super Saiyan,Blast1Data,Buster Attack,Energy Projectile/Beam,FALSE,TRUE,Fire,Ki Required,,,,0,30000,TRUE,5
Trunks (GT) Super Saiyan,Blast2Data,Rising Buster,Charging Melee Attack,FALSE,FALSE,Rush,Ki Required,,Played after a hit,,10000,30000,TRUE,0
Trunks (GT) Super Saiyan,UltimateData,,Charging Melee Attack,FALSE,FALSE,,,,,,11700,50000,TRUE,0
Trunks (GT),Blast1Data,Full-Power Energy Wave,Energy Projectile/Beam,FALSE,TRUE,Beam,Ki Required,,,,0,30000,TRUE,5
Trunks (GT),Blast2Data,Buster Burst,Energy Projectile/Beam,FALSE,TRUE,Explosive Wave,Ki Required,,,,0,40000,FALSE,0
Trunks (GT),UltimateData,,Charging Melee Attack,FALSE,FALSE,,,,,,8750,50000,TRUE,0
Trunks (Kid) Super Saiyan,Blast1Data,Full-Power Energy Wave,Energy Projectile/Beam,FALSE,TRUE,Beam,Ki Required,,,,0,30000,TRUE,5
Trunks (Kid) Super Saiyan,Blast2Data,High Speed Rush,Charging Melee Attack,FALSE,FALSE,Rush,Ki Required,,Played after a hit,,10000,30000,TRUE,0
Trunks (Kid) Super Saiyan,UltimateData,,Energy Projectile/Beam,FALSE,TRUE,,,,,,0,50000,TRUE,9
Trunks (Kid),Blast1Data,Full-Power Energy Wave,Energy Projectile/Beam,FALSE,TRUE,Beam,Ki Required,,,,0,30000,TRUE,5
Trunks (Kid),Blast2Data,High Speed Rush,Charging Melee Attack,FALSE,FALSE,Rush,Ki Required,,Played after a hit,,10000,30000,TRUE,0
Trunks (Kid),UltimateData,,Energy Projectile/Beam,FALSE,TRUE,,,,,,0,50000,TRUE,8
Trunks (Melee) Super Saiyan,Blast1Data,Burning Attack,Energy Projectile/Beam,FALSE,TRUE,Fire,Ki Required,,,,0,30000,TRUE,5
Trunks (Melee) Super Saiyan,Blast2Data,Burning Breaker,Charging Melee Attack,FALSE,FALSE,Rush,Ki Required,,Played after a hit,,8750,30000,TRUE,0
Trunks (Melee) Super Saiyan,UltimateData,,Charging Melee Attack,FALSE,FALSE,,,,,,11700,50000,TRUE,0
Trunks (Melee),Blast1Data,Burning Attack,Energy Projectile/Beam,FALSE,TRUE,Fire,Ki Required,,,,0,30000,TRUE,5
Trunks (Melee),Blast2Data,High Speed Rush,Charging Melee Attack,FALSE,FALSE,Rush,Ki Required,,Played after a hit,,10000,30000,TRUE,0
Trunks (Melee),UltimateData,,Energy Projectile/Beam,FALSE,TRUE,,,,,,0,50000,TRUE,8
Trunks (Sword) Super Saiyan,Blast1Data,Burning Attack,Energy Projectile/Beam,FALSE,TRUE,Fire,Ki Required,,,,0,30000,TRUE,5
Trunks (Sword) Super Saiyan,Blast2Data,Burning Storm,Energy Projectile/Beam,FALSE,TRUE,Continuous Fire,Ki Required,,,,0,30000,FALSE,0
Trunks (Sword) Super Saiyan,UltimateData,,Charging Melee Attack,FALSE,FALSE,,,,,,11700,50000,TRUE,0
Trunks (Sword),Blast1Data,Finish Buster,Energy Projectile/Beam,FALSE,TRUE,Fire,Ki Required,,,,0,30000,TRUE,5
Trunks (Sword),Blast2Data,Burning Storm,Energy Projectile/Beam,FALSE,TRUE,Continuous Fire,Ki Required,,,,0,30000,FALSE,0
Trunks (Sword),UltimateData,,Energy Projectile/Beam,TRUE,TRUE,,,,,,0,50000,FALSE,0
Turles,Blast1Data,Kill Driver,Energy Projectile/Beam,FALSE,TRUE,Fire,Ki Required,,,,0,30000,TRUE,5
Turles,Blast2Data,Full-Power Energy Wave Combo,Energy Projectile/Beam,FALSE,TRUE,Continuous Fire,Ki Required,,,,0,30000,FALSE,0
Turles,UltimateData,,Charging Melee Attack,FALSE,FALSE,,,,,,11700,50000,TRUE,0
Ultimate Gohan (Super Hero),Blast1Data,Explosive Bullet,Energy Projectile/Beam,FALSE,TRUE,Continuous Fire,Ki Required,,,,0,30000,FALSE,5
Ultimate Gohan (Super Hero),Blast2Data,Super Explosive Rush,Charging Melee Attack,FALSE,FALSE,Rush,Ki Required,,Played after a hit,,10000,30000,TRUE,0
Ultimate Gohan (Super Hero),UltimateData,,Charging Melee Attack,FALSE,FALSE,,,,,,11700,50000,TRUE,0
Ultimate Gohan Black,Blast1Data,Black Kamehameha,Energy Projectile/Beam,FALSE,TRUE,Beam,Ki Required,Chargeable,,,0,30000,TRUE,5
Ultimate Gohan Black,Blast2Data,Godly Display Slash,Charging Melee Attack,FALSE,FALSE,Rush,Ki Required,,Played after a hit,,11700,30000,TRUE,0
Ultimate Gohan Black,UltimateData,,Charging Melee Attack,FALSE,FALSE,,,,,,11700,50000,TRUE,0
Ultimate Gohan,Blast1Data,Super Kamehameha,Energy Projectile/Beam,FALSE,TRUE,Beam,Ki Required,Chargeable,,,0,30000,TRUE,5
Ultimate Gohan,Blast2Data,Fierce Combination,Charging Melee Attack,FALSE,FALSE,Rush,Ki Required,,Played after a hit,,8750,30000,TRUE,0
Ultimate Gohan,UltimateData,,Charging Melee Attack,FALSE,FALSE,,,,,,11700,50000,TRUE,0
Uub (GT),Blast1Data,Super Kamehameha,Energy Projectile/Beam,FALSE,TRUE,Beam,Ki Required,Chargeable,,,0,30000,TRUE,5
Uub (GT),Blast2Data,Blazing Barrage Palm,Charging Melee Attack,FALSE,FALSE,Rush,Ki Required,,Played after a hit,,8750,30000,TRUE,0
Uub (GT),UltimateData,,Energy Projectile/Beam,FALSE,TRUE,,,,,,0,50000,FALSE,0
Uub (Kid),Blast1Data,Shout Impact,Energy Projectile/Beam,FALSE,TRUE,Short-range energy attack,Ki Required,,,,0,20000,FALSE,0
Uub (Kid),Blast2Data,Rage Kick,Charging Melee Attack,FALSE,FALSE,Rush,Ki Required,,Played after a hit,,11700,30000,TRUE,0
Uub (Kid),UltimateData,,Charging Melee Attack,FALSE,FALSE,,,,,,11700,50000,TRUE,0
Vegeta (DAIMA) Super Saiyan 3,Blast1Data,Infinite Blaster,Energy Projectile/Beam,FALSE,TRUE,Continuous Fire,Ki Required,,,,0,30000,FALSE,5
Vegeta (DAIMA) Super Saiyan 3,Blast2Data,Spirit Breaker,Charging Melee Attack,FALSE,FALSE,Rush,Ki Required,,Played after a hit,,8750,40000,TRUE,0
Vegeta (DAIMA) Super Saiyan 3,UltimateData,,Energy Projectile/Beam,FALSE,TRUE,,,,,,0,50000,TRUE,9
Vegeta (GT) Super Saiyan 4,Blast1Data,Final Flash,Energy Projectile/Beam,FALSE,TRUE,Beam,Ki Required,,,,0,30000,TRUE,5
Vegeta (GT) Super Saiyan 4,Blast2Data,Spirit Breaking Cannon,Charging Melee Attack,FALSE,FALSE,Rush,Ki Required,,Played after a hit,,11700,30000,TRUE,0
Vegeta (GT) Super Saiyan 4,UltimateData,,Energy Projectile/Beam,FALSE,TRUE,,,,,,0,50000,TRUE,9
Vegeta (GT) Super Saiyan,Blast1Data,Final Shine Attack,Energy Projectile/Beam,FALSE,TRUE,Beam,Ki Required,,,,0,30000,TRUE,5
Vegeta (GT) Super Saiyan,Blast2Data,Saiyan Pride Rush,Charging Melee Attack,FALSE,FALSE,Rush,Ki Required,,Played after a hit,,11700,30000,TRUE,0
Vegeta (GT) Super Saiyan,UltimateData,,Energy Projectile/Beam,FALSE,TRUE,,,,,,0,50000,FALSE,0
Vegeta (GT),Blast1Data,Big Bang Attack,Energy Projectile/Beam,FALSE,TRUE,Fire,Ki Required,,,,0,30000,TRUE,5
Vegeta (GT),Blast2Data,Quick Strike,Charging Melee Attack,FALSE,FALSE,Rush,Ki Required,,Played after a hit,,10000,30000,TRUE,0
Vegeta (GT),UltimateData,,Energy Projectile/Beam,FALSE,TRUE,,,,,,0,50000,TRUE,9
Vegeta (Mini) Super Saiyan 2,Blast1Data,Galick Gun,Energy Projectile/Beam,FALSE,TRUE,Beam,Ki Required,,,,0,30000,TRUE,5
Vegeta (Mini) Super Saiyan 2,Blast2Data,Head-On Impact,Energy Projectile/Beam,FALSE,FALSE,Fire,Ki Required,,Played after a hit,,0,30000,TRUE,5
Vegeta (Mini) Super Saiyan 2,UltimateData,,Energy Projectile/Beam,FALSE,TRUE,,,,,,0,50000,TRUE,8
Vegeta (Mini) Super Saiyan 3,Blast1Data,Slash Flash,Energy Projectile/Beam,FALSE,TRUE,Fire,Ki Required,,,,0,30000,FALSE,0
Vegeta (Mini) Super Saiyan 3,Blast2Data,Vanishing Strike,Charging Melee Attack,FALSE,FALSE,Rush,Ki Required,,Played after a hit,,11700,30000,TRUE,0
Vegeta (Mini) Super Saiyan 3,UltimateData,,Energy Projectile/Beam,FALSE,TRUE,,,,,,0,50000,TRUE,9
Vegeta (Mini) Super Saiyan,Blast1Data,Full-Power Energy Blast Volley,Energy Projectile/Beam,FALSE,TRUE,Continuous Fire,Ki Required,,,,0,30000,FALSE,0
Vegeta (Mini) Super Saiyan,Blast2Data,Overpowering Crush,Charging Melee Attack,FALSE,FALSE,Rush,Ki Required,,Played after a hit,,10000,30000,TRUE,0
Vegeta (Mini) Super Saiyan,UltimateData,,Energy Projectile/Beam,FALSE,TRUE,,,,,,0,50000,TRUE,9
Vegeta (Mini),Blast1Data,Full-Power Energy Cannon,Energy Projectile/Beam,FALSE,TRUE,Fire,Ki Required,,,,0,30000,TRUE,5
Vegeta (Mini),Blast2Data,Rising Rush,Charging Melee Attack,FALSE,FALSE,Rush,Ki Required,,Played after a hit,,10000,30000,TRUE,0
Vegeta (Mini),UltimateData,,Charging Melee Attack,FALSE,FALSE,,,,,,10000,50000,TRUE,0
Vegeta (Super) Super Saiyan God Super Saiyan,Blast1Data,God Final Flash,Energy Projectile/Beam,FALSE,TRUE,Beam,Ki Required,,,,0,30000,TRUE,5
Vegeta (Super) Super Saiyan God Super Saiyan,Blast2Data,Gamma Burst Flash,Energy Projectile/Beam,FALSE,TRUE,Short-range energy attack,Ki Required,,,,0,20000,FALSE,0
Vegeta (Super) Super Saiyan God Super Saiyan,UltimateData,,Energy Projectile/Beam,TRUE,TRUE,,,,,,0,50000,FALSE,0
Vegeta (Super) Super Saiyan God Super Saiyan,ULT2,,Charging Melee Attack,FALSE,FALSE,,,,,,8750,50000,TRUE,0
Vegeta (Super) Super Saiyan God,Blast1Data,God Shine Attack,Energy Projectile/Beam,FALSE,TRUE,Continuous Fire,Ki Required,,Played after a hit,,0,30000,FALSE,0
Vegeta (Super) Super Saiyan God,Blast2Data,Gamma Fist,Charging Melee Attack,FALSE,FALSE,Rush,Ki Required,,Played after a hit,,11700,30000,TRUE,0
Vegeta (Super) Super Saiyan God,UltimateData,,Energy Projectile/Beam,FALSE,TRUE,,,,,,0,50000,TRUE,9
Vegeta (Super) Super Saiyan,Blast1Data,Galick Rush,Energy Projectile/Beam,FALSE,TRUE,Fire,Ki Required,,Played after a hit,,0,30000,FALSE,0
Vegeta (Super) Super Saiyan,Blast2Data,Galick Uppercut,Charging Melee Attack,FALSE,FALSE,Rush,Ki Required,,Played after a hit,,8750,30000,TRUE,0
Vegeta (Super) Super Saiyan,UltimateData,,Charging Melee Attack,FALSE,FALSE,,,,,,11700,50000,TRUE,0
Vegeta (Super),Blast1Data,Galick Gun,Energy Projectile/Beam,FALSE,TRUE,Beam,Ki Required,,,,0,30000,TRUE,5
Vegeta (Super),Blast2Data,Absolute Rush,Charging Melee Attack,FALSE,FALSE,Rush,Ki Required,,Played after a hit,,8750,30000,TRUE,0
Vegeta (Super),UltimateData,,Energy Projectile/Beam,FALSE,TRUE,,,,,,0,50000,TRUE,9
Vegeta (Z - Early) Super Saiyan,Blast1Data,Maximum Flasher,Energy Projectile/Beam,FALSE,TRUE,Beam,Ki Required,,,,0,30000,TRUE,5
Vegeta (Z - Early) Super Saiyan,Blast2Data,Cosmic Impact,Charging Melee Attack,FALSE,FALSE,Rush,Ki Required,,Played after a hit,,8750,30000,TRUE,0
Vegeta (Z - Early) Super Saiyan,UltimateData,,Energy Projectile/Beam,FALSE,TRUE,,,,,,0,50000,TRUE,8
Vegeta (Z - Early),Blast1Data,Galick Gun,Energy Projectile/Beam,FALSE,TRUE,Beam,Ki Required,,,,0,30000,TRUE,5
Vegeta (Z - Early),Blast2Data,Super Energy Wave Combo,Energy Projectile/Beam,FALSE,TRUE,Continuous Fire,Ki Required,,,,0,30000,FALSE,0
Vegeta (Z - Early),UltimateData,,Energy Projectile/Beam,FALSE,TRUE,,,,,,0,50000,FALSE,0
Vegeta (Z - End) Super Saiyan 2,Blast1Data,Big Bang Attack,Energy Projectile/Beam,FALSE,TRUE,Fire,Ki Required,,,,0,30000,TRUE,5
Vegeta (Z - End) Super Saiyan 2,Blast2Data,Infinite Blaster,Energy Projectile/Beam,FALSE,TRUE,Continuous Fire,Ki Required,,,,0,20000,FALSE,0
Vegeta (Z - End) Super Saiyan 2,UltimateData,,Charging Melee Attack,FALSE,FALSE,,,,,,11700,50000,TRUE,0
Vegeta (Z - End) Super Saiyan,Blast1Data,Final Flash,Energy Projectile/Beam,FALSE,TRUE,Beam,Ki Required,,,,0,30000,TRUE,5
Vegeta (Z - End) Super Saiyan,Blast2Data,Infinite Blaster,Energy Projectile/Beam,FALSE,TRUE,Continuous Fire,Ki Required,,,,0,20000,FALSE,0
Vegeta (Z - End) Super Saiyan,UltimateData,,Energy Projectile/Beam,FALSE,TRUE,,,,,,0,50000,FALSE,0
Vegeta (Z - End),Blast1Data,Double Galick Cannon,Charging Melee Attack,FALSE,FALSE,Rush,Ki Required,,Played after a hit,,11700,30000,TRUE,0
Vegeta (Z - End),Blast2Data,Infinite Blaster,Energy Projectile/Beam,FALSE,TRUE,Continuous Fire,Ki Required,,,,0,20000,FALSE,0
Vegeta (Z - End),UltimateData,,Energy Projectile/Beam,FALSE,TRUE,,,,,,0,50000,TRUE,8
Vegeta (Z - Scouter),Blast1Data,Galick Gun,Energy Projectile/Beam,FALSE,TRUE,Beam,Ki Required,,,,0,30000,TRUE,5
Vegeta (Z - Scouter),Blast2Data,Final Galick Cannon,Charging Melee Attack,FALSE,FALSE,Rush,Ki Required,,Played after a hit,,11700,30000,TRUE,0
Vegeta (Z - Scouter),UltimateData,,Charging Melee Attack,FALSE,FALSE,,,,,,8750,50000,TRUE,0
Vegito Super Saiyan God Super Saiyan,Blast1Data,God Kamehameha,Energy Projectile/Beam,FALSE,TRUE,Beam,Ki Required,Chargeable,,,0,30000,TRUE,5
Vegito Super Saiyan God Super Saiyan,Blast2Data,Omega Finishing Blow,Charging Melee Attack,FALSE,FALSE,Rush,Ki Required,,Played after a hit,,11700,30000,TRUE,0
Vegito Super Saiyan God Super Saiyan,UltimateData,,Energy Projectile/Beam,FALSE,TRUE,,,,,,0,50000,TRUE,9
Vegito,Blast1Data,Big Bang Cannon,Energy Projectile/Beam,FALSE,TRUE,Fire,Ki Required,,,,0,30000,TRUE,5
Vegito,Blast2Data,Rampaging Rush,Charging Melee Attack,FALSE,FALSE,Rush,Ki Required,,Played after a hit,,8750,30000,TRUE,0
Vegito,UltimateData,,Energy Projectile/Beam,FALSE,TRUE,,,,,,0,50000,TRUE,9
Videl (Super),Blast1Data,None,Energy Projectile/Beam,FALSE,FALSE,,,,,,0,30000,FALSE,0
Videl (Super),Blast2Data,Kaioken Attack,Charging Melee Attack,FALSE,FALSE,Rush,Ki Required,,Played after a hit,,8750,30000,TRUE,0
Videl (Super),UltimateData,,Energy Projectile/Beam,TRUE,TRUE,,,,,,0,50000,TRUE,12
Videl,Blast1Data,Videl Kick,Charging Melee Attack,FALSE,FALSE,Rush,Ki Required,,Played after a hit,,9750,20000,TRUE,0
Videl,Blast2Data,Desperado Rush,Charging Melee Attack,FALSE,FALSE,Rush,Ki Required,,Played after a hit,,11700,30000,TRUE,0
Videl,UltimateData,,Charging Melee Attack,FALSE,FALSE,,,,,,11700,50000,TRUE,0
Videl,ULT2,,Charging Melee Attack,FALSE,FALSE,,,,,,8750,50000,TRUE,0
Whis,Blast1Data,Prelude to Destruction,Energy Projectile/Beam,FALSE,TRUE,Beam,Ki Required,,,,0,30000,FALSE,0
Whis,Blast2Data,Symphonic Destruction,Energy Projectile/Beam,FALSE,TRUE,Short-range energy attack,Ki Required,,,,0,20000,FALSE,0
Whis,UltimateData,,Charging Melee Attack,FALSE,FALSE,,,,,,8750,50000,TRUE,0
Yajirobe,Blast1Data,Ka-Blam Attack,Charging Melee Attack,TRUE,FALSE,Rush,Ki Required,Unguardable,,,8750,40000,TRUE,0
Yajirobe,Blast2Data,Flash and Kill,Charging Melee Attack,FALSE,FALSE,Rush,Ki Required,,Played after a hit,,8750,30000,TRUE,0
Yajirobe,UltimateData,,Charging Melee Attack,FALSE,FALSE,,,,,,11700,50000,TRUE,0
Yamcha,Blast1Data,Kamehameha,Energy Projectile/Beam,FALSE,TRUE,Beam,Ki Required,Chargeable,,,0,30000,TRUE,5
Yamcha,Blast2Data,Wolf Fang Fist,Charging Melee Attack,FALSE,FALSE,Rush,Ki Required,,Played after a hit,,11700,30000,TRUE,0
Yamcha,UltimateData,,Energy Projectile/Beam,FALSE,TRUE,,,,,,0,50000,FALSE,0
Yamu,Blast1Data,None,Energy Projectile/Beam,FALSE,FALSE,,,,,,0,30000,FALSE,0
Yamu,Blast2Data,Kaioken Attack,Charging Melee Attack,FALSE,FALSE,Rush,Ki Required,,Played after a hit,,8750,30000,TRUE,0
Yamu,UltimateData,,Energy Projectile/Beam,TRUE,TRUE,,,,,,0,50000,TRUE,12
Zamasu,Blast1Data,Divine Steel Blast,Energy Projectile/Beam,FALSE,TRUE,Fire,Ki Required,,,,0,30000,FALSE,0
Zamasu,Blast2Data,God Slicer,Charging Melee Attack,FALSE,FALSE,Rush,Ki Required,,Played after a hit,,11700,30000,TRUE,0
Zamasu,UltimateData,,Energy Projectile/Beam,FALSE,TRUE,,,,,,0,50000,TRUE,8
Zangya,Blast1Data,Shoot Blaster,Energy Projectile/Beam,FALSE,TRUE,Fire,Ki Required,,,,0,30000,TRUE,5
Zangya,Blast2Data,Trap Shooter,Energy Projectile/Beam,FALSE,TRUE,Simultaneous Fire,Ki Required,,,,0,20000,FALSE,0
Zangya,UltimateData,,Charging Melee Attack,FALSE,FALSE,,,,,,8750,50000,TRUE,0
Zarbon,Blast1Data,Shooting Star Arrow,Energy Projectile/Beam,FALSE,TRUE,Continuous Fire,Ki Required,,,,0,20000,FALSE,0
Zarbon,Blast2Data,Bloody Dance,Charging Melee Attack,FALSE,FALSE,Rush,Ki Required,,Played after a hit,,8750,30000,TRUE,0
Zarbon,UltimateData,,Energy Projectile/Beam,FALSE,TRUE,,,,,,0,50000,TRUE,9
Zen-Oh,Blast1Data,None,Energy Projectile/Beam,FALSE,FALSE,,,,,,0,30000,FALSE,0
Zen-Oh,Blast2Data,Kaioken Attack,Charging Melee Attack,FALSE,FALSE,Rush,Ki Required,,Played after a hit,,8750,30000,TRUE,0
Zen-Oh,UltimateData,,Energy Projectile/Beam,TRUE,TRUE,,,,,,0,50000,TRUE,12
