alNumId,character,Playable Char?,abilityFlag_hyperArmor,abilityFlag_sparkingArmor
0620_00,Android 13,YES,FALSE,FALSE
0440_00,Android 16,YES,FALSE,TRUE
0450_10,Android 17 (Super),YES,FALSE,FALSE
0450_00,Android 17 (Z),YES,FALSE,FALSE
0460_00,Android 18,YES,FALSE,FALSE
0470_00,Android 19,YES,FALSE,FALSE
0480_00,Android 20,StoryMode_Version,FALSE,TRUE
1500_00,Anilaza,YES,TRUE,TRUE
8022_00,Announcer,NO,FALSE,TRUE
0490_00,Babidi,YES,FALSE,FALSE
0680_00,Baby Vegeta (GT),YES,FALSE,FALSE
0310_01,Bardock Super Saiyan,YES,FALSE,TRUE
0310_00,Bardock,YES,FALSE,TRUE
0780_00,Beerus,YES,FALSE,FALSE
8057_00,Belmod,NO,FALSE,TRUE
1190_00,Bergamo,YES,FALSE,TRUE
8081_00,Berryblue,NO,FALSE,TRUE
0630_00,Bojack,YES,FALSE,FALSE
0555_00,Broly (Super) Super Saiyan (Full Power),YES,TRUE,TRUE
0554_00,Broly (Super) Super Saiyan,YES,FALSE,TRUE
0553_00,Broly (Super),YES,FALSE,TRUE
0552_00,Broly (Z) Legendary Super Saiyan,YES,TRUE,TRUE
0551_00,Broly (Z) Super Saiyan,YES,FALSE,TRUE
0550_00,Broly (Z),YES,FALSE,FALSE
8025_00,Bubbles,NO,FALSE,TRUE
8008_00,Bulma (Super),NO,FALSE,TRUE
8006_00,Bulma,NO,FALSE,TRUE
0400_00,Burter,YES,FALSE,FALSE
0890_02,Cabba Super Saiyan 2,YES,FALSE,FALSE
0890_01,Cabba Super Saiyan,YES,FALSE,FALSE
0890_00,Cabba,YES,FALSE,FALSE
0380_00,Captain Ginyu,YES,FALSE,FALSE
0900_02,Caulifla Super Saiyan 2,YES,FALSE,FALSE
0900_00,Caulifla,YES,FALSE,FALSE
0163_00,Cell Jr.,YES,FALSE,FALSE
3040_00,Cell Max,YES,TRUE,TRUE
0160_00,Cell 1st Form,YES,FALSE,FALSE
0161_00,Cell 2nd Form,YES,FALSE,TRUE
0162_00,Cell Perfect Form,YES,FALSE,FALSE
1000_00,Champa,YES,FALSE,FALSE
1960_00,Cheelai,YES,FALSE,FALSE
8011_00,Chi-Chi (Super),NO,FALSE,TRUE
0301_00,Chi-Chi,YES,FALSE,FALSE
0190_00,Chiaotzu,YES,FALSE,FALSE
3360_00,Chilled,YES,FALSE,FALSE
0601_00,Cooler Final Form,YES,FALSE,FALSE
0600_00,Cooler,YES,FALSE,FALSE
0370_00,Cui,YES,FALSE,FALSE
0500_00,Dabura,YES,FALSE,FALSE
0820_00,Demon King Piccolo,YES,FALSE,FALSE
8018_00,Dende (Kid),NO,FALSE,TRUE
8027_00,Dende (Youth),NO,FALSE,TRUE
0360_00,Dodoria,YES,FALSE,TRUE
0480_00,Dr. Gero,YES,FALSE,FALSE
8078_00,Dr. Hedo,NO,FALSE,TRUE
8080_00,Dr. Myuu,NO,FALSE,TRUE
0570_00,Dr. Wheelo,YES,TRUE,TRUE
0950_00,Dyspo,YES,FALSE,FALSE
0280_00,Eighter,YES,FALSE,TRUE
8030_00,Elder Kai,NO,FALSE,TRUE
3190_00,Fasha,YES,FALSE,FALSE
0153_20,Frieza (Super),YES,FALSE,FALSE
0150_00,Frieza (Z) 1st Form,YES,FALSE,FALSE
0151_00,Frieza (Z) 2nd Form,YES,FALSE,TRUE
0152_00,Frieza (Z) 3rd Form,YES,FALSE,FALSE
0153_00,Frieza (Z) 4th Form,YES,FALSE,FALSE
0154_00,Frieza (Z) Full Power,YES,FALSE,TRUE
0540_00,Frieza Force Soldier,YES,FALSE,FALSE
0881_00,Frost,YES,FALSE,FALSE
0631_00,Full-Power Bojack,YES,FALSE,TRUE
0811_00,Fused Zamasu Half-Corrupted,YES,FALSE,TRUE
0810_01,Fused Zamasu,YES,FALSE,FALSE
0621_00,Fusion Android 13,YES,FALSE,TRUE
0080_31,Future Trunks Super Saiyan,YES,FALSE,FALSE
0080_30,Future Trunks,YES,FALSE,FALSE
3020_00,Gamma 1,YES,FALSE,TRUE
3030_00,Gamma 2,YES,FALSE,TRUE
0720_00,General Blue,YES,FALSE,FALSE
3150_00,Giant Gomah,YES,TRUE,TRUE
3070_00,Glorio,YES,FALSE,FALSE
0110_02,Gogeta (GT) Super Saiyan 4,YES,FALSE,FALSE
0110_03,Gogeta (Super) Super Saiyan God Super Saiyan,YES,FALSE,TRUE
0110_01,Gogeta (Super) Super Saiyan,YES,FALSE,FALSE
0110_00,Gogeta (Super),YES,FALSE,FALSE
0032_02,Gohan (Adult) Super Saiyan 2,YES,FALSE,FALSE
0032_01,Gohan (Adult) Super Saiyan,YES,FALSE,FALSE
0032_00,Gohan (Adult),YES,FALSE,FALSE
0032_31,Gohan (Future) Super Saiyan,YES,FALSE,FALSE
0032_30,Gohan (Future),YES,FALSE,FALSE
0030_00,Gohan (Kid),YES,FALSE,FALSE
3000_01,Gohan (Super Hero) Super Saiyan,YES,FALSE,TRUE
3000_00,Gohan (Super Hero),YES,FALSE,TRUE
0031_02,Gohan (Teen) Super Saiyan 2,YES,FALSE,TRUE
0031_01,Gohan (Teen) Super Saiyan,YES,FALSE,FALSE
0031_00,Gohan (Teen),YES,FALSE,FALSE
3000_03,Gohan Beast,YES,FALSE,TRUE
2230_00,Gohan Black,NO,FALSE,FALSE
3120_04,Goku (DAIMA) Super Saiyan 4,YES,FALSE,FALSE
0002_32,Goku (GT) Super Saiyan 3,YES,FALSE,FALSE
0000_33,Goku (GT) Super Saiyan 4,YES,FALSE,FALSE
0002_31,Goku (GT) Super Saiyan,YES,FALSE,FALSE
0002_30,Goku (GT),YES,FALSE,FALSE
3050_14,Goku (Mini) Super Saiyan 4,YES,FALSE,FALSE
3050_01,Goku (Mini) Super Saiyan,YES,FALSE,FALSE
3050_00,Goku (Mini),YES,FALSE,TRUE
0000_43,Goku (Super) Super Saiyan God Super Saiyan,YES,FALSE,FALSE
0001_42,Goku (Super) Super Saiyan God,YES,FALSE,FALSE
0000_41,Goku (Super) Super Saiyan,YES,FALSE,FALSE
0000_50,Goku (Super) Ultra Instinct -Sign-,YES,FALSE,FALSE
0000_51,Goku (Super) Ultra Instinct,YES,FALSE,FALSE
0000_40,Goku (Super),YES,FALSE,FALSE
0002_50,Goku (Teen),YES,FALSE,FALSE
3300_00,Goku (World Tournament),YES,FALSE,FALSE
0000_11,Goku (Z - Early) Super Saiyan,StoryMode_Version,FALSE,TRUE
0000_00,Goku (Z - Early),YES,FALSE,FALSE
0000_22,Goku (Z - End) Super Saiyan 2,YES,FALSE,FALSE
0000_23,Goku (Z - End) Super Saiyan 3,YES,FALSE,FALSE
0000_21,Goku (Z - End) Super Saiyan,YES,FALSE,FALSE
0000_20,Goku (Z - End),YES,FALSE,FALSE
0000_11,Goku (Z - Mid) Super Saiyan,YES,FALSE,FALSE
0000_10,Goku (Z - Mid),YES,FALSE,FALSE
0800_01,Goku Black Super Saiyan Rosé,YES,FALSE,FALSE
0800_00,Goku Black,YES,FALSE,FALSE
0155_00,Golden Frieza,YES,FALSE,FALSE
9998_00,Goten Super Saiyan,YES,FALSE,FALSE
0090_00,Goten,YES,FALSE,FALSE
0120_02,Gotenks Super Saiyan 3,YES,FALSE,FALSE
0120_01,Gotenks Super Saiyan,YES,FALSE,FALSE
0120_00,Gotenks,YES,FALSE,FALSE
8034_00,Grand Minister,NO,FALSE,TRUE
0260_00,Grandpa Gohan,YES,FALSE,FALSE
0681_00,Great Ape Baby (GT),YES,TRUE,TRUE
0023_00,Great Ape Vegeta,YES,TRUE,TRUE
0032_10,Great Saiyaman,YES,FALSE,FALSE
0420_00,Guldo,YES,FALSE,FALSE
3290_00,Hell Fighter 17,YES,FALSE,FALSE
0670_00,Hirudegarn,YES,TRUE,TRUE
0870_00,Hit,YES,FALSE,FALSE
0830_00,Jaco,YES,FALSE,FALSE
0650_00,Janemba,YES,TRUE,TRUE
0410_00,Jeice,YES,FALSE,FALSE
0931_00,Jiren Full Power,YES,FALSE,TRUE
0930_00,Jiren,YES,FALSE,FALSE
1331_00,Kakunsa,YES,FALSE,FALSE
0911_00,Kale Super Saiyan (Berserk),YES,TRUE,TRUE
0912_00,Kale Super Saiyan,YES,FALSE,FALSE
0910_00,Kale,YES,FALSE,FALSE
8014_00,Kami (First Gen.),NO,FALSE,TRUE
0920_02,Kefla Super Saiyan 2,YES,FALSE,FALSE
0920_01,Kefla Super Saiyan,YES,FALSE,FALSE
0920_00,Kefla,YES,FALSE,FALSE
0173_00,Kid Buu,YES,FALSE,FALSE
0430_00,King Cold,YES,FALSE,FALSE
8023_00,King Kai,NO,FALSE,TRUE
0510_00,King Vegeta,YES,FALSE,FALSE
8013_00,Korin,NO,FALSE,TRUE
0050_00,Krillin,YES,FALSE,FALSE
0591_00,Lord Slug Giant Form,YES,TRUE,TRUE
0590_00,Lord Slug,YES,FALSE,FALSE
3310_00,Ma Junior Giant Form,YES,TRUE,TRUE
3310_00,Ma Junior,YES,FALSE,FALSE
8079_00,Magenta,NO,FALSE,TRUE
8038_00,Mai,NO,FALSE,TRUE
0171_00,Majin Buu (Evil),YES,FALSE,FALSE
0170_00,Majin Buu,YES,FALSE,TRUE
3140_00,Majin Duu,YES,FALSE,TRUE
3110_00,Majin Kuu,YES,FALSE,FALSE
0020_40,Majin Vegeta,YES,FALSE,TRUE
0240_01,Majuub (GT),YES,FALSE,FALSE
0141_00,Master Roshi Max Power,YES,FALSE,TRUE
0140_00,Master Roshi,YES,FALSE,FALSE
0153_10,Mecha Frieza,YES,FALSE,FALSE
0710_00,Mercenary Tao,YES,FALSE,FALSE
0600_10,Metal Cooler,YES,FALSE,FALSE
0121_00,Mighty Mask,YES,FALSE,FALSE
0180_00,Mr. Satan,YES,FALSE,FALSE
0080_01,Mysterious Man,StoryMode_Version,FALSE,TRUE
0040_20,Nail,YES,FALSE,FALSE
0270_00,Nam,YES,FALSE,FALSE
8028_00,Namek Village Elder,NO,FALSE,TRUE
0340_00,Nappa,YES,FALSE,TRUE
8047_00,NOT USED,NO,FALSE,TRUE
0690_00,Nuova Shenron (GT),YES,FALSE,FALSE
0700_01,Omega Shenron (GT),YES,FALSE,TRUE
8039_00,Oolong,NO,FALSE,TRUE
3012_00,Orange Piccolo Giant Form,YES,TRUE,TRUE
3011_00,Orange Piccolo,YES,FALSE,TRUE
0230_00,Pan (GT),YES,FALSE,FALSE
3130_00,Panzy,YES,FALSE,FALSE
0162_01,Perfect Cell,YES,FALSE,FALSE
0040_10,Piccolo (Fused with Kami),YES,FALSE,FALSE
3010_01,Piccolo (Super Hero) Power Awakening,YES,FALSE,FALSE
3010_00,Piccolo (Super Hero),YES,FALSE,FALSE
0040_00,Piccolo,YES,FALSE,FALSE
0220_00,Pikkon,YES,FALSE,FALSE
8036_00,Pilaf,NO,FALSE,TRUE
8041_00,Puar,NO,FALSE,TRUE
0320_00,Raditz,YES,FALSE,FALSE
0390_00,Recoome,YES,FALSE,TRUE
1321_00,Ribrianne,YES,FALSE,FALSE
1341_00,Roasie,YES,FALSE,FALSE
0330_00,Saibaman,YES,FALSE,FALSE
0610_00,Salza,YES,FALSE,FALSE
3160_00,Shallot,YES,FALSE,FALSE
8037_00,Shu,NO,FALSE,TRUE
0730_00,Spike the Devil Man,YES,FALSE,FALSE
0760_00,Spopovich,YES,FALSE,FALSE
0451_00,Super 17 (GT),YES,FALSE,FALSE
0680_01,Super Baby 1 (GT),YES,FALSE,FALSE
0680_02,Super Baby 2 (GT),YES,FALSE,FALSE
0172_11,Super Buu (Gohan Absorbed),YES,FALSE,FALSE
0172_10,Super Buu (Gotenks Absorbed),YES,FALSE,FALSE
0172_00,Super Buu,YES,FALSE,FALSE
0561_00,Super Garlic Jr.,YES,FALSE,TRUE
0110_04,"Super Gogeta (Z) ",YES,FALSE,TRUE
0651_00,Super Janemba,YES,FALSE,FALSE
0081_20,Super Trunks,YES,FALSE,TRUE
0021_20,Super Vegeta,YES,FALSE,TRUE
0100_01,Super Vegito,YES,FALSE,FALSE
0351_00,Super Zarbon,YES,FALSE,TRUE
8082_00,Supreme Kai (Mini),NO,FALSE,TRUE
3170_00,Supreme Kai,YES,FALSE,FALSE
0700_00,Syn Shenron (GT),YES,FALSE,FALSE
0660_00,Tapion,YES,FALSE,FALSE
3080_00,Third Eye Gomah,YES,FALSE,TRUE
3320_00,Tien (World Tournament),YES,FALSE,FALSE
0070_00,Tien,YES,FALSE,FALSE
0941_00,Toppo God of Destruction,YES,FALSE,TRUE
0940_00,Toppo,YES,FALSE,FALSE
3350_00,Tora,YES,FALSE,FALSE
3280_00,Trunks (GT) Super Saiyan,YES,FALSE,FALSE
3280_00,Trunks (GT),YES,FALSE,FALSE
0082_01,Trunks (Kid) Super Saiyan,YES,FALSE,FALSE
0082_00,Trunks (Kid),YES,FALSE,FALSE
0080_11,Trunks (Melee) Super Saiyan,YES,FALSE,FALSE
0080_10,Trunks (Melee),YES,FALSE,FALSE
0080_01,Trunks (Sword) Super Saiyan,YES,FALSE,FALSE
0080_00,Trunks (Sword),YES,FALSE,FALSE
0580_00,Turles,YES,FALSE,FALSE
3000_02,Ultimate Gohan (Super Hero),YES,FALSE,TRUE
2230_01,Ultimate Gohan Black,NO,FALSE,FALSE
0032_20,Ultimate Gohan,YES,FALSE,FALSE
0240_00,Uub (GT),YES,FALSE,FALSE
3330_00,Uub (Kid),YES,FALSE,FALSE
3100_03,Vegeta (DAIMA) Super Saiyan 3,YES,FALSE,FALSE
0020_50,Vegeta (GT) Super Saiyan 4,YES,FALSE,FALSE
3270_01,Vegeta (GT) Super Saiyan,YES,FALSE,FALSE
3270_00,Vegeta (GT),YES,FALSE,FALSE
3060_02,Vegeta (Mini) Super Saiyan 2,YES,FALSE,FALSE
3060_03,Vegeta (Mini) Super Saiyan 3,YES,FALSE,FALSE
3060_01,Vegeta (Mini) Super Saiyan,YES,FALSE,FALSE
3060_00,Vegeta (Mini),YES,FALSE,FALSE
0020_63,Vegeta (Super) Super Saiyan God Super Saiyan,YES,FALSE,FALSE
0022_62,Vegeta (Super) Super Saiyan God,YES,FALSE,FALSE
0020_61,Vegeta (Super) Super Saiyan,YES,FALSE,FALSE
0020_60,Vegeta (Super),YES,FALSE,FALSE
0020_11,Vegeta (Z - Early) Super Saiyan,YES,FALSE,FALSE
0020_10,Vegeta (Z - Early),YES,FALSE,FALSE
0020_32,Vegeta (Z - End) Super Saiyan 2,YES,FALSE,FALSE
0020_31,Vegeta (Z - End) Super Saiyan,YES,FALSE,FALSE
0020_30,Vegeta (Z - End),YES,FALSE,FALSE
0020_00,Vegeta (Z - Scouter),YES,FALSE,FALSE
0100_02,Vegito Super Saiyan God Super Saiyan,YES,FALSE,TRUE
0100_00,Vegito,YES,FALSE,FALSE
8063_00,Videl (Super),NO,FALSE,TRUE
0130_00,Videl,YES,FALSE,FALSE
0790_00,Whis,YES,FALSE,FALSE
0210_00,Yajirobe,YES,FALSE,TRUE
0060_00,Yamcha,YES,FALSE,FALSE
7111_00,Yamu,NO,FALSE,TRUE
0810_00,Zamasu,YES,FALSE,FALSE
0640_00,Zangya,YES,FALSE,FALSE
0350_00,Zarbon,YES,FALSE,FALSE
8032_00,Zen-Oh,NO,FALSE,TRUE
