file,field,value
Buff_0000_00_actEXA2_S11,EffectiveTime,25
Buff_0000_00_actEXA2_S11,ParameterChanging.RushDamageScale,0.1
Buff_0000_00_actEXA2_S11,ParameterChanging.SmashDamageScale,0.1
Buff_0000_00_actEXA2_S11,ParameterChanging.ComboAttackDamageScale,0.1
Buff_0000_00_actEXA2_S11,ParameterChanging.ThrowDamageScale,0.1
Buff_0000_00_actEXA2_S11,ParameterChanging.ParryDamageScale,0.1
Buff_0000_00_actEXA2_S11,ParameterChanging.PursuitDamageScale,0.1
Buff_0000_00_actEXA2_S11,ParameterChanging.RushBulletDamageScale,0.1
Buff_0000_00_actEXA2_S11,ParameterChanging.SmashBulletDamageScale,0.1
Buff_0000_00_actEXA2_S11,ParameterChanging.CombativesDamageResist,0.1
Buff_0000_00_actEXA2_S11,ParameterChanging.EnergyDamageResist,0.1
Buff_0000_00_actEXA2_S11,ParameterChanging.ShaveDamageResist,0.1
Buff_0000_00_actEXA2_S11,ParameterChanging.SearchParamChanging.EasyFindingScaleByTargetScale,0.25
Buff_0000_43_actEXA2_S11,EffectiveTime,25
Buff_0000_43_actEXA2_S11,ParameterChanging.RushDamageScale,0.2
Buff_0000_43_actEXA2_S11,ParameterChanging.SmashDamageScale,0.2
Buff_0000_43_actEXA2_S11,ParameterChanging.ComboAttackDamageScale,0.2
Buff_0000_43_actEXA2_S11,ParameterChanging.ThrowDamageScale,0.2
Buff_0000_43_actEXA2_S11,ParameterChanging.ParryDamageScale,0.2
Buff_0000_43_actEXA2_S11,ParameterChanging.PursuitDamageScale,0.2
Buff_0000_43_actEXA2_S11,ParameterChanging.RushBulletDamageScale,0.2
Buff_0000_43_actEXA2_S11,ParameterChanging.SmashBulletDamageScale,0.2
Buff_0000_43_actEXA2_S11,ParameterChanging.BlastDamageScale,0.2
Buff_0000_43_actEXA2_S11,ParameterChanging.BlastUltimateDamageScale,0.2
Buff_0000_43_actEXA2_S11,ParameterChanging.SearchParamChanging.EasyFindingScaleByTargetScale,0.25
Buff_0020_63_actEXA2_S11,EffectiveTermType,1
Buff_0020_63_actEXA2_S11,EffectiveTime,15
Buff_0020_63_actEXA2_S11,ParameterChanging.RushDamageScale,0.2
Buff_0020_63_actEXA2_S11,ParameterChanging.SmashDamageScale,0.2
Buff_0020_63_actEXA2_S11,ParameterChanging.ComboAttackDamageScale,0.2
Buff_0020_63_actEXA2_S11,ParameterChanging.ThrowDamageScale,0.2
Buff_0020_63_actEXA2_S11,ParameterChanging.ParryDamageScale,0.2
Buff_0020_63_actEXA2_S11,ParameterChanging.PursuitDamageScale,0.2
Buff_0020_63_actEXA2_S11,ParameterChanging.RushBulletDamageScale,0.2
Buff_0020_63_actEXA2_S11,ParameterChanging.SmashBulletDamageScale,0.2
Buff_0020_63_actEXA2_S11,ParameterChanging.BlastDamageScale,0.2
Buff_0020_63_actEXA2_S11,ParameterChanging.BlastUltimateDamageScale,0.2
Buff_0020_63_actEXA2_S11,ParameterChanging.ForbidParam.bCannotBlastForteSlot2,true
Buff_0160_00_actTRW1P,EffectiveTermType,8
Buff_0160_00_actTRW1P,EffectiveCount,1
Buff_0160_00_actTRW1P,ResourceChanging.HealHP,980
Buff_0160_00_actTRW1P,ResourceChanging.HealSP,20000
Buff_Common_001,EffectiveTime,20
Buff_Common_001,ParameterChanging.RushDamageScale,0.15
Buff_Common_001,ParameterChanging.SmashDamageScale,0.15
Buff_Common_001,ParameterChanging.ComboAttackDamageScale,0.15
Buff_Common_001,ParameterChanging.ThrowDamageScale,0.15
Buff_Common_001,ParameterChanging.ParryDamageScale,0.15
Buff_Common_001,ParameterChanging.PursuitDamageScale,0.15
Buff_Common_001,ParameterChanging.RushBulletDamageScale,0.15
Buff_Common_001,ParameterChanging.SmashBulletDamageScale,0.15
Buff_Common_001,ParameterChanging.MovesScale.NormalMove.MaxSpeedScale,-0.05
Buff_Common_001,ParameterChanging.MovesScale.NormalMove.AccelScale,-0.05
Buff_Common_001,ParameterChanging.MovesScale.HighSpeedMove.MaxSpeedScale,-0.05
Buff_Common_001,ParameterChanging.MovesScale.HighSpeedMove.AccelScale,-0.05
Buff_Common_001,ParameterChanging.MovesScale.SuperHighSpeedMoveScale,-0.05
Buff_Common_001,ParameterChanging.MovesScale.ShortDashMove.MaxSpeedScale,-0.05
Buff_Common_001,ParameterChanging.MovesScale.ShortDashMove.AccelScale,-0.05
Buff_Common_001,ParameterChanging.MovesScale.DragonDashMove.MaxSpeedScale,-0.05
Buff_Common_001,ParameterChanging.MovesScale.DragonDashMove.AccelScale,-0.05
Buff_Common_002,EffectiveTime,20
Buff_Common_002,ParameterChanging.SPAutoRecoveryScale,-0.1
Buff_Common_002,ParameterChanging.RushDamageScale,0.15
Buff_Common_002,ParameterChanging.SmashDamageScale,0.15
Buff_Common_002,ParameterChanging.ComboAttackDamageScale,0.15
Buff_Common_002,ParameterChanging.ThrowDamageScale,0.15
Buff_Common_002,ParameterChanging.ParryDamageScale,0.15
Buff_Common_002,ParameterChanging.PursuitDamageScale,0.15
Buff_Common_002,ParameterChanging.RushBulletDamageScale,0.15
Buff_Common_002,ParameterChanging.SmashBulletDamageScale,0.15
Buff_Common_003,EffectiveTime,10
Buff_Common_003,ParameterChanging.CombativesDamageResist,0.1
Buff_Common_003,ParameterChanging.EnergyDamageResist,0.1
Buff_Common_003,ParameterChanging.ShaveDamageResist,0.1
Buff_Common_003,ParameterChanging.ArmorLevelUp,3
Buff_Common_004,EffectiveTime,22
Buff_Common_004,ParameterChanging.RushDamageScale,0.1
Buff_Common_004,ParameterChanging.SmashDamageScale,0.1
Buff_Common_004,ParameterChanging.ComboAttackDamageScale,0.1
Buff_Common_004,ParameterChanging.ThrowDamageScale,0.1
Buff_Common_004,ParameterChanging.ParryDamageScale,0.1
Buff_Common_004,ParameterChanging.PursuitDamageScale,0.1
Buff_Common_004,ParameterChanging.RushBulletDamageScale,0.1
Buff_Common_004,ParameterChanging.SmashBulletDamageScale,0.1
Buff_Common_004,ParameterChanging.BlastDamageScale,0.1
Buff_Common_004,ParameterChanging.BlastUltimateDamageScale,0.1
Buff_Common_004,ParameterChanging.CombativesChargeScale,0.1
Buff_Common_004,ParameterChanging.BulletChargeScale,0.1
Buff_Common_005,EffectiveTime,15
Buff_Common_005,ParameterChanging.SPAutoRecoveryScale,0.1
Buff_Common_005,ParameterChanging.ArmorLevelUp,3
Buff_Common_006,EffectiveTime,25
Buff_Common_006,ParameterChanging.BlastDamageScale,0.1
Buff_Common_006,ParameterChanging.BlastUltimateDamageScale,0.1
Buff_Common_007,EffectiveTime,25
Buff_Common_007,ParameterChanging.SPAutoRecoveryScale,0.1
Buff_Common_007,ParameterChanging.HealSPPerSec,0.1
Buff_Common_007,ParameterChanging.RushDamageScale,0.1
Buff_Common_007,ParameterChanging.SmashDamageScale,0.1
Buff_Common_007,ParameterChanging.ComboAttackDamageScale,0.1
Buff_Common_007,ParameterChanging.ThrowDamageScale,0.1
Buff_Common_007,ParameterChanging.ParryDamageScale,0.1
Buff_Common_007,ParameterChanging.PursuitDamageScale,0.1
Buff_Common_007,ParameterChanging.RushBulletDamageScale,0.1
Buff_Common_007,ParameterChanging.SmashBulletDamageScale,0.1
Buff_Common_008_AGI,EffectiveTime,25
Buff_Common_008_AGI,SpecialType,EKoratBuffSpecialType::Genki
Buff_Common_008_AGI,ParameterChanging.ShortDashSpCostScale,-0.3
Buff_Common_008_AGI,ParameterChanging.MovesScale.NormalMove.MaxSpeedScale,0.5
Buff_Common_008_AGI,ParameterChanging.MovesScale.NormalMove.AccelScale,0.5
Buff_Common_008_AGI,ParameterChanging.MovesScale.NormalMove.BrakeScale,0.5
Buff_Common_008_AGI,ParameterChanging.MovesScale.JumpScale,0.5
Buff_Common_008_AGI,ParameterChanging.MovesScale.HighSpeedMove.MaxSpeedScale,0.5
Buff_Common_008_AGI,ParameterChanging.MovesScale.HighSpeedMove.AccelScale,0.5
Buff_Common_008_AGI,ParameterChanging.MovesScale.HighSpeedMove.BrakeScale,0.5
Buff_Common_008_AGI,ParameterChanging.MovesScale.SuperHighSpeedMoveScale,0.5
Buff_Common_008_AGI,ParameterChanging.MovesScale.ShortDashMove.MaxSpeedScale,0.5
Buff_Common_008_AGI,ParameterChanging.MovesScale.ShortDashMove.AccelScale,0.5
Buff_Common_008_AGI,ParameterChanging.MovesScale.ShortDashMove.BrakeScale,0.5
Buff_Common_008_AGI,ParameterChanging.MovesScale.DragonDashMove.MaxSpeedScale,0.5
Buff_Common_008_AGI,ParameterChanging.MovesScale.DragonDashMove.AccelScale,0.5
Buff_Common_008_AGI,ParameterChanging.MovesScale.DragonDashMove.BrakeScale,0.5
Buff_Common_010,EffectiveTime,25
Buff_Common_010,ParameterChanging.RushDamageScale,0.1
Buff_Common_010,ParameterChanging.SmashDamageScale,0.1
Buff_Common_010,ParameterChanging.ComboAttackDamageScale,0.1
Buff_Common_010,ParameterChanging.ThrowDamageScale,0.1
Buff_Common_010,ParameterChanging.ParryDamageScale,0.1
Buff_Common_010,ParameterChanging.PursuitDamageScale,0.1
Buff_Common_010,ParameterChanging.RushBulletDamageScale,0.1
Buff_Common_010,ParameterChanging.SmashBulletDamageScale,0.1
Buff_Common_010,ParameterChanging.BlastDamageScale,0.1
Buff_Common_010,ParameterChanging.BlastUltimateDamageScale,0.1
Buff_Common_010,ParameterChanging.ComboDamageScalingEffectScale,-0.05
Buff_Common_012,EffectiveTime,25
Buff_Common_012,ParameterChanging.RushDamageScale,0.1
Buff_Common_012,ParameterChanging.SmashDamageScale,0.1
Buff_Common_012,ParameterChanging.ComboAttackDamageScale,0.1
Buff_Common_012,ParameterChanging.ThrowDamageScale,0.1
Buff_Common_012,ParameterChanging.ParryDamageScale,0.1
Buff_Common_012,ParameterChanging.PursuitDamageScale,0.1
Buff_Common_012,ParameterChanging.RushBulletDamageScale,0.1
Buff_Common_012,ParameterChanging.SmashBulletDamageScale,0.1
Buff_Common_012,ParameterChanging.BlastDamageScale,0.1
Buff_Common_012,ParameterChanging.BlastUltimateDamageScale,0.1
Buff_Common_013,EffectiveTime,15
Buff_Common_013,ParameterChanging.RushDamageScale,0.1
Buff_Common_013,ParameterChanging.SmashDamageScale,0.1
Buff_Common_013,ParameterChanging.ComboAttackDamageScale,0.1
Buff_Common_013,ParameterChanging.ThrowDamageScale,0.1
Buff_Common_013,ParameterChanging.ParryDamageScale,0.1
Buff_Common_013,ParameterChanging.PursuitDamageScale,0.1
Buff_Common_013,ParameterChanging.RushBulletDamageScale,0.1
Buff_Common_013,ParameterChanging.SmashBulletDamageScale,0.1
Buff_Common_013,ParameterChanging.BlastForteDamageScale,0.1
Buff_Common_013,ParameterChanging.BlastDamageScale,0.1
Buff_Common_013,ParameterChanging.BlastUltimateDamageScale,0.1
Buff_Common_013,ResourceChanging.HealSP,20000
Buff_Common_014,EffectiveTime,15
Buff_Common_014,ParameterChanging.SPAutoRecoveryScale,0.1
Buff_Common_014,ParameterChanging.RushDamageScale,0.1
Buff_Common_014,ParameterChanging.SmashDamageScale,0.1
Buff_Common_014,ParameterChanging.ComboAttackDamageScale,0.1
Buff_Common_014,ParameterChanging.ThrowDamageScale,0.1
Buff_Common_014,ParameterChanging.ParryDamageScale,0.1
Buff_Common_014,ParameterChanging.PursuitDamageScale,0.1
Buff_Common_014,ParameterChanging.RushBulletDamageScale,0.1
Buff_Common_014,ParameterChanging.SmashBulletDamageScale,0.1
Buff_Common_014,ResourceChanging.MaxSP,true
Buff_Common_016,EffectiveTime,25
Buff_Common_016,ParameterChanging.RushDamageScale,0.1
Buff_Common_016,ParameterChanging.SmashDamageScale,0.1
Buff_Common_016,ParameterChanging.ComboAttackDamageScale,0.1
Buff_Common_016,ParameterChanging.ThrowDamageScale,0.1
Buff_Common_016,ParameterChanging.ParryDamageScale,0.1
Buff_Common_016,ParameterChanging.PursuitDamageScale,0.1
Buff_Common_016,ParameterChanging.RushBulletDamageScale,0.1
Buff_Common_016,ParameterChanging.SmashBulletDamageScale,0.1
Buff_Common_016,ParameterChanging.BlastDamageScale,0.1
Buff_Common_016,ParameterChanging.BlastUltimateDamageScale,0.1
Buff_Common_016,ParameterChanging.CombativesDamageResist,0.05
Buff_Common_016,ParameterChanging.EnergyDamageResist,0.05
Buff_Common_016,ParameterChanging.ShaveDamageResist,0.05
Buff_Common_016,ParameterChanging.MovesScale.NormalMove.MaxSpeedScale,0.25
Buff_Common_016,ParameterChanging.MovesScale.NormalMove.AccelScale,0.25
Buff_Common_016,ParameterChanging.MovesScale.NormalMove.BrakeScale,0.25
Buff_Common_016,ParameterChanging.MovesScale.JumpScale,0.25
Buff_Common_016,ParameterChanging.MovesScale.HighSpeedMove.MaxSpeedScale,0.25
Buff_Common_016,ParameterChanging.MovesScale.HighSpeedMove.AccelScale,0.25
Buff_Common_016,ParameterChanging.MovesScale.HighSpeedMove.BrakeScale,0.25
Buff_Common_016,ParameterChanging.MovesScale.SuperHighSpeedMoveScale,0.25
Buff_Common_016,ParameterChanging.MovesScale.ShortDashMove.MaxSpeedScale,0.25
Buff_Common_016,ParameterChanging.MovesScale.ShortDashMove.AccelScale,0.25
Buff_Common_016,ParameterChanging.MovesScale.ShortDashMove.BrakeScale,0.25
Buff_Common_016,ParameterChanging.MovesScale.DragonDashMove.MaxSpeedScale,0.25
Buff_Common_016,ParameterChanging.MovesScale.DragonDashMove.AccelScale,0.25
Buff_Common_016,ParameterChanging.MovesScale.DragonDashMove.BrakeScale,0.25
Buff_Common_017,EffectiveTime,25
Buff_Common_017,ParameterChanging.SPAutoRecoveryScale,0.1
Buff_Common_017,ParameterChanging.RushDamageScale,0.1
Buff_Common_017,ParameterChanging.SmashDamageScale,0.1
Buff_Common_017,ParameterChanging.ComboAttackDamageScale,0.1
Buff_Common_017,ParameterChanging.ThrowDamageScale,0.1
Buff_Common_017,ParameterChanging.ParryDamageScale,0.1
Buff_Common_017,ParameterChanging.PursuitDamageScale,0.1
Buff_Common_017,ParameterChanging.RushBulletDamageScale,0.1
Buff_Common_017,ParameterChanging.SmashBulletDamageScale,0.1
Buff_Common_017,ParameterChanging.BlastDamageScale,0.1
Buff_Common_017,ParameterChanging.BlastUltimateDamageScale,0.1
Buff_Common_017,ParameterChanging.CombativesDamageResist,0.1
Buff_Common_017,ParameterChanging.EnergyDamageResist,0.1
Buff_Common_017,ParameterChanging.ShaveDamageResist,0.1
Buff_Common_018,EffectiveTime,25
Buff_Common_018,ParameterChanging.RushDamageScale,0.1
Buff_Common_018,ParameterChanging.SmashDamageScale,0.1
Buff_Common_018,ParameterChanging.ComboAttackDamageScale,0.1
Buff_Common_018,ParameterChanging.ThrowDamageScale,0.1
Buff_Common_018,ParameterChanging.ParryDamageScale,0.1
Buff_Common_018,ParameterChanging.PursuitDamageScale,0.1
Buff_Common_018,ParameterChanging.RushBulletDamageScale,0.1
Buff_Common_018,ParameterChanging.SmashBulletDamageScale,0.1
Buff_Common_018,ParameterChanging.CombativesDamageResist,0.1
Buff_Common_018,ParameterChanging.EnergyDamageResist,0.1
Buff_Common_018,ParameterChanging.ShaveDamageResist,0.1
Buff_Common_018,ParameterChanging.SearchParamChanging.EasyFindingScaleByTargetScale,0.25
Buff_Common_020,EffectiveTime,25
Buff_Common_020,ParameterChanging.RushDamageScale,0.1
Buff_Common_020,ParameterChanging.SmashDamageScale,0.1
Buff_Common_020,ParameterChanging.ComboAttackDamageScale,0.1
Buff_Common_020,ParameterChanging.ThrowDamageScale,0.1
Buff_Common_020,ParameterChanging.ParryDamageScale,0.1
Buff_Common_020,ParameterChanging.PursuitDamageScale,0.1
Buff_Common_020,ParameterChanging.RushBulletDamageScale,0.1
Buff_Common_020,ParameterChanging.SmashBulletDamageScale,0.1
Buff_Common_021,EffectiveTime,25
Buff_Common_021,ParameterChanging.RushDamageScale,0.1
Buff_Common_021,ParameterChanging.SmashDamageScale,0.1
Buff_Common_021,ParameterChanging.ComboAttackDamageScale,0.1
Buff_Common_021,ParameterChanging.ThrowDamageScale,0.1
Buff_Common_021,ParameterChanging.ParryDamageScale,0.1
Buff_Common_021,ParameterChanging.PursuitDamageScale,0.1
Buff_Common_021,ParameterChanging.RushBulletDamageScale,0.1
Buff_Common_021,ParameterChanging.SmashBulletDamageScale,0.1
Buff_Common_021,ParameterChanging.BlastDamageScale,0.15
Buff_Common_021,ParameterChanging.BlastUltimateDamageScale,0.15
Buff_Common_023,EffectiveTime,25
Buff_Common_023,ParameterChanging.RushDamageScale,0.15
Buff_Common_023,ParameterChanging.SmashDamageScale,0.15
Buff_Common_023,ParameterChanging.ComboAttackDamageScale,0.15
Buff_Common_023,ParameterChanging.ThrowDamageScale,0.15
Buff_Common_023,ParameterChanging.ParryDamageScale,0.15
Buff_Common_023,ParameterChanging.PursuitDamageScale,0.15
Buff_Common_023,ParameterChanging.RushBulletDamageScale,0.15
Buff_Common_023,ParameterChanging.SmashBulletDamageScale,0.15
Buff_Common_023,ParameterChanging.MovesScale.NormalMove.MaxSpeedScale,-0.15
Buff_Common_023,ParameterChanging.MovesScale.NormalMove.AccelScale,-0.15
Buff_Common_023,ParameterChanging.MovesScale.HighSpeedMove.MaxSpeedScale,-0.15
Buff_Common_023,ParameterChanging.MovesScale.HighSpeedMove.AccelScale,-0.15
Buff_Common_023,ParameterChanging.MovesScale.ShortDashMove.MaxSpeedScale,-0.15
Buff_Common_023,ParameterChanging.MovesScale.ShortDashMove.AccelScale,-0.15
Buff_Common_023,ParameterChanging.MovesScale.DragonDashMove.MaxSpeedScale,-0.15
Buff_Common_023,ParameterChanging.MovesScale.DragonDashMove.AccelScale,-0.15
Buff_Common_024,EffectiveTime,25
Buff_Common_024,ParameterChanging.SPAutoRecoveryScale,-0.1
Buff_Common_024,ParameterChanging.RushDamageScale,0.15
Buff_Common_024,ParameterChanging.SmashDamageScale,0.15
Buff_Common_024,ParameterChanging.ComboAttackDamageScale,0.15
Buff_Common_024,ParameterChanging.ThrowDamageScale,0.15
Buff_Common_024,ParameterChanging.ParryDamageScale,0.15
Buff_Common_024,ParameterChanging.PursuitDamageScale,0.15
Buff_Common_024,ParameterChanging.RushBulletDamageScale,0.15
Buff_Common_024,ParameterChanging.SmashBulletDamageScale,0.15
Buff_Common_025,EffectiveTime,25
Buff_Common_025,ParameterChanging.SPAutoRecoveryScale,-0.1
Buff_Common_025,ParameterChanging.RushDamageScale,0.15
Buff_Common_025,ParameterChanging.SmashDamageScale,0.15
Buff_Common_025,ParameterChanging.ComboAttackDamageScale,0.15
Buff_Common_025,ParameterChanging.ThrowDamageScale,0.15
Buff_Common_025,ParameterChanging.ParryDamageScale,0.15
Buff_Common_025,ParameterChanging.PursuitDamageScale,0.15
Buff_Common_025,ParameterChanging.RushBulletDamageScale,0.15
Buff_Common_025,ParameterChanging.SmashBulletDamageScale,0.15
Buff_Common_025,ParameterChanging.CombativesDamageResist,0.05
Buff_Common_025,ParameterChanging.EnergyDamageResist,0.05
Buff_Common_025,ParameterChanging.ShaveDamageResist,0.05
Buff_Common_029,EffectiveTime,25
Buff_Common_029,ParameterChanging.SPAutoRecoveryScale,0.1
Buff_Common_029,ParameterChanging.SPChargeSpeedScale,0.1
Buff_Common_029,ParameterChanging.SparkingGaugeChargeSpeedScale,0.1
Buff_Common_029,ParameterChanging.PreSparkingGaugeDecreaseSpeedScale,0.1
Buff_Common_029,ParameterChanging.RushBulletDamageScale,0.1
Buff_Common_029,ParameterChanging.SmashBulletDamageScale,0.1
Buff_Common_030,EffectiveTime,15
Buff_Common_030,ParameterChanging.SPAutoRecoveryScale,0.15
Buff_Common_031_AVD,EffectiveTime,10
Buff_Common_031_AVD,EffectiveCount,10
Buff_Common_031_AVD,bAscertainCountered,true
Buff_Common_031_AVD,bSuperCountered,true
Buff_Common_031_AVD,bDelayAction,true
Buff_Common_031_AVD,bDirectBuff,true
Buff_Common_031_AVD,SpecialType,EKoratBuffSpecialType::Dodge
Buff_Common_031_AVD,ParameterChanging.ForbidParam.bCannotBlastForteSlot1,true
Buff_Common_031_AVD_S2,EffectiveTime,10
Buff_Common_031_AVD_S2,EffectiveCount,10
Buff_Common_031_AVD_S2,bAscertainCountered,true
Buff_Common_031_AVD_S2,bSuperCountered,true
Buff_Common_031_AVD_S2,bDelayAction,true
Buff_Common_031_AVD_S2,bDirectBuff,true
Buff_Common_031_AVD_S2,SpecialType,EKoratBuffSpecialType::Dodge
Buff_Common_031_AVD_S2,ParameterChanging.ForbidParam.bCannotBlastForteSlot2,true
Buff_Common_032,EffectiveTime,15
Buff_Common_032,ParameterChanging.RushDamageScale,-0.1
Buff_Common_032,ParameterChanging.SmashDamageScale,-0.1
Buff_Common_032,ParameterChanging.ComboAttackDamageScale,-0.1
Buff_Common_032,ParameterChanging.ThrowDamageScale,-0.1
Buff_Common_032,ParameterChanging.ParryDamageScale,-0.1
Buff_Common_032,ParameterChanging.PursuitDamageScale,-0.1
Buff_Common_032,ParameterChanging.RushBulletDamageScale,-0.1
Buff_Common_032,ParameterChanging.SmashBulletDamageScale,-0.1
Buff_Common_032,ParameterChanging.CombativesDamageResist,0.1
Buff_Common_032,ParameterChanging.EnergyDamageResist,0.1
Buff_Common_032,ParameterChanging.ShaveDamageResist,0.1
Buff_Common_032,ParameterChanging.ArmorLevelUp,3
Buff_Common_034,EffectiveTime,25
Buff_Common_034,ParameterChanging.CombativesDamageResist,0.15
Buff_Common_034,ParameterChanging.EnergyDamageResist,0.15
Buff_Common_034,ParameterChanging.ShaveDamageResist,0.15
Buff_Common_035,EffectiveTime,25
Buff_Common_035,ParameterChanging.RushDamageScale,0.1
Buff_Common_035,ParameterChanging.SmashDamageScale,0.1
Buff_Common_035,ParameterChanging.ComboAttackDamageScale,0.1
Buff_Common_035,ParameterChanging.ThrowDamageScale,0.1
Buff_Common_035,ParameterChanging.ParryDamageScale,0.1
Buff_Common_035,ParameterChanging.RushBulletDamageScale,0.1
Buff_Common_035,ParameterChanging.SmashBulletDamageScale,0.1
Buff_Common_035,ParameterChanging.CombativesChargeScale,0.1
Buff_Common_035,ParameterChanging.BulletChargeScale,0.1
Buff_Common_036_ACO,EffectiveTermType,8
Buff_Common_036_ACO,EffectiveCount,1
Buff_Common_036_ACO,bAscertainCountered,true
Buff_Common_036_ACO,bDelayAction,true
Buff_Common_036_ACO,bDirectBuff,true
Buff_Common_036_ACO,SpecialType,EKoratBuffSpecialType::Dodge
Buff_Common_036_ACO,DodgeMoveChangeDistance,1000
Buff_Common_036_ACO,bDodgeMoveChangeAtBulletAttack,true
Buff_Common_036_ACO,ChangeDodgePlayAction,actHSEW
Buff_Common_036_ACO,ParameterChanging.ForbidParam.bCannotBlastForteSlot1,true
Buff_Common_036_ACO_S2,EffectiveTermType,8
Buff_Common_036_ACO_S2,EffectiveCount,1
Buff_Common_036_ACO_S2,bAscertainCountered,true
Buff_Common_036_ACO_S2,bDelayAction,true
Buff_Common_036_ACO_S2,bDirectBuff,true
Buff_Common_036_ACO_S2,SpecialType,EKoratBuffSpecialType::Dodge
Buff_Common_036_ACO_S2,DodgeMoveChangeDistance,1000
Buff_Common_036_ACO_S2,bDodgeMoveChangeAtBulletAttack,true
Buff_Common_036_ACO_S2,ChangeDodgePlayAction,actHSEW
Buff_Common_036_ACO_S2,ParameterChanging.ForbidParam.bCannotBlastForteSlot2,true
Buff_Common_037_AVDs,EffectiveTermType,8
Buff_Common_037_AVDs,EffectiveCount,1
Buff_Common_037_AVDs,bAscertainCountered,true
Buff_Common_037_AVDs,bDelayAction,true
Buff_Common_037_AVDs,bDirectBuff,true
Buff_Common_037_AVDs,SpecialType,EKoratBuffSpecialType::Dodge
Buff_Common_037_AVDs,ParameterChanging.ForbidParam.bCannotBlastForteSlot1,true
Buff_Common_037_AVDs_S2,EffectiveTermType,8
Buff_Common_037_AVDs_S2,EffectiveCount,1
Buff_Common_037_AVDs_S2,bAscertainCountered,true
Buff_Common_037_AVDs_S2,bDelayAction,true
Buff_Common_037_AVDs_S2,bDirectBuff,true
Buff_Common_037_AVDs_S2,SpecialType,EKoratBuffSpecialType::Dodge
Buff_Common_037_AVDs_S2,ParameterChanging.ForbidParam.bCannotBlastForteSlot2,true
Buff_Common_041,EffectiveTime,30
Buff_Common_041,ParameterChanging.RushDamageScale,0.1
Buff_Common_041,ParameterChanging.SmashDamageScale,0.1
Buff_Common_041,ParameterChanging.ComboAttackDamageScale,0.1
Buff_Common_041,ParameterChanging.ThrowDamageScale,0.1
Buff_Common_041,ParameterChanging.ParryDamageScale,0.1
Buff_Common_041,ParameterChanging.PursuitDamageScale,0.1
Buff_Common_041,ParameterChanging.RushBulletDamageScale,0.1
Buff_Common_041,ParameterChanging.SmashBulletDamageScale,0.1
Buff_Common_041,ParameterChanging.BlastDamageScale,0.1
Buff_Common_041,ParameterChanging.BlastUltimateDamageScale,0.1
Buff_Common_041,ParameterChanging.CombativesChargeScale,0.1
Buff_Common_041,ParameterChanging.BulletChargeScale,0.1
Buff_Common_042_DOG,ResourceChanging.HealHPPercentage,30
Buff_Common_042_DOG,ResourceChanging.MaxSP,true
Buff_Common_043,EffectiveTime,5
Buff_Common_043,ParameterChanging.RushDamageScale,0.4
Buff_Common_043,ParameterChanging.SmashDamageScale,0.4
Buff_Common_043,ParameterChanging.ComboAttackDamageScale,0.4
Buff_Common_043,ParameterChanging.ThrowDamageScale,0.4
Buff_Common_043,ParameterChanging.ParryDamageScale,0.4
Buff_Common_043,ParameterChanging.PursuitDamageScale,0.4
Buff_Common_043,ParameterChanging.RushBulletDamageScale,0.4
Buff_Common_043,ParameterChanging.SmashBulletDamageScale,0.4
Buff_Common_043,ParameterChanging.BlastDamageScale,0.4
Buff_Common_043,ParameterChanging.BlastUltimateDamageScale,0.4
Buff_Common_043,ResourceChanging.MaxSP,true
Buff_Common_044_Spr,EffectiveTime,15
Buff_Common_044_Spr,ParameterChanging.RushDamageScale,0.1
Buff_Common_044_Spr,ParameterChanging.SmashDamageScale,0.1
Buff_Common_044_Spr,ParameterChanging.ComboAttackDamageScale,0.1
Buff_Common_044_Spr,ParameterChanging.ThrowDamageScale,0.1
Buff_Common_044_Spr,ParameterChanging.ParryDamageScale,0.1
Buff_Common_044_Spr,ParameterChanging.PursuitDamageScale,0.1
Buff_Common_044_Spr,ParameterChanging.RushBulletDamageScale,0.1
Buff_Common_044_Spr,ParameterChanging.SmashBulletDamageScale,0.1
Buff_Common_044_Spr,ParameterChanging.BlastDamageScale,0.1
Buff_Common_044_Spr,ParameterChanging.BlastUltimateDamageScale,0.1
Buff_Common_044_Spr,ParameterChanging.MovesScale.NormalMove.MaxSpeedScale,0.25
Buff_Common_044_Spr,ParameterChanging.MovesScale.NormalMove.AccelScale,0.25
Buff_Common_044_Spr,ParameterChanging.MovesScale.NormalMove.BrakeScale,0.25
Buff_Common_044_Spr,ParameterChanging.MovesScale.JumpScale,0.25
Buff_Common_044_Spr,ParameterChanging.MovesScale.HighSpeedMove.MaxSpeedScale,0.25
Buff_Common_044_Spr,ParameterChanging.MovesScale.HighSpeedMove.AccelScale,0.25
Buff_Common_044_Spr,ParameterChanging.MovesScale.HighSpeedMove.BrakeScale,0.25
Buff_Common_044_Spr,ParameterChanging.MovesScale.SuperHighSpeedMoveScale,0.25
Buff_Common_044_Spr,ParameterChanging.MovesScale.ShortDashMove.MaxSpeedScale,0.25
Buff_Common_044_Spr,ParameterChanging.MovesScale.ShortDashMove.AccelScale,0.25
Buff_Common_044_Spr,ParameterChanging.MovesScale.ShortDashMove.BrakeScale,0.25
Buff_Common_044_Spr,ParameterChanging.MovesScale.DragonDashMove.MaxSpeedScale,0.25
Buff_Common_044_Spr,ParameterChanging.MovesScale.DragonDashMove.AccelScale,0.25
Buff_Common_044_Spr,ParameterChanging.MovesScale.DragonDashMove.BrakeScale,0.25
Buff_Common_046_Spr,EffectiveTime,15
Buff_Common_046_Spr,ParameterChanging.SPAutoRecoveryScale,0.1
Buff_Common_046_Spr,ParameterChanging.RushDamageScale,0.1
Buff_Common_046_Spr,ParameterChanging.SmashDamageScale,0.1
Buff_Common_046_Spr,ParameterChanging.ComboAttackDamageScale,0.1
Buff_Common_046_Spr,ParameterChanging.ThrowDamageScale,0.1
Buff_Common_046_Spr,ParameterChanging.ParryDamageScale,0.1
Buff_Common_046_Spr,ParameterChanging.PursuitDamageScale,0.1
Buff_Common_046_Spr,ParameterChanging.RushBulletDamageScale,0.1
Buff_Common_046_Spr,ParameterChanging.SmashBulletDamageScale,0.1
Buff_Common_046_Spr,ParameterChanging.BlastDamageScale,0.1
Buff_Common_046_Spr,ParameterChanging.BlastUltimateDamageScale,0.1
Buff_Common_047_Spr,EffectiveTime,15
Buff_Common_047_Spr,ParameterChanging.SPAutoRecoveryScale,0.05
Buff_Common_047_Spr,ParameterChanging.BlastDamageScale,0.05
Buff_Common_047_Spr,ParameterChanging.BlastUltimateDamageScale,0.05
Buff_Common_048_Spr,EffectiveTime,15
Buff_Common_048_Spr,ParameterChanging.BlastDamageScale,0.1
Buff_Common_048_Spr,ParameterChanging.BlastUltimateDamageScale,0.1
Buff_Common_049_Spr,EffectiveTime,15
Buff_Common_049_Spr,ParameterChanging.RushDamageScale,0.1
Buff_Common_049_Spr,ParameterChanging.SmashDamageScale,0.1
Buff_Common_049_Spr,ParameterChanging.ComboAttackDamageScale,0.1
Buff_Common_049_Spr,ParameterChanging.ThrowDamageScale,0.1
Buff_Common_049_Spr,ParameterChanging.ParryDamageScale,0.1
Buff_Common_049_Spr,ParameterChanging.PursuitDamageScale,0.1
Buff_Common_049_Spr,ParameterChanging.RushBulletDamageScale,0.1
Buff_Common_049_Spr,ParameterChanging.SmashBulletDamageScale,0.1
Buff_Common_049_Spr,ParameterChanging.BlastDamageScale,0.1
Buff_Common_049_Spr,ParameterChanging.BlastUltimateDamageScale,0.1
Buff_Common_050_Spr,EffectiveTime,15
Buff_Common_050_Spr,ParameterChanging.RushDamageScale,0.1
Buff_Common_050_Spr,ParameterChanging.SmashDamageScale,0.1
Buff_Common_050_Spr,ParameterChanging.ComboAttackDamageScale,0.1
Buff_Common_050_Spr,ParameterChanging.ThrowDamageScale,0.1
Buff_Common_050_Spr,ParameterChanging.ParryDamageScale,0.1
Buff_Common_050_Spr,ParameterChanging.PursuitDamageScale,0.1
Buff_Common_050_Spr,ParameterChanging.RushBulletDamageScale,0.1
Buff_Common_050_Spr,ParameterChanging.SmashBulletDamageScale,0.1
Buff_Common_050_Spr,ParameterChanging.BlastDamageScale,0.1
Buff_Common_050_Spr,ParameterChanging.BlastUltimateDamageScale,0.1
Buff_Common_051_Spr,EffectiveTime,15
Buff_Common_051_Spr,ParameterChanging.RushDamageScale,0.1
Buff_Common_051_Spr,ParameterChanging.SmashDamageScale,0.1
Buff_Common_051_Spr,ParameterChanging.ComboAttackDamageScale,0.1
Buff_Common_051_Spr,ParameterChanging.ThrowDamageScale,0.1
Buff_Common_051_Spr,ParameterChanging.ParryDamageScale,0.1
Buff_Common_051_Spr,ParameterChanging.PursuitDamageScale,0.1
Buff_Common_051_Spr,ParameterChanging.RushBulletDamageScale,0.1
Buff_Common_051_Spr,ParameterChanging.SmashBulletDamageScale,0.1
Buff_Common_052_Spr,EffectiveTime,15
Buff_Common_052_Spr,ParameterChanging.RushDamageScale,0.15
Buff_Common_052_Spr,ParameterChanging.SmashDamageScale,0.15
Buff_Common_052_Spr,ParameterChanging.ComboAttackDamageScale,0.15
Buff_Common_052_Spr,ParameterChanging.ThrowDamageScale,0.15
Buff_Common_052_Spr,ParameterChanging.ParryDamageScale,0.15
Buff_Common_052_Spr,ParameterChanging.PursuitDamageScale,0.15
Buff_Common_052_Spr,ParameterChanging.RushBulletDamageScale,0.15
Buff_Common_052_Spr,ParameterChanging.SmashBulletDamageScale,0.15
Buff_Common_053_Spr,EffectiveTime,15
Buff_Common_053_Spr,ParameterChanging.RushDamageScale,0.1
Buff_Common_053_Spr,ParameterChanging.SmashDamageScale,0.1
Buff_Common_053_Spr,ParameterChanging.ComboAttackDamageScale,0.1
Buff_Common_053_Spr,ParameterChanging.ThrowDamageScale,0.1
Buff_Common_053_Spr,ParameterChanging.ParryDamageScale,0.1
Buff_Common_053_Spr,ParameterChanging.PursuitDamageScale,0.1
Buff_Common_053_Spr,ParameterChanging.RushBulletDamageScale,0.1
Buff_Common_053_Spr,ParameterChanging.SmashBulletDamageScale,0.1
Buff_Common_054_Spr,EffectiveTime,15
Buff_Common_054_Spr,ParameterChanging.RushDamageScale,0.1
Buff_Common_054_Spr,ParameterChanging.SmashDamageScale,0.1
Buff_Common_054_Spr,ParameterChanging.ComboAttackDamageScale,0.1
Buff_Common_054_Spr,ParameterChanging.ThrowDamageScale,0.1
Buff_Common_054_Spr,ParameterChanging.ParryDamageScale,0.1
Buff_Common_054_Spr,ParameterChanging.PursuitDamageScale,0.1
Buff_Common_054_Spr,ParameterChanging.RushBulletDamageScale,0.1
Buff_Common_054_Spr,ParameterChanging.SmashBulletDamageScale,0.1
Buff_Common_054_Spr,ResourceChanging.Sparking,true
Buff_Common_057_Spr,EffectiveTime,15
Buff_Common_057_Spr,ParameterChanging.ShaveDamageResist,0.1
Buff_Common_059,EffectiveTermType,64
Buff_Common_059,EffectiveTime,100
Buff_Common_059,SpecialType,EKoratBuffSpecialType::Genki
Buff_Common_059,ParameterChanging.BlastUltimateDamageScale,0.2
Buff_Common_061_Bind_Ele,EffectiveTermType,34
Buff_Common_061_Bind_Ele,EffectiveTime,1.5
Buff_Common_061_Bind_Ele,bNumb,true
Buff_Common_061_Bind_Ele,bHideInDemo,true
Buff_Common_061_Bind_Ele,bFinishToParticularAction,true
Buff_Common_062_Bind_Ele,EffectiveTermType,34
Buff_Common_062_Bind_Ele,EffectiveTime,3
Buff_Common_062_Bind_Ele,bNumb,true
Buff_Common_062_Bind_Ele,bHideInDemo,true
Buff_Common_062_Bind_Ele,bFinishToParticularAction,true
Buff_Common_063_Bind_Psi,EffectiveTermType,34
Buff_Common_063_Bind_Psi,EffectiveTime,4
Buff_Common_063_Bind_Psi,bNumb,true
Buff_Common_063_Bind_Psi,bHideInDemo,true
Buff_Common_063_Bind_Psi,bFinishToParticularAction,true
Buff_Common_064_Bind_Aur,EffectiveTermType,34
Buff_Common_064_Bind_Aur,EffectiveTime,5
Buff_Common_064_Bind_Aur,bNumb,true
Buff_Common_064_Bind_Aur,bHideInDemo,true
Buff_Common_064_Bind_Aur,bFinishToParticularAction,true
Buff_Common_065,EffectiveTime,0.4
Buff_Common_065,bSearchOff,true
Buff_Common_067_SPI,EffectiveTime,15
Buff_Common_067_SPI,ParameterChanging.RushDamageScale,0.1
Buff_Common_067_SPI,ParameterChanging.SmashDamageScale,0.1
Buff_Common_067_SPI,ParameterChanging.ComboAttackDamageScale,0.1
Buff_Common_067_SPI,ParameterChanging.ThrowDamageScale,0.1
Buff_Common_067_SPI,ParameterChanging.ParryDamageScale,0.1
Buff_Common_067_SPI,ParameterChanging.PursuitDamageScale,0.1
Buff_Common_067_SPI,ParameterChanging.RushBulletDamageScale,0.1
Buff_Common_067_SPI,ParameterChanging.SmashBulletDamageScale,0.1
Buff_Common_067_SPI,ParameterChanging.BlastDamageScale,0.1
Buff_Common_067_SPI,ParameterChanging.BlastUltimateDamageScale,0.1
Buff_Common_067_SPI,ParameterChanging.ShaveDamageResist,0.1
Buff_Common_067_SPI,ResourceChanging.MaxSP,true
Buff_Common_068_SPI,ResourceChanging.MaxSP,true
Buff_Common_069,EffectiveTime,25
Buff_Common_069,ParameterChanging.RushDamageScale,0.1
Buff_Common_069,ParameterChanging.SmashDamageScale,0.1
Buff_Common_069,ParameterChanging.ComboAttackDamageScale,0.1
Buff_Common_069,ParameterChanging.ThrowDamageScale,0.1
Buff_Common_069,ParameterChanging.ParryDamageScale,0.1
Buff_Common_069,ParameterChanging.PursuitDamageScale,0.1
Buff_Common_069,ParameterChanging.RushBulletDamageScale,0.1
Buff_Common_069,ParameterChanging.SmashBulletDamageScale,0.1
Buff_Common_069,ParameterChanging.BlastDamageScale,0.1
Buff_Common_069,ParameterChanging.BlastUltimateDamageScale,0.1
Buff_Common_069,ParameterChanging.CombativesDamageResist,0.1
Buff_Common_069,ParameterChanging.EnergyDamageResist,0.1
Buff_Common_069,ParameterChanging.ShaveDamageResist,0.1
Buff_Common_071_REC,ResourceChanging.HealHPPercentage,20
Buff_Common_072_REC,ResourceChanging.HealHPPercentage,40
Buff_Common_074,EffectiveTime,15
Buff_Common_074,ParameterChanging.RushDamageScale,0.1
Buff_Common_074,ParameterChanging.SmashDamageScale,0.1
Buff_Common_074,ParameterChanging.ComboAttackDamageScale,0.1
Buff_Common_074,ParameterChanging.ThrowDamageScale,0.1
Buff_Common_074,ParameterChanging.ParryDamageScale,0.1
Buff_Common_074,ParameterChanging.PursuitDamageScale,0.1
Buff_Common_074,ParameterChanging.RushBulletDamageScale,0.1
Buff_Common_074,ParameterChanging.SmashBulletDamageScale,0.1
Buff_Common_074,ParameterChanging.BlastDamageScale,0.1
Buff_Common_074,ParameterChanging.BlastUltimateDamageScale,0.1
Buff_Common_074,ResourceChanging.HealHP,-3000
Buff_Common_075_REC,EffectiveTime,15
Buff_Common_075_REC,ParameterChanging.SPAutoRecoveryScale,0.1
Buff_Common_075_REC,ParameterChanging.RushDamageScale,0.1
Buff_Common_075_REC,ParameterChanging.SmashDamageScale,0.1
Buff_Common_075_REC,ParameterChanging.ComboAttackDamageScale,0.1
Buff_Common_075_REC,ParameterChanging.ThrowDamageScale,0.1
Buff_Common_075_REC,ParameterChanging.ParryDamageScale,0.1
Buff_Common_075_REC,ParameterChanging.PursuitDamageScale,0.1
Buff_Common_075_REC,ParameterChanging.RushBulletDamageScale,0.1
Buff_Common_075_REC,ParameterChanging.SmashBulletDamageScale,0.1
Buff_Common_075_REC,ParameterChanging.CombativesDamageResist,0.1
Buff_Common_075_REC,ParameterChanging.EnergyDamageResist,0.1
Buff_Common_075_REC,ParameterChanging.ShaveDamageResist,0.1
Buff_Common_075_REC,ParameterChanging.MovesScale.NormalMove.MaxSpeedScale,0.25
Buff_Common_075_REC,ParameterChanging.MovesScale.NormalMove.AccelScale,0.25
Buff_Common_075_REC,ParameterChanging.MovesScale.NormalMove.BrakeScale,0.25
Buff_Common_075_REC,ParameterChanging.MovesScale.JumpScale,0.25
Buff_Common_075_REC,ParameterChanging.MovesScale.HighSpeedMove.MaxSpeedScale,0.25
Buff_Common_075_REC,ParameterChanging.MovesScale.HighSpeedMove.AccelScale,0.25
Buff_Common_075_REC,ParameterChanging.MovesScale.HighSpeedMove.BrakeScale,0.25
Buff_Common_075_REC,ParameterChanging.MovesScale.SuperHighSpeedMoveScale,0.25
Buff_Common_075_REC,ParameterChanging.MovesScale.ShortDashMove.MaxSpeedScale,0.25
Buff_Common_075_REC,ParameterChanging.MovesScale.ShortDashMove.AccelScale,0.25
Buff_Common_075_REC,ParameterChanging.MovesScale.ShortDashMove.BrakeScale,0.25
Buff_Common_075_REC,ParameterChanging.MovesScale.DragonDashMove.MaxSpeedScale,0.25
Buff_Common_075_REC,ParameterChanging.MovesScale.DragonDashMove.AccelScale,0.25
Buff_Common_075_REC,ParameterChanging.MovesScale.DragonDashMove.BrakeScale,0.25
Buff_Common_075_REC,ResourceChanging.HealHPPercentage,10
Buff_Common_076_REC,ResourceChanging.MaxHP,true
Buff_Common_077_Schoff,EffectiveTime,5
Buff_Common_077_Schoff,bSearchOff,true
Buff_Common_077_Schoff,bHideInDemo,true
Buff_Common_077_Schoff,bFinishToParticularAction,true
Buff_Common_078,TargetCharacterGroups[0],Group_0000
Buff_Common_078,TargetCharacterGroups[1],Group_0310
Buff_Common_078,TargetCharacterGroups[2],Group_0580
Buff_Common_078,TargetCharacterGroups[3],Group_0800
Buff_Common_078,EffectiveTime,15
Buff_Common_078,ParameterChanging.RushDamageScale,0.15
Buff_Common_078,ParameterChanging.SmashDamageScale,0.15
Buff_Common_078,ParameterChanging.RushBulletDamageScale,0.15
Buff_Common_078,ParameterChanging.SmashBulletDamageScale,0.15
Buff_Common_078,ParameterChanging.BlastDamageScale,0.15
Buff_Common_078,ParameterChanging.BlastUltimateDamageScale,0.15
Buff_Common_078_Spr,EffectiveTime,15
Buff_Common_079_Spr,EffectiveTime,15
Buff_Common_079_Spr,ParameterChanging.RushDamageScale,0.05
Buff_Common_079_Spr,ParameterChanging.SmashDamageScale,0.05
Buff_Common_079_Spr,ParameterChanging.RushBulletDamageScale,0.05
Buff_Common_079_Spr,ParameterChanging.SmashBulletDamageScale,0.05
Buff_Common_081_SPI,EffectiveTime,15
Buff_Common_081_SPI,ParameterChanging.RushDamageScale,0.1
Buff_Common_081_SPI,ParameterChanging.SmashDamageScale,0.1
Buff_Common_081_SPI,ParameterChanging.ComboAttackDamageScale,0.1
Buff_Common_081_SPI,ParameterChanging.ThrowDamageScale,0.1
Buff_Common_081_SPI,ParameterChanging.ParryDamageScale,0.1
Buff_Common_081_SPI,ParameterChanging.PursuitDamageScale,0.1
Buff_Common_081_SPI,ParameterChanging.ShaveDamageResist,0.1
Buff_Common_081_SPI,ParameterChanging.MovesScale.NormalMove.MaxSpeedScale,0.25
Buff_Common_081_SPI,ParameterChanging.MovesScale.NormalMove.AccelScale,0.25
Buff_Common_081_SPI,ParameterChanging.MovesScale.NormalMove.BrakeScale,0.25
Buff_Common_081_SPI,ParameterChanging.MovesScale.JumpScale,0.25
Buff_Common_081_SPI,ParameterChanging.MovesScale.HighSpeedMove.MaxSpeedScale,0.25
Buff_Common_081_SPI,ParameterChanging.MovesScale.HighSpeedMove.AccelScale,0.25
Buff_Common_081_SPI,ParameterChanging.MovesScale.HighSpeedMove.BrakeScale,0.25
Buff_Common_081_SPI,ParameterChanging.MovesScale.SuperHighSpeedMoveScale,0.25
Buff_Common_081_SPI,ParameterChanging.MovesScale.ShortDashMove.MaxSpeedScale,0.25
Buff_Common_081_SPI,ParameterChanging.MovesScale.ShortDashMove.AccelScale,0.25
Buff_Common_081_SPI,ParameterChanging.MovesScale.ShortDashMove.BrakeScale,0.25
Buff_Common_081_SPI,ParameterChanging.MovesScale.DragonDashMove.MaxSpeedScale,0.25
Buff_Common_081_SPI,ParameterChanging.MovesScale.DragonDashMove.AccelScale,0.25
Buff_Common_081_SPI,ParameterChanging.MovesScale.DragonDashMove.BrakeScale,0.25
Buff_Common_081_SPI,ResourceChanging.MaxSP,true
Buff_Common_082_Spr,EffectiveTime,15
Buff_Common_082_Spr,ParameterChanging.RushBulletDamageScale,0.1
Buff_Common_082_Spr,ParameterChanging.SmashBulletDamageScale,0.1
Buff_Common_082_Spr,ParameterChanging.BlastDamageScale,0.1
Buff_Common_082_Spr,ParameterChanging.BlastUltimateDamageScale,0.1
Buff_Common_083,EffectiveTime,5
Buff_Common_083,ParameterChanging.RushDamageScale,0.1
Buff_Common_083,ParameterChanging.SmashDamageScale,0.1
Buff_Common_083,ParameterChanging.ComboAttackDamageScale,0.1
Buff_Common_083,ParameterChanging.ThrowDamageScale,0.1
Buff_Common_083,ParameterChanging.ParryDamageScale,0.1
Buff_Common_083,ParameterChanging.PursuitDamageScale,0.1
Buff_Common_084,EffectiveTime,15
Buff_Common_084,ParameterChanging.RushDamageScale,0.1
Buff_Common_084,ParameterChanging.SmashDamageScale,0.1
Buff_Common_084,ParameterChanging.ComboAttackDamageScale,0.1
Buff_Common_084,ParameterChanging.ThrowDamageScale,0.1
Buff_Common_084,ParameterChanging.ParryDamageScale,0.1
Buff_Common_084,ParameterChanging.PursuitDamageScale,0.1
Buff_Common_084,ParameterChanging.BlastDamageScale,0.1
Buff_Common_084,ParameterChanging.BlastUltimateDamageScale,0.1
Buff_Common_084,ParameterChanging.ComboDamageScalingEffectScale,-0.05
Buff_Common_085_Bind_Aur,EffectiveTermType,34
Buff_Common_085_Bind_Aur,EffectiveTime,3
Buff_Common_085_Bind_Aur,bNumb,true
Buff_Common_085_Bind_Aur,bHideInDemo,true
Buff_Common_085_Bind_Aur,bFinishToParticularAction,true
Buff_Common_090_Spr,EffectiveTime,15
Buff_Common_090_Spr,ParameterChanging.RushDamageScale,0.15
Buff_Common_090_Spr,ParameterChanging.SmashDamageScale,0.15
Buff_Common_090_Spr,ParameterChanging.ComboAttackDamageScale,0.15
Buff_Common_090_Spr,ParameterChanging.ThrowDamageScale,0.15
Buff_Common_090_Spr,ParameterChanging.ParryDamageScale,0.15
Buff_Common_090_Spr,ParameterChanging.PursuitDamageScale,0.15
Buff_Common_091_Spr,EffectiveTime,15
Buff_Common_091_Spr,ParameterChanging.BlastDamageScale,0.15
Buff_Common_091_Spr,ParameterChanging.BlastUltimateDamageScale,0.15
Buff_Common_092_Spr,EffectiveTime,15
Buff_Common_092_Spr,ParameterChanging.RushBulletDamageScale,0.15
Buff_Common_092_Spr,ParameterChanging.SmashBulletDamageScale,0.15
Buff_Common_093,EffectiveTime,15
Buff_Common_093,ParameterChanging.RushBulletDamageScale,0.1
Buff_Common_093,ParameterChanging.SmashBulletDamageScale,0.1
Buff_Common_093,ParameterChanging.BlastForteDamageScale,0.1
Buff_Common_093,ParameterChanging.BlastDamageScale,0.1
Buff_Common_093,ParameterChanging.BlastUltimateDamageScale,0.1
Buff_Common_094,EffectiveTime,15
Buff_Common_094,ParameterChanging.SPAutoRecoveryScale,0.15
Buff_Common_094,ParameterChanging.RushDamageScale,0.15
Buff_Common_094,ParameterChanging.SmashDamageScale,0.15
Buff_Common_094,ParameterChanging.ComboAttackDamageScale,0.15
Buff_Common_094,ParameterChanging.ThrowDamageScale,0.15
Buff_Common_094,ParameterChanging.ParryDamageScale,0.15
Buff_Common_094,ParameterChanging.PursuitDamageScale,0.15
Buff_Common_094,ParameterChanging.RushBulletDamageScale,0.15
Buff_Common_094,ParameterChanging.SmashBulletDamageScale,0.15
Buff_Common_094,ParameterChanging.BlastDamageScale,0.15
Buff_Common_094,ParameterChanging.BlastUltimateDamageScale,0.15
Buff_Common_094,ParameterChanging.CombativesDamageResist,0.15
Buff_Common_094,ParameterChanging.EnergyDamageResist,0.15
Buff_Common_094,ParameterChanging.ShaveDamageResist,0.15
Buff_Common_094,ResourceChanging.HealSP,20000
Buff_Common_095,EffectiveTime,15
Buff_Common_095,ParameterChanging.RushDamageScale,0.1
Buff_Common_095,ParameterChanging.SmashDamageScale,0.1
Buff_Common_095,ParameterChanging.ComboAttackDamageScale,0.1
Buff_Common_095,ParameterChanging.ThrowDamageScale,0.1
Buff_Common_095,ParameterChanging.ParryDamageScale,0.1
Buff_Common_095,ParameterChanging.PursuitDamageScale,0.1
Buff_Common_095,ParameterChanging.RushBulletDamageScale,0.1
Buff_Common_095,ParameterChanging.SmashBulletDamageScale,0.1
Buff_Common_095,ParameterChanging.BlastForteDamageScale,0.1
Buff_Common_098,EffectiveTime,25
Buff_Common_098,ParameterChanging.RushDamageScale,0.2
Buff_Common_098,ParameterChanging.SmashDamageScale,0.2
Buff_Common_098,ParameterChanging.ComboAttackDamageScale,0.2
Buff_Common_098,ParameterChanging.ThrowDamageScale,0.2
Buff_Common_098,ParameterChanging.ParryDamageScale,0.2
Buff_Common_098,ParameterChanging.PursuitDamageScale,0.2
Buff_Common_098,ParameterChanging.RushBulletDamageScale,0.2
Buff_Common_098,ParameterChanging.SmashBulletDamageScale,0.2
Buff_Common_098,ParameterChanging.BlastForteDamageScale,0.2
Buff_Common_098,ParameterChanging.BlastDamageScale,0.2
Buff_Common_098,ParameterChanging.BlastUltimateDamageScale,0.2
Buff_Common_099_Spr,EffectiveTermType,16
Buff_Common_099_Spr,EffectiveTime,15
Buff_Common_099_Spr,ParameterChanging.SparkingModeGaugeDecreaseSpeedScale,0.3
Buff_Common_100,EffectiveTime,15
Buff_Common_100,ParameterChanging.RushDamageScale,0.1
Buff_Common_100,ParameterChanging.SmashDamageScale,0.1
Buff_Common_100,ParameterChanging.ComboAttackDamageScale,0.1
Buff_Common_100,ParameterChanging.ThrowDamageScale,0.1
Buff_Common_100,ParameterChanging.ParryDamageScale,0.1
Buff_Common_100,ParameterChanging.PursuitDamageScale,0.1
Buff_Common_100,ParameterChanging.BlastForteDamageScale,0.1
Buff_Common_100,ParameterChanging.BlastDamageScale,0.1
Buff_Common_100,ParameterChanging.BlastUltimateDamageScale,0.1
Buff_Common_100,ResourceChanging.HealSP,20000
Buff_Common_101_Spr,EffectiveTime,15
Buff_Common_101_Spr,ParameterChanging.RushDamageScale,0.1
Buff_Common_101_Spr,ParameterChanging.SmashDamageScale,0.1
Buff_Common_101_Spr,ParameterChanging.ComboAttackDamageScale,0.1
Buff_Common_101_Spr,ParameterChanging.ThrowDamageScale,0.1
Buff_Common_101_Spr,ParameterChanging.ParryDamageScale,0.1
Buff_Common_101_Spr,ParameterChanging.PursuitDamageScale,0.1
Buff_Common_101_Spr,ResourceChanging.Sparking,true
Buff_Common_59_02,EffectiveTermType,64
Buff_Common_59_02,EffectiveTime,100
Buff_Common_59_02,SpecialType,EKoratBuffSpecialType::Genki
Buff_Common_59_02,ParameterChanging.BlastUltimateDamageScale,0.4
Buff_Common_59_03,EffectiveTermType,64
Buff_Common_59_03,EffectiveTime,100
Buff_Common_59_03,SpecialType,EKoratBuffSpecialType::Genki
Buff_Common_59_03,ParameterChanging.BlastUltimateDamageScale,0.6
Buff_Common_59_03,ParameterChanging.ForbidParam.bCannotBlastForteSlot1,true
Buff_Common_96_DefDown,EffectiveTime,25
Buff_Common_96_DefDown,ParameterChanging.CombativesDamageResist,-0.1
Buff_Common_96_DefDown,ParameterChanging.EnergyDamageResist,-0.1
Buff_Common_96_DefDown,ParameterChanging.BlastDamageResist,-0.1
Buff_Common_96_DefDown,ParameterChanging.ShaveDamageResist,-0.1
Buff_Common_97_DefDown,EffectiveTime,30
Buff_Common_97_DefDown,ParameterChanging.CombativesDamageResist,-0.2
Buff_Common_97_DefDown,ParameterChanging.EnergyDamageResist,-0.2
Buff_Common_97_DefDown,ParameterChanging.BlastDamageResist,-0.2
Buff_Common_97_DefDown,ParameterChanging.ShaveDamageResist,-0.2
Buff_Common_ABS_000,EffectiveTime,15
Buff_Common_ABS_000,ParameterChanging.SPAutoRecoveryScale,0.15
Buff_Common_ABS_000,ParameterChanging.SparkingGaugeChargeSpeedScale,0.15
Buff_Common_ABS_000,ParameterChanging.PreSparkingGaugeDecreaseSpeedScale,0.15
Buff_Common_ABS_000,ParameterChanging.BlastRecoverSpeedScale,0.15
Buff_Common_actSMB4_Bind_Ele,bDontOverrideIfAlready,true
Buff_Common_actSMB4_Bind_Ele,bResetDamageReactionFlag,true
Buff_Common_actSMB4_Bind_Ele,bEnableNumbEndSecMoreThan,true
Buff_Common_actSMB4_Bind_Ele,NumbEndSecMoreThan,0.333333
Buff_Common_actSMB4_Bind_Ele,EffectiveTermType,34
Buff_Common_actSMB4_Bind_Ele,EffectiveTime,1.5
Buff_Common_actSMB4_Bind_Ele,bNumb,true
Buff_Common_actSMB4_Bind_Ele,bPossibleRevengeCounterNumb,true
Buff_Common_actSMB4_Bind_Ele,bHideInDemo,true
Buff_Common_actSMB4_Bind_Ele,bFinishToParticularAction,true
Buff_Common_HP_low,EffectiveTermType,1
Buff_Common_HP_low,ParameterChanging.RushDamageScale,0.1
Buff_Common_HP_low,ParameterChanging.SmashDamageScale,0.1
Buff_Common_HP_low,ParameterChanging.ComboAttackDamageScale,0.1
Buff_Common_HP_low,ParameterChanging.ThrowDamageScale,0.1
Buff_Common_HP_low,ParameterChanging.ParryDamageScale,0.1
Buff_Common_HP_low,ParameterChanging.PursuitDamageScale,0.1
Buff_Common_HP_low,ParameterChanging.InterruptDamageScale,0.1
Buff_Common_HP_low,ParameterChanging.RushBulletDamageScale,0.1
Buff_Common_HP_low,ParameterChanging.SmashBulletDamageScale,0.1
Buff_Common_HP_low,ParameterChanging.BlastForteDamageScale,0.1
Buff_Common_HP_low,ParameterChanging.BlastDamageScale,0.1
Buff_Common_HP_low,ParameterChanging.BlastUltimateDamageScale,0.1
Buff_Common_HP_low2,EffectiveTermType,1
Buff_Common_HP_low2,ParameterChanging.RushDamageScale,0.2
Buff_Common_HP_low2,ParameterChanging.SmashDamageScale,0.2
Buff_Common_HP_low2,ParameterChanging.ComboAttackDamageScale,0.2
Buff_Common_HP_low2,ParameterChanging.ThrowDamageScale,0.2
Buff_Common_HP_low2,ParameterChanging.ParryDamageScale,0.2
Buff_Common_HP_low2,ParameterChanging.PursuitDamageScale,0.2
Buff_Common_HP_low2,ParameterChanging.InterruptDamageScale,0.2
Buff_Common_HP_low2,ParameterChanging.RushBulletDamageScale,0.2
Buff_Common_HP_low2,ParameterChanging.SmashBulletDamageScale,0.2
Buff_Common_HP_low2,ParameterChanging.BlastForteDamageScale,0.2
Buff_Common_HP_low2,ParameterChanging.BlastDamageScale,0.2
Buff_Common_HP_low2,ParameterChanging.BlastUltimateDamageScale,0.2
Buff_Common_SP,EffectiveTermType,16
Buff_Common_SP,ParameterChanging.ArmorBreakLevelUp,3
Buff_Common_SP_Huge,EffectiveTermType,16
Buff_Common_SP_Huge,ParameterChanging.ArmorBreakLevelUp,3
Buff_Common_SP_STR,EffectiveTermType,16
Buff_Common_SP_STR,ParameterChanging.RushDamageScale,0.15
Buff_Common_SP_STR,ParameterChanging.SmashDamageScale,0.15
Buff_Common_SP_STR,ParameterChanging.ComboAttackDamageScale,0.15
Buff_Common_SP_STR,ParameterChanging.ThrowDamageScale,0.15
Buff_Common_SP_STR,ParameterChanging.ParryDamageScale,0.15
Buff_Common_SP_STR,ParameterChanging.PursuitDamageScale,0.15
Buff_Common_SP_STR,ParameterChanging.RushBulletDamageScale,0.15
Buff_Common_SP_STR,ParameterChanging.SmashBulletDamageScale,0.15
Buff_Common_SP_STR,ParameterChanging.BlastForteDamageScale,0.15
Buff_Common_SP_STR,ParameterChanging.BlastDamageScale,0.15
Buff_Common_SP_STR,ParameterChanging.BlastUltimateDamageScale,0.15
Buff_Common_SP_STR,ParameterChanging.ArmorBreakLevelUp,3
Buff_Common_SP_STR_001,EffectiveTermType,16
Buff_Common_SP_STR_001,ParameterChanging.SparkingModeGaugeDecreaseSpeedScale,-0.15
Buff_Common_SP_STR_001,ParameterChanging.RushDamageScale,0.1
Buff_Common_SP_STR_001,ParameterChanging.SmashDamageScale,0.1
Buff_Common_SP_STR_001,ParameterChanging.ComboAttackDamageScale,0.1
Buff_Common_SP_STR_001,ParameterChanging.ThrowDamageScale,0.1
Buff_Common_SP_STR_001,ParameterChanging.ParryDamageScale,0.1
Buff_Common_SP_STR_001,ParameterChanging.PursuitDamageScale,0.1
Buff_Common_SP_STR_001,ParameterChanging.RushBulletDamageScale,0.1
Buff_Common_SP_STR_001,ParameterChanging.SmashBulletDamageScale,0.1
Buff_Common_SP_STR_001,ParameterChanging.BlastForteDamageScale,0.1
Buff_Common_SP_STR_001,ParameterChanging.BlastDamageScale,0.1
Buff_Common_SP_STR_001,ParameterChanging.BlastUltimateDamageScale,0.1
Buff_Common_SP_STR_001,ParameterChanging.ArmorBreakLevelUp,3
Buff_Common_SP_STR_002,EffectiveTermType,16
Buff_Common_SP_STR_002,ParameterChanging.SparkingModeGaugeDecreaseSpeedScale,0.15
Buff_Common_SP_STR_002,ParameterChanging.RushDamageScale,0.2
Buff_Common_SP_STR_002,ParameterChanging.SmashDamageScale,0.2
Buff_Common_SP_STR_002,ParameterChanging.ComboAttackDamageScale,0.2
Buff_Common_SP_STR_002,ParameterChanging.ThrowDamageScale,0.2
Buff_Common_SP_STR_002,ParameterChanging.ParryDamageScale,0.2
Buff_Common_SP_STR_002,ParameterChanging.PursuitDamageScale,0.2
Buff_Common_SP_STR_002,ParameterChanging.RushBulletDamageScale,0.2
Buff_Common_SP_STR_002,ParameterChanging.SmashBulletDamageScale,0.2
Buff_Common_SP_STR_002,ParameterChanging.BlastForteDamageScale,0.2
Buff_Common_SP_STR_002,ParameterChanging.BlastDamageScale,0.2
Buff_Common_SP_STR_002,ParameterChanging.BlastUltimateDamageScale,0.2
Buff_Common_SP_STR_002,ParameterChanging.ArmorBreakLevelUp,3
Buff_Common_SP_Weak,EffectiveTermType,16
Buff_Common_SP_Weak,ParameterChanging.ArmorBreakLevelUp,1
Buff_Common_SZCR_000,EffectiveTime,30
Buff_Common_SZCR_000,ParameterChanging.SPAutoRecoveryScale,0.2
Buff_Common_SZCR_000,ParameterChanging.SPChargeSpeedScale,0.2
Buff_Common_SZCR_000,ParameterChanging.SparkingGaugeChargeSpeedScale,0.2
Buff_Common_SZCR_000,ParameterChanging.PreSparkingGaugeDecreaseSpeedScale,0.2
Buff_Common_SZCR_000,ParameterChanging.BlastRecoverSpeedScale,0.2
Buff_Common_SZCR_000,ResourceChanging.HealSP,20000
