id,action,list,phase,file
0000_00,HPTrigger@10000,0,0,Buff_Common_HP_low
0000_00,actEXA1,0,0,Buff_Common_077_Schoff
0000_00,actEXA2SD,0,0,Buff_0000_00_actEXA2_S11
0000_00,actSZCR,0,0,Buff_Common_SZCR_000
0000_00,actSZCE,0,0,Buff_Common_SZCR_000
0000_00,Sparking,0,0,Buff_Common_SP
0000_10,actEXA1SD,0,0,Buff_Common_059
0000_10,actEXA1SD,0,1,Buff_Common_59_02
0000_10,actEXA1SD,0,2,Buff_Common_59_03
0000_10,actEXA2SD,0,0,Buff_Common_016
0000_10,actSZCR,0,0,Buff_Common_SZCR_000
0000_10,actSZCE,0,0,Buff_Common_SZCR_000
0000_10,Sparking,0,0,Buff_Common_SP
0000_11,actEXA1,0,0,Buff_Common_036_ACO
0000_11,actEXA2,0,0,Buff_Common_049_Spr
0000_11,actEXA2,1,0,Buff_Common_97_DefDown
0000_11,actSZCR,0,0,Buff_Common_SZCR_000
0000_11,actSZCE,0,0,Buff_Common_SZCR_000
0000_11,Sparking,0,0,Buff_Common_SP
0000_20,actEXA1,0,0,Buff_Common_065
0000_20,actEXA2,0,0,Buff_Common_036_ACO_S2
0000_20,actSZCR,0,0,Buff_Common_SZCR_000
0000_20,actSZCE,0,0,Buff_Common_SZCR_000
0000_20,Sparking,0,0,Buff_Common_SP
0000_21,actEXA1,0,0,Buff_Common_036_ACO
0000_21,actEXA2SD,0,0,Buff_Common_010
0000_21,actSZCR,0,0,Buff_Common_SZCR_000
0000_21,actSZCE,0,0,Buff_Common_SZCR_000
0000_21,Sparking,0,0,Buff_Common_SP
0000_22,actEXA1,0,0,Buff_Common_065
0000_22,actEXA2,0,0,Buff_Common_058_Spr
0000_22,actEXA2,1,0,Buff_Common_97_DefDown
0000_22,actSZCR,0,0,Buff_Common_SZCR_000
0000_22,actSZCE,0,0,Buff_Common_SZCR_000
0000_22,Sparking,0,0,Buff_Common_SP
0000_23,actEXA1,0,0,Buff_Common_065
0000_23,actEXA2,0,0,Buff_Common_058_Spr
0000_23,actEXA2,1,0,Buff_Common_97_DefDown
0000_23,actSZCR,0,0,Buff_Common_SZCR_000
0000_23,actSZCE,0,0,Buff_Common_SZCR_000
0000_23,Sparking,0,0,Buff_Common_SP
0000_33,actEXA1,0,0,Buff_Common_065
0000_33,actEXA2SD,0,0,Buff_Common_043
0000_33,actEXA2SD,1,0,Buff_Common_96_DefDown
0000_33,actSZCR,0,0,Buff_Common_SZCR_000
0000_33,actSZCE,0,0,Buff_Common_SZCR_000
0000_33,Sparking,0,0,Buff_Common_SP
0000_40,actEXA1,0,0,Buff_Common_065
0000_40,actEXA2,0,0,Buff_Common_058_Spr
0000_40,actEXA2,1,0,Buff_Common_97_DefDown
0000_40,actSZCR,0,0,Buff_Common_SZCR_000
0000_40,actSZCE,0,0,Buff_Common_SZCR_000
0000_40,Sparking,0,0,Buff_Common_SP
0000_41,actEXA1,0,0,Buff_Common_036_ACO
0000_41,actEXA2SD,0,0,Buff_Common_067_SPI
0000_41,actEXA2SD,1,0,Buff_Common_96_DefDown
0000_41,actSZCR,0,0,Buff_Common_SZCR_000
0000_41,actSZCE,0,0,Buff_Common_SZCR_000
0000_41,Sparking,0,0,Buff_Common_SP
0000_43,actEXA1,0,0,Buff_Common_065
0000_43,actEXA2SD,0,0,Buff_0000_43_actEXA2_S11
0000_43,actSZCR,0,0,Buff_Common_SZCR_000
0000_43,actSZCE,0,0,Buff_Common_SZCR_000
0000_43,Sparking,0,0,Buff_Common_SP
0000_50,actEXA2,0,0,Buff_Common_082_Spr
0000_50,actEXA2,1,0,Buff_Common_97_DefDown
0000_50,actEXA1SD,0,0,Buff_Common_081_SPI
0000_50,actEXA1SD,1,0,Buff_Common_96_DefDown
0000_50,actSZCR,0,0,Buff_Common_SZCR_000
0000_50,actSZCE,0,0,Buff_Common_SZCR_000
0000_50,Sparking,0,0,Buff_Common_SP
0000_51,actEXA1,0,0,Buff_Common_036_ACO
0000_51,actEXA2,0,0,Buff_Common_046_Spr
0000_51,actEXA2,1,0,Buff_Common_97_DefDown
0000_51,actSZCR,0,0,Buff_Common_SZCR_000
0000_51,actSZCE,0,0,Buff_Common_SZCR_000
0000_51,Sparking,0,0,Buff_Common_SP
0001_42,actEXA1,0,0,Buff_Common_064_Bind_Aur
0001_42,actEXA2SD,0,0,Buff_Common_018
0001_42,actSZCR,0,0,Buff_Common_SZCR_000
0001_42,actSZCE,0,0,Buff_Common_SZCR_000
0001_42,Sparking,0,0,Buff_Common_SP
0002_30,actEXA1,0,0,Buff_Common_077_Schoff
0002_30,actEXA2,0,0,Buff_Common_031_AVD_S2
0002_30,actSZCR,0,0,Buff_Common_SZCR_000
0002_30,actSZCE,0,0,Buff_Common_SZCR_000
0002_30,Sparking,0,0,Buff_Common_SP
0002_31,actEXA1,0,0,Buff_Common_036_ACO
0002_31,actEXA2,0,0,Buff_Common_058_Spr
0002_31,actEXA2,1,0,Buff_Common_97_DefDown
0002_31,actSZCR,0,0,Buff_Common_SZCR_000
0002_31,actSZCE,0,0,Buff_Common_SZCR_000
0002_31,Sparking,0,0,Buff_Common_SP
0002_32,actEXA1SD,0,0,Buff_Common_010
0002_32,actEXA2SD,0,0,Buff_Common_013
0002_32,actSZCR,0,0,Buff_Common_SZCR_000
0002_32,actSZCE,0,0,Buff_Common_SZCR_000
0002_32,Sparking,0,0,Buff_Common_SP
0002_50,HPTrigger@10000,0,0,Buff_Common_HP_low
0002_50,actEXA1,0,0,Buff_Common_031_AVD
0002_50,actEXA2SD,0,0,Buff_Common_003
0002_50,actSZCR,0,0,Buff_Common_SZCR_000
0002_50,actSZCE,0,0,Buff_Common_SZCR_000
0002_50,Sparking,0,0,Buff_Common_SP
0020_00,actEXA1,0,0,Buff_Common_066
0020_00,actEXA2SD,0,0,Buff_Common_035
0020_00,actSZCR,0,0,Buff_Common_SZCR_000
0020_00,actSZCE,0,0,Buff_Common_SZCR_000
0020_00,Sparking,0,0,Buff_Common_SP
0020_10,actEXA1,0,0,Buff_Common_066
0020_10,actEXA2,0,0,Buff_Common_058_Spr
0020_10,actEXA2,1,0,Buff_Common_97_DefDown
0020_10,actSZCR,0,0,Buff_Common_SZCR_000
0020_10,actSZCE,0,0,Buff_Common_SZCR_000
0020_10,Sparking,0,0,Buff_Common_SP
0020_11,actEXA1,0,0,Buff_Common_066
0020_11,actEXA2SD,0,0,Buff_Common_012
0020_11,actSZCR,0,0,Buff_Common_SZCR_000
0020_11,actSZCE,0,0,Buff_Common_SZCR_000
0020_11,Sparking,0,0,Buff_Common_SP
0020_30,actEXA1,0,0,Buff_Common_037_AVDs
0020_30,actEXA2SD,0,0,Buff_Common_012
0020_30,actSZCR,0,0,Buff_Common_SZCR_000
0020_30,actSZCE,0,0,Buff_Common_SZCR_000
0020_30,Sparking,0,0,Buff_Common_SP
0020_31,actEXA1,0,0,Buff_Common_066
0020_31,actEXA2SD,0,0,Buff_Common_012
0020_31,actSZCR,0,0,Buff_Common_SZCR_000
0020_31,actSZCE,0,0,Buff_Common_SZCR_000
0020_31,Sparking,0,0,Buff_Common_SP
0020_32,actEXA1,0,0,Buff_Common_066
0020_32,actEXA2,0,0,Buff_Common_036_ACO_S2
0020_32,actSZCR,0,0,Buff_Common_SZCR_000
0020_32,actSZCE,0,0,Buff_Common_SZCR_000
0020_32,Sparking,0,0,Buff_Common_SP
0020_40,HPTrigger@10000,0,0,Buff_Common_HP_low
0020_40,actEXA1SD,0,0,Buff_Common_005
0020_40,actEXA2,0,0,Buff_Common_048_Spr
0020_40,actEXA2,1,0,Buff_Common_97_DefDown
0020_40,actSZCR,0,0,Buff_Common_SZCR_000
0020_40,actSZCE,0,0,Buff_Common_SZCR_000
0020_40,Sparking,0,0,Buff_Common_SP
0020_50,actEXA1,0,0,Buff_Common_066
0020_50,actEXA2SD,0,0,Buff_Common_012
0020_50,actSZCR,0,0,Buff_Common_SZCR_000
0020_50,actSZCE,0,0,Buff_Common_SZCR_000
0020_50,Sparking,0,0,Buff_Common_SP
0020_60,actEXA1,0,0,Buff_Common_066
0020_60,actEXA2,0,0,Buff_Common_058_Spr
0020_60,actEXA2,1,0,Buff_Common_97_DefDown
0020_60,actSZCR,0,0,Buff_Common_SZCR_000
0020_60,actSZCE,0,0,Buff_Common_SZCR_000
0020_60,Sparking,0,0,Buff_Common_SP
0020_61,actEXA1SD,0,0,Buff_Common_010
0020_61,actEXA2,0,0,Buff_Common_058_Spr
0020_61,actEXA2,1,0,Buff_Common_97_DefDown
0020_61,actSZCR,0,0,Buff_Common_SZCR_000
0020_61,actSZCE,0,0,Buff_Common_SZCR_000
0020_61,Sparking,0,0,Buff_Common_SP
0020_63,actEXA1SD,0,0,Buff_Common_007
0020_63,actEXA2SD,0,0,Buff_0020_63_actEXA2_S11
0020_63,actSZCR,0,0,Buff_Common_SZCR_000
0020_63,actSZCE,0,0,Buff_Common_SZCR_000
0020_63,Sparking,0,0,Buff_Common_SP
0021_20,actEXA1,0,0,Buff_Common_066
0021_20,actEXA2,0,0,Buff_Common_048_Spr
0021_20,actEXA2,1,0,Buff_Common_97_DefDown
0021_20,actSZCR,0,0,Buff_Common_SZCR_000
0021_20,actSZCE,0,0,Buff_Common_SZCR_000
0021_20,Sparking,0,0,Buff_Common_SP
0022_62,actEXA1,0,0,Buff_Common_066
0022_62,actEXA2SD,0,0,Buff_Common_010
0022_62,actSZCR,0,0,Buff_Common_SZCR_000
0022_62,actSZCE,0,0,Buff_Common_SZCR_000
0022_62,Sparking,0,0,Buff_Common_SP
0023_00,actEXA1,0,0,Buff_Common_066
0023_00,actEXA2,0,0,Buff_Common_054_Spr
0023_00,actEXA2,1,0,Buff_Common_97_DefDown
0023_00,actSZCR,0,0,Buff_Common_SZCR_000
0023_00,actSZCE,0,0,Buff_Common_SZCR_000
0023_00,Sparking,0,0,Buff_Common_SP_Huge
0030_00,actEXA1,0,0,Buff_Common_058_Spr
0030_00,actEXA1,1,0,Buff_Common_97_DefDown
0030_00,actEXA2,0,0,Buff_Common_031_AVD_S2
0030_00,actSZCR,0,0,Buff_Common_SZCR_000
0030_00,actSZCE,0,0,Buff_Common_SZCR_000
0030_00,Sparking,0,0,Buff_Common_SP_STR_002
0031_00,actEXA1,0,0,Buff_Common_036_ACO
0031_00,actEXA2SD,0,0,Buff_Common_068_SPI
0031_00,actEXA2SD,1,0,Buff_Common_96_DefDown
0031_00,actSZCR,0,0,Buff_Common_SZCR_000
0031_00,actSZCE,0,0,Buff_Common_SZCR_000
0031_00,Sparking,0,0,Buff_Common_SP
0031_01,actEXA1,0,0,Buff_Common_066
0031_01,actEXA2,0,0,Buff_Common_058_Spr
0031_01,actEXA2,1,0,Buff_Common_97_DefDown
0031_01,actSZCR,0,0,Buff_Common_SZCR_000
0031_01,actSZCE,0,0,Buff_Common_SZCR_000
0031_01,Sparking,0,0,Buff_Common_SP
0031_02,actEXA1,0,0,Buff_Common_066
0031_02,actEXA2,0,0,Buff_Common_079_Spr
0031_02,actEXA2,1,0,Buff_Common_97_DefDown
0031_02,actSZCR,0,0,Buff_Common_SZCR_000
0031_02,actSZCE,0,0,Buff_Common_SZCR_000
0031_02,Sparking,0,0,Buff_Common_SP_STR
0032_00,actEXA1,0,0,Buff_Common_036_ACO
0032_00,actEXA2SD,0,0,Buff_Common_068_SPI
0032_00,actEXA2SD,1,0,Buff_Common_96_DefDown
0032_00,actSZCR,0,0,Buff_Common_SZCR_000
0032_00,actSZCE,0,0,Buff_Common_SZCR_000
0032_00,Sparking,0,0,Buff_Common_SP
0032_01,actEXA1,0,0,Buff_Common_066
0032_01,actEXA2SD,0,0,Buff_Common_068_SPI
0032_01,actEXA2SD,1,0,Buff_Common_96_DefDown
0032_01,actSZCR,0,0,Buff_Common_SZCR_000
0032_01,actSZCE,0,0,Buff_Common_SZCR_000
0032_01,Sparking,0,0,Buff_Common_SP
0032_02,actEXA1,0,0,Buff_Common_066
0032_02,actEXA2,0,0,Buff_Common_058_Spr
0032_02,actEXA2,1,0,Buff_Common_97_DefDown
0032_02,actSZCR,0,0,Buff_Common_SZCR_000
0032_02,actSZCE,0,0,Buff_Common_SZCR_000
0032_02,Sparking,0,0,Buff_Common_SP
0032_10,actEXA1SD,0,0,Buff_Common_020
0032_10,actEXA2SD,0,0,Buff_Common_006
0032_10,actSZCR,0,0,Buff_Common_SZCR_000
0032_10,actSZCE,0,0,Buff_Common_SZCR_000
0032_10,Sparking,0,0,Buff_Common_SP
0032_20,actEXA1,0,0,Buff_Common_036_ACO
0032_20,actEXA2,0,0,Buff_Common_058_Spr
0032_20,actEXA2,1,0,Buff_Common_97_DefDown
0032_20,actSZCR,0,0,Buff_Common_SZCR_000
0032_20,actSZCE,0,0,Buff_Common_SZCR_000
0032_20,Sparking,0,0,Buff_Common_SP
0032_30,HPTrigger@5000,0,0,Buff_Common_HP_low2
0032_30,actEXA1,0,0,Buff_Common_036_ACO
0032_30,actEXA2SD,0,0,Buff_Common_068_SPI
0032_30,actEXA2SD,1,0,Buff_Common_96_DefDown
0032_30,actSZCR,0,0,Buff_Common_SZCR_000
0032_30,actSZCE,0,0,Buff_Common_SZCR_000
0032_30,Sparking,0,0,Buff_Common_SP
0032_31,HPTrigger@5000,0,0,Buff_Common_HP_low2
0032_31,actEXA1,0,0,Buff_Common_073
0032_31,actEXA2,0,0,Buff_Common_046_Spr
0032_31,actEXA2,1,0,Buff_Common_97_DefDown
0032_31,actSZCR,0,0,Buff_Common_SZCR_000
0032_31,actSZCE,0,0,Buff_Common_SZCR_000
0032_31,Sparking,0,0,Buff_Common_SP
0040_00,actEXA1,0,0,Buff_Common_062_Bind_Ele
0040_00,actEXA2,0,0,Buff_Common_058_Spr
0040_00,actEXA2,1,0,Buff_Common_97_DefDown
0040_00,actSZCR,0,0,Buff_Common_SZCR_000
0040_00,actSZCE,0,0,Buff_Common_SZCR_000
0040_00,Sparking,0,0,Buff_Common_SP
0040_10,actEXA1,0,0,Buff_Common_036_ACO
0040_10,actEXA2SD,0,0,Buff_Common_003
0040_10,actSZCR,0,0,Buff_Common_SZCR_000
0040_10,actSZCE,0,0,Buff_Common_SZCR_000
0040_10,Sparking,0,0,Buff_Common_SP
0040_20,actEXA1SD,0,0,Buff_Common_003
0040_20,actEXA2,0,0,Buff_Common_058_Spr
0040_20,actEXA2,1,0,Buff_Common_97_DefDown
0040_20,actSZCR,0,0,Buff_Common_SZCR_000
0040_20,actSZCE,0,0,Buff_Common_SZCR_000
0040_20,Sparking,0,0,Buff_Common_SP
0050_00,actEXA1,0,0,Buff_Common_077_Schoff
0050_00,actEXA2,0,0,Buff_Common_031_AVD_S2
0050_00,actSZCR,0,0,Buff_Common_SZCR_000
0050_00,actSZCE,0,0,Buff_Common_SZCR_000
0050_00,Sparking,0,0,Buff_Common_SP
0060_00,actEXA1,0,0,Buff_Common_037_AVDs
0060_00,actEXA2,0,0,Buff_Common_044_Spr
0060_00,actEXA2,1,0,Buff_Common_97_DefDown
0060_00,actSZCR,0,0,Buff_Common_SZCR_000
0060_00,actSZCE,0,0,Buff_Common_SZCR_000
0060_00,Sparking,0,0,Buff_Common_SP
0070_00,actEXA1,0,0,Buff_Common_077_Schoff
0070_00,actEXA2,0,0,Buff_Common_036_ACO_S2
0070_00,actSZCR,0,0,Buff_Common_SZCR_000
0070_00,actSZCE,0,0,Buff_Common_SZCR_000
0070_00,Sparking,0,0,Buff_Common_SP
0080_00,actEXA1,0,0,Buff_Common_037_AVDs
0080_00,actEXA2,0,0,Buff_Common_049_Spr
0080_00,actEXA2,1,0,Buff_Common_97_DefDown
0080_00,actSZCR,0,0,Buff_Common_SZCR_000
0080_00,actSZCE,0,0,Buff_Common_SZCR_000
0080_00,Sparking,0,0,Buff_Common_SP
0080_01,actEXA1,0,0,Buff_Common_066
0080_01,actEXA2,0,0,Buff_Common_048_Spr
0080_01,actEXA2,1,0,Buff_Common_97_DefDown
0080_01,actSZCR,0,0,Buff_Common_SZCR_000
0080_01,actSZCE,0,0,Buff_Common_SZCR_000
0080_01,Sparking,0,0,Buff_Common_SP
0080_10,actEXA1,0,0,Buff_Common_066
0080_10,actEXA2,0,0,Buff_Common_036_ACO_S2
0080_10,actSZCR,0,0,Buff_Common_SZCR_000
0080_10,actSZCE,0,0,Buff_Common_SZCR_000
0080_10,Sparking,0,0,Buff_Common_SP
0080_11,actEXA2SD,0,0,Buff_Common_012
0080_11,actSZCR,0,0,Buff_Common_SZCR_000
0080_11,actSZCE,0,0,Buff_Common_SZCR_000
0080_11,Sparking,0,0,Buff_Common_SP
0080_30,HPTrigger@10000,0,0,Buff_Common_HP_low
0080_30,actEXA1,0,0,Buff_Common_077_Schoff
0080_30,actEXA2,0,0,Buff_Common_036_ACO_S2
0080_30,actSZCR,0,0,Buff_Common_SZCR_000
0080_30,actSZCE,0,0,Buff_Common_SZCR_000
0080_30,Sparking,0,0,Buff_Common_SP
0080_31,HPTrigger@10000,0,0,Buff_Common_HP_low
0080_31,actEXA1,0,0,Buff_Common_066
0080_31,actEXA2,0,0,Buff_Common_049_Spr
0080_31,actEXA2,1,0,Buff_Common_97_DefDown
0080_31,actSZCR,0,0,Buff_Common_SZCR_000
0080_31,actSZCE,0,0,Buff_Common_SZCR_000
0080_31,Sparking,0,0,Buff_Common_SP
0081_20,actEXA1,0,0,Buff_Common_066
0081_20,actEXA2,0,0,Buff_Common_053_Spr
0081_20,actEXA2,1,0,Buff_Common_97_DefDown
0081_20,actSZCR,0,0,Buff_Common_SZCR_000
0081_20,actSZCE,0,0,Buff_Common_SZCR_000
0081_20,Sparking,0,0,Buff_Common_SP
0082_00,actEXA1,0,0,Buff_Common_037_AVDs
0082_00,actEXA2SD,0,0,Buff_Common_012
0082_00,actSZCR,0,0,Buff_Common_SZCR_000
0082_00,actSZCE,0,0,Buff_Common_SZCR_000
0082_00,Sparking,0,0,Buff_Common_SP
0082_01,actEXA1,0,0,Buff_Common_066
0082_01,actEXA2,0,0,Buff_Common_053_Spr
0082_01,actEXA2,1,0,Buff_Common_97_DefDown
0082_01,actSZCR,0,0,Buff_Common_SZCR_000
0082_01,actSZCE,0,0,Buff_Common_SZCR_000
0082_01,Sparking,0,0,Buff_Common_SP
0090_00,actEXA1,0,0,Buff_Common_037_AVDs
0090_00,actEXA2,0,0,Buff_Common_042_DOG
0090_00,actSZCR,0,0,Buff_Common_SZCR_000
0090_00,actSZCE,0,0,Buff_Common_SZCR_000
0090_00,Sparking,0,0,Buff_Common_SP
0090_01,actEXA1,0,0,Buff_Common_036_ACO
0090_01,actEXA2SD,0,0,Buff_Common_003
0090_01,actSZCR,0,0,Buff_Common_SZCR_000
0090_01,actSZCE,0,0,Buff_Common_SZCR_000
0090_01,Sparking,0,0,Buff_Common_SP
0100_00,actEXA2SD,0,0,Buff_Common_007
0100_00,actSZCR,0,0,Buff_Common_SZCR_000
0100_00,actSZCE,0,0,Buff_Common_SZCR_000
0100_00,Sparking,0,0,Buff_Common_SP
0100_01,actEXA1,0,0,Buff_Common_031_AVD
0100_01,actEXA2SD,0,0,Buff_Common_012
0100_01,actSZCR,0,0,Buff_Common_SZCR_000
0100_01,actSZCE,0,0,Buff_Common_SZCR_000
0100_01,Sparking,0,0,Buff_Common_SP
0100_02,actEXA1SD,0,0,Buff_Common_012
0100_02,actEXA2SD,0,0,Buff_Common_068_SPI
0100_02,actEXA2SD,1,0,Buff_Common_96_DefDown
0100_02,actSZCR,0,0,Buff_Common_SZCR_000
0100_02,actSZCE,0,0,Buff_Common_SZCR_000
0100_02,Sparking,0,0,Buff_Common_SP
0110_00,actEXA1,0,0,Buff_Common_036_ACO
0110_00,actEXA2,0,0,Buff_Common_046_Spr
0110_00,actEXA2,1,0,Buff_Common_97_DefDown
0110_00,actSZCR,0,0,Buff_Common_SZCR_000
0110_00,actSZCE,0,0,Buff_Common_SZCR_000
0110_00,Sparking,0,0,Buff_Common_SP
0110_01,actEXA1,0,0,Buff_Common_065
0110_01,actEXA2SD,0,0,Buff_Common_012
0110_01,actSZCR,0,0,Buff_Common_SZCR_000
0110_01,actSZCE,0,0,Buff_Common_SZCR_000
0110_01,Sparking,0,0,Buff_Common_SP
0110_02,actEXA1,0,0,Buff_Common_036_ACO
0110_02,actEXA2,0,0,Buff_Common_049_Spr
0110_02,actEXA2,1,0,Buff_Common_97_DefDown
0110_02,actSZCR,0,0,Buff_Common_SZCR_000
0110_02,actSZCE,0,0,Buff_Common_SZCR_000
0110_02,Sparking,0,0,Buff_Common_SP
0110_03,actEXA1,0,0,Buff_Common_065
0110_03,actEXA2,0,0,Buff_Common_073
0110_03,actSZCR,0,0,Buff_Common_SZCR_000
0110_03,actSZCE,0,0,Buff_Common_SZCR_000
0110_03,Sparking,0,0,Buff_Common_SP
0110_04,actEXA1SD,0,0,Buff_Common_003
0110_04,actEXA2SD,0,0,Buff_Common_012
0110_04,actSZCR,0,0,Buff_Common_SZCR_000
0110_04,actSZCE,0,0,Buff_Common_SZCR_000
0110_04,Sparking,0,0,Buff_Common_SP
0120_00,actEXA1,0,0,Buff_Common_037_AVDs
0120_00,actEXA2SD,0,0,Buff_Common_032
0120_00,actSZCR,0,0,Buff_Common_SZCR_000
0120_00,actSZCE,0,0,Buff_Common_SZCR_000
0120_00,Sparking,0,0,Buff_Common_SP
0120_01,actEXA1SD,0,0,Buff_Common_032
0120_01,actEXA2SD,0,0,Buff_Common_014
0120_01,actEXA2SD,1,0,Buff_Common_96_DefDown
0120_01,actSZCR,0,0,Buff_Common_SZCR_000
0120_01,actSZCE,0,0,Buff_Common_SZCR_000
0120_01,Sparking,0,0,Buff_Common_SP
0120_02,actEXA1,0,0,Buff_Common_062_Bind_Ele
0120_02,actEXA2SD,0,0,Buff_Common_021
0120_02,actSZCR,0,0,Buff_Common_SZCR_000
0120_02,actSZCE,0,0,Buff_Common_SZCR_000
0120_02,Sparking,0,0,Buff_Common_SP
0121_00,actEXA1SD,0,0,Buff_Common_003
0121_00,actEXA2SD,0,0,Buff_Common_012
0121_00,actSZCR,0,0,Buff_Common_SZCR_000
0121_00,actSZCE,0,0,Buff_Common_SZCR_000
0121_00,Sparking,0,0,Buff_Common_SP
0130_00,actEXA1,0,0,Buff_Common_031_AVD
0130_00,actEXA2,0,0,Buff_Common_053_Spr
0130_00,actEXA2,1,0,Buff_Common_97_DefDown
0130_00,actSZCR,0,0,Buff_Common_SZCR_000
0130_00,actSZCE,0,0,Buff_Common_SZCR_000
0130_00,Sparking,0,0,Buff_Common_SP
0140_00,actEXA1,0,0,Buff_Common_031_AVD
0140_00,actEXA2SD,0,0,Buff_Common_003
0140_00,actSZCR,0,0,Buff_Common_SZCR_000
0140_00,actSZCE,0,0,Buff_Common_SZCR_000
0140_00,Sparking,0,0,Buff_Common_SP
0141_00,actEXA1SD,0,0,Buff_Common_003
0141_00,actEXA2SD,0,0,Buff_Common_023
0141_00,actSZCR,0,0,Buff_Common_SZCR_000
0141_00,actSZCE,0,0,Buff_Common_SZCR_000
0141_00,Sparking,0,0,Buff_Common_SP
0150_00,actEXA1,0,0,Buff_Common_062_Bind_Ele
0150_00,actEXA2SD,0,0,Buff_Common_024
0150_00,actSZCR,0,0,Buff_Common_SZCR_000
0150_00,actSZCE,0,0,Buff_Common_SZCR_000
0150_00,Sparking,0,0,Buff_Common_SP
0151_00,actEXA1,0,0,Buff_Common_066
0151_00,actEXA2SD,0,0,Buff_Common_021
0151_00,actSZCR,0,0,Buff_Common_SZCR_000
0151_00,actSZCE,0,0,Buff_Common_SZCR_000
0151_00,Sparking,0,0,Buff_Common_SP
0152_00,actEXA1,0,0,Buff_Common_066
0152_00,actEXA2SD,0,0,Buff_Common_007
0152_00,actSZCR,0,0,Buff_Common_SZCR_000
0152_00,actSZCE,0,0,Buff_Common_SZCR_000
0152_00,Sparking,0,0,Buff_Common_SP
0153_00,actEXA1,0,0,Buff_Common_062_Bind_Ele
0153_00,actEXA2,0,0,Buff_Common_058_Spr
0153_00,actEXA2,1,0,Buff_Common_97_DefDown
0153_00,actJSBN,0,0,Buff_Common_actSMB4_Bind_Ele
0153_00,actSZCE,0,0,Buff_Common_SZCR_000
0153_00,actSZCR,0,0,Buff_Common_SZCR_000
0153_00,Sparking,0,0,Buff_Common_SP
0153_10,actEXA1,0,0,Buff_Common_062_Bind_Ele
0153_10,actEXA2SD,0,0,Buff_Common_012
0153_10,actJSBN,0,0,Buff_Common_actSMB4_Bind_Ele
0153_10,actSZCR,0,0,Buff_Common_SZCR_000
0153_10,actSZCE,0,0,Buff_Common_SZCR_000
0153_10,Sparking,0,0,Buff_Common_SP
0153_20,actEXA1,0,0,Buff_Common_062_Bind_Ele
0153_20,actEXA2SD,0,0,Buff_Common_010
0153_20,actJSBN,0,0,Buff_Common_actSMB4_Bind_Ele
0153_20,actSZCR,0,0,Buff_Common_SZCR_000
0153_20,actSZCE,0,0,Buff_Common_SZCR_000
0153_20,Sparking,0,0,Buff_Common_SP
0154_00,actEXA1,0,0,Buff_Common_062_Bind_Ele
0154_00,actEXA2,0,0,Buff_Common_058_Spr
0154_00,actEXA2,1,0,Buff_Common_97_DefDown
0154_00,actSZCR,0,0,Buff_Common_SZCR_000
0154_00,actSZCE,0,0,Buff_Common_SZCR_000
0154_00,Sparking,0,0,Buff_Common_SP
0155_00,actEXA1,0,0,Buff_Common_036_ACO
0155_00,actEXA2,0,0,Buff_Common_058_Spr
0155_00,actEXA2,1,0,Buff_Common_97_DefDown
0155_00,actJSBN,0,0,Buff_Common_actSMB4_Bind_Ele
0155_00,actSZCR,0,0,Buff_Common_SZCR_000
0155_00,actSZCE,0,0,Buff_Common_SZCR_000
0155_00,Sparking,0,0,Buff_Common_SP
0160_00,actEXA1,0,0,Buff_Common_077_Schoff
0160_00,actEXA2,0,0,Buff_Common_037_AVDs_S2
0160_00,actTRW1P,0,0,Buff_0160_00_actTRW1P
0160_00,actSZCR,0,0,Buff_Common_SZCR_000
0160_00,actSZCE,0,0,Buff_Common_SZCR_000
0160_00,Sparking,0,0,Buff_Common_SP
0161_00,actEXA1,0,0,Buff_Common_077_Schoff
0161_00,actEXA2SD,0,0,Buff_Common_023
0161_00,actSZCR,0,0,Buff_Common_SZCR_000
0161_00,actSZCE,0,0,Buff_Common_SZCR_000
0161_00,Sparking,0,0,Buff_Common_SP
0162_00,actEXA1,0,0,Buff_Common_066
0162_00,actEXA2,0,0,Buff_Common_037_AVDs_S2
0162_00,actSZCR,0,0,Buff_Common_SZCR_000
0162_00,actSZCE,0,0,Buff_Common_SZCR_000
0162_00,Sparking,0,0,Buff_Common_SP
0162_01,actEXA1,0,0,Buff_Common_065
0162_01,actEXA2,0,0,Buff_Common_036_ACO_S2
0162_01,actSZCR,0,0,Buff_Common_SZCR_000
0162_01,actSZCE,0,0,Buff_Common_SZCR_000
0162_01,Sparking,0,0,Buff_Common_SP
0163_00,actEXA1,0,0,Buff_Common_077_Schoff
0163_00,actEXA2,0,0,Buff_Common_066
0163_00,actSZCR,0,0,Buff_Common_SZCR_000
0163_00,actSZCE,0,0,Buff_Common_SZCR_000
0163_00,Sparking,0,0,Buff_Common_SP
0170_00,actEXA1,0,0,Buff_Common_062_Bind_Ele
0170_00,actEXA2,0,0,Buff_Common_042_DOG
0170_00,actSZCR,0,0,Buff_Common_SZCR_000
0170_00,actSZCE,0,0,Buff_Common_SZCR_000
0170_00,Sparking,0,0,Buff_Common_SP
0171_00,actEXA1,0,0,Buff_Common_062_Bind_Ele
0171_00,actEXA2,0,0,Buff_Common_060
0171_00,actSZCR,0,0,Buff_Common_SZCR_000
0171_00,actSZCE,0,0,Buff_Common_SZCR_000
0171_00,Sparking,0,0,Buff_Common_SP
0172_00,actEXA1,0,0,Buff_Common_062_Bind_Ele
0172_00,actEXA2,0,0,Buff_Common_072_REC
0172_00,actSZCR,0,0,Buff_Common_SZCR_000
0172_00,actSZCE,0,0,Buff_Common_SZCR_000
0172_00,Sparking,0,0,Buff_Common_SP
0172_10,actEXA1,0,0,Buff_Common_066
0172_10,actEXA2,0,0,Buff_Common_072_REC
0172_10,actSZCR,0,0,Buff_Common_SZCR_000
0172_10,actSZCE,0,0,Buff_Common_SZCR_000
0172_10,Sparking,0,0,Buff_Common_SP
0172_11,actEXA1,0,0,Buff_Common_037_AVDs
0172_11,actEXA2SD,0,0,Buff_Common_013
0172_11,actSZCR,0,0,Buff_Common_SZCR_000
0172_11,actSZCE,0,0,Buff_Common_SZCR_000
0172_11,Sparking,0,0,Buff_Common_SP
0173_00,actEXA1,0,0,Buff_Common_065
0173_00,actEXA2,0,0,Buff_Common_042_DOG
0173_00,actSZCR,0,0,Buff_Common_SZCR_000
0173_00,actSZCE,0,0,Buff_Common_SZCR_000
0173_00,Sparking,0,0,Buff_Common_SP
0180_00,actEXA1SD,0,0,Buff_Common_003
0180_00,actEXA2SD,0,0,Buff_Common_017
0180_00,actSZCR,0,0,Buff_Common_SZCR_000
0180_00,actSZCE,0,0,Buff_Common_SZCR_000
0180_00,Sparking,0,0,Buff_Common_SP_Weak
0190_00,actEXA1,0,0,Buff_Common_064_Bind_Aur
0190_00,actEXA2,0,0,Buff_Common_037_AVDs_S2
0190_00,actSMBN,0,0,Buff_Common_actSMB4_Bind_Ele
0190_00,actJSBN,0,0,Buff_Common_actSMB4_Bind_Ele
0190_00,actDSMBN,0,0,Buff_Common_actSMB4_Bind_Ele
0190_00,actSTDSMBN,0,0,Buff_Common_actSMB4_Bind_Ele
0190_00,actSZCR,0,0,Buff_Common_SZCR_000
0190_00,actSZCE,0,0,Buff_Common_SZCR_000
0190_00,Sparking,0,0,Buff_Common_SP
0210_00,actEXA1,0,0,Buff_Common_053_Spr
0210_00,actEXA1,1,0,Buff_Common_97_DefDown
0210_00,actEXA2,0,0,Buff_Common_076_REC
0210_00,actSZCR,0,0,Buff_Common_SZCR_000
0210_00,actSZCE,0,0,Buff_Common_SZCR_000
0210_00,Sparking,0,0,Buff_Common_SP
0220_00,actEXA1,0,0,Buff_Common_036_ACO
0220_00,actEXA2SD,0,0,Buff_Common_013
0220_00,actSZCR,0,0,Buff_Common_SZCR_000
0220_00,actSZCE,0,0,Buff_Common_SZCR_000
0220_00,Sparking,0,0,Buff_Common_SP
0230_00,actEXA1,0,0,Buff_Common_031_AVD
0230_00,actEXA2SD,0,0,Buff_Common_004
0230_00,actSZCR,0,0,Buff_Common_SZCR_000
0230_00,actSZCE,0,0,Buff_Common_SZCR_000
0230_00,Sparking,0,0,Buff_Common_SP
0240_00,actEXA1,0,0,Buff_Common_036_ACO
0240_00,actEXA2,0,0,Buff_Common_078_Spr
0240_00,actEXA2,1,0,Buff_Common_97_DefDown
0240_00,actSZCR,0,0,Buff_Common_SZCR_000
0240_00,actSZCE,0,0,Buff_Common_SZCR_000
0240_00,Sparking,0,0,Buff_Common_SP_STR_001
0240_01,actEXA1,0,0,Buff_Common_062_Bind_Ele
0240_01,actEXA2,0,0,Buff_Common_060
0240_01,actSZCR,0,0,Buff_Common_SZCR_000
0240_01,actSZCE,0,0,Buff_Common_SZCR_000
0240_01,Sparking,0,0,Buff_Common_SP
0260_00,actEXA1,0,0,Buff_Common_031_AVD
0260_00,actEXA2,0,0,Buff_Common_042_DOG
0260_00,actSZCR,0,0,Buff_Common_SZCR_000
0260_00,actSZCE,0,0,Buff_Common_SZCR_000
0260_00,Sparking,0,0,Buff_Common_SP
0270_00,actEXA1,0,0,Buff_Common_037_AVDs
0270_00,actEXA2,0,0,Buff_Common_057_Spr
0270_00,actEXA2,1,0,Buff_Common_97_DefDown
0270_00,actSZCR,0,0,Buff_Common_SZCR_000
0270_00,actSZCE,0,0,Buff_Common_SZCR_000
0270_00,Sparking,0,0,Buff_Common_SP
0280_00,actEXA1SD,0,0,Buff_Common_003
0280_00,actEXA2,0,0,Buff_Common_101_Spr
0280_00,actEXA2,1,0,Buff_Common_97_DefDown
0280_00,actSZCR,0,0,Buff_Common_SZCR_000
0280_00,actSZCE,0,0,Buff_Common_SZCR_000
0280_00,actABS,0,0,Buff_Common_ABS_000
0280_00,Sparking,0,0,Buff_Common_SP
0301_00,actEXA1,0,0,Buff_Common_058_Spr
0301_00,actEXA1,1,0,Buff_Common_97_DefDown
0301_00,actEXA2SD,0,0,Buff_Common_030
0301_00,actSZCR,0,0,Buff_Common_SZCR_000
0301_00,actSZCE,0,0,Buff_Common_SZCR_000
0301_00,Sparking,0,0,Buff_Common_SP
0310_00,HPTrigger@5000,0,0,Buff_Common_HP_low2
0310_00,actEXA2SD,0,0,Buff_Common_035
0310_00,actSZCR,0,0,Buff_Common_SZCR_000
0310_00,actSZCE,0,0,Buff_Common_SZCR_000
0310_00,actEXA1,0,0,Buff_Common_058_Spr
0310_00,actEXA1,1,0,Buff_Common_97_DefDown
0310_00,Sparking,0,0,Buff_Common_SP
0310_01,HPTrigger@5000,0,0,Buff_Common_HP_low2
0310_01,actEXA2SD,0,0,Buff_Common_098
0310_01,actSZCR,0,0,Buff_Common_SZCR_000
0310_01,actSZCE,0,0,Buff_Common_SZCR_000
0310_01,actEXA1,0,0,Buff_Common_058_Spr
0310_01,actEXA1,1,0,Buff_Common_97_DefDown
0310_01,Sparking,0,0,Buff_Common_SP
0320_00,actEXA1SD,0,0,Buff_Common_041
0320_00,actEXA2,0,0,Buff_Common_058_Spr
0320_00,actEXA2,1,0,Buff_Common_97_DefDown
0320_00,actSZCR,0,0,Buff_Common_SZCR_000
0320_00,actSZCE,0,0,Buff_Common_SZCR_000
0320_00,Sparking,0,0,Buff_Common_SP
0330_00,actEXA1,0,0,Buff_Common_061_Bind_Ele
0330_00,actEXA2,0,0,Buff_Common_037_AVDs_S2
0330_00,actSZCR,0,0,Buff_Common_SZCR_000
0330_00,actSZCE,0,0,Buff_Common_SZCR_000
0330_00,Sparking,0,0,Buff_Common_SP
0340_00,actEXA1SD,0,0,Buff_Common_041
0340_00,actEXA2SD,0,0,Buff_Common_002
0340_00,actSZCR,0,0,Buff_Common_SZCR_000
0340_00,actSZCE,0,0,Buff_Common_SZCR_000
0340_00,Sparking,0,0,Buff_Common_SP
0350_00,actEXA1,0,0,Buff_Common_036_ACO
0350_00,actEXA2,0,0,Buff_Common_058_Spr
0350_00,actEXA2,1,0,Buff_Common_97_DefDown
0350_00,actSZCR,0,0,Buff_Common_SZCR_000
0350_00,actSZCE,0,0,Buff_Common_SZCR_000
0350_00,Sparking,0,0,Buff_Common_SP
0351_00,actEXA1SD,0,0,Buff_Common_003
0351_00,actEXA2SD,0,0,Buff_Common_013
0351_00,actSZCR,0,0,Buff_Common_SZCR_000
0351_00,actSZCE,0,0,Buff_Common_SZCR_000
0351_00,Sparking,0,0,Buff_Common_SP
0360_00,actEXA1SD,0,0,Buff_Common_003
0360_00,actEXA2SD,0,0,Buff_Common_002
0360_00,actSZCR,0,0,Buff_Common_SZCR_000
0360_00,actSZCE,0,0,Buff_Common_SZCR_000
0360_00,Sparking,0,0,Buff_Common_SP
0370_00,actEXA1SD,0,0,Buff_Common_003
0370_00,actEXA2,0,0,Buff_Common_042_DOG
0370_00,actSZCR,0,0,Buff_Common_SZCR_000
0370_00,actSZCE,0,0,Buff_Common_SZCR_000
0370_00,Sparking,0,0,Buff_Common_SP
0380_00,actEXA1,0,0,Buff_Common_058_Spr
0380_00,actEXA1,1,0,Buff_Common_97_DefDown
0380_00,actEXA2SD,0,0,Buff_Common_074
0380_00,actSZCR,0,0,Buff_Common_SZCR_000
0380_00,actSZCE,0,0,Buff_Common_SZCR_000
0380_00,Sparking,0,0,Buff_Common_SP
0390_00,actEXA1SD,0,0,Buff_Common_003
0390_00,actEXA2,0,0,Buff_Common_058_Spr
0390_00,actEXA2,1,0,Buff_Common_97_DefDown
0390_00,actSZCR,0,0,Buff_Common_SZCR_000
0390_00,actSZCE,0,0,Buff_Common_SZCR_000
0390_00,Sparking,0,0,Buff_Common_SP
0400_00,actEXA1,0,0,Buff_Common_037_AVDs
0400_00,actEXA2,0,0,Buff_Common_058_Spr
0400_00,actEXA2,1,0,Buff_Common_97_DefDown
0400_00,actSZCR,0,0,Buff_Common_SZCR_000
0400_00,actSZCE,0,0,Buff_Common_SZCR_000
0400_00,Sparking,0,0,Buff_Common_SP
0410_00,actEXA1,0,0,Buff_Common_066
0410_00,actEXA2,0,0,Buff_Common_058_Spr
0410_00,actEXA2,1,0,Buff_Common_97_DefDown
0410_00,actSZCR,0,0,Buff_Common_SZCR_000
0410_00,actSZCE,0,0,Buff_Common_SZCR_000
0410_00,Sparking,0,0,Buff_Common_SP
0420_00,actEXA1,0,0,Buff_Common_062_Bind_Ele
0420_00,actEXA2,0,0,Buff_Common_058_Spr
0420_00,actEXA2,1,0,Buff_Common_97_DefDown
0420_00,actSMBN,0,0,Buff_Common_actSMB4_Bind_Ele
0420_00,actJSBN,0,0,Buff_Common_actSMB4_Bind_Ele
0420_00,actDSMBN,0,0,Buff_Common_actSMB4_Bind_Ele
0420_00,actSTDSMBN,0,0,Buff_Common_actSMB4_Bind_Ele
0420_00,actSZCR,0,0,Buff_Common_SZCR_000
0420_00,actSZCE,0,0,Buff_Common_SZCR_000
0420_00,Sparking,0,0,Buff_Common_SP
0430_00,actEXA1,0,0,Buff_Common_066
0430_00,actEXA2SD,0,0,Buff_Common_007
0430_00,actSZCR,0,0,Buff_Common_SZCR_000
0430_00,actSZCE,0,0,Buff_Common_SZCR_000
0430_00,Sparking,0,0,Buff_Common_SP
0440_00,actEXA2SD,0,0,Buff_Common_001
0440_00,actSZCR,0,0,Buff_Common_SZCR_000
0440_00,actSZCE,0,0,Buff_Common_SZCR_000
0440_00,actABS,0,0,Buff_Common_ABS_000
0440_00,Sparking,0,0,Buff_Common_SP
0450_00,actEXA1,0,0,Buff_Common_073
0450_00,actEXA2SD,0,0,Buff_Common_012
0450_00,actSZCR,0,0,Buff_Common_SZCR_000
0450_00,actSZCE,0,0,Buff_Common_SZCR_000
0450_00,actABS,0,0,Buff_Common_ABS_000
0450_00,Sparking,0,0,Buff_Common_SP
0450_10,actEXA1,0,0,Buff_Common_073
0450_10,actEXA2,0,0,Buff_Common_044_Spr
0450_10,actEXA2,1,0,Buff_Common_97_DefDown
0450_10,actSZCR,0,0,Buff_Common_SZCR_000
0450_10,actSZCE,0,0,Buff_Common_SZCR_000
0450_10,Sparking,0,0,Buff_Common_SP
0451_00,actEXA1,0,0,Buff_Common_073
0451_00,actEXA2SD,0,0,Buff_Common_024
0451_00,actSZCR,0,0,Buff_Common_SZCR_000
0451_00,actSZCE,0,0,Buff_Common_SZCR_000
0451_00,Sparking,0,0,Buff_Common_SP
0460_00,actEXA1,0,0,Buff_Common_073
0460_00,actEXA2,0,0,Buff_Common_053_Spr
0460_00,actEXA2,1,0,Buff_Common_97_DefDown
0460_00,actSZCR,0,0,Buff_Common_SZCR_000
0460_00,actSZCE,0,0,Buff_Common_SZCR_000
0460_00,actABS,0,0,Buff_Common_ABS_000
0460_00,Sparking,0,0,Buff_Common_SP
0470_00,actEXA1SD,0,0,Buff_Common_003
0470_00,actEXA2SD,0,0,Buff_Common_023
0470_00,actSZCR,0,0,Buff_Common_SZCR_000
0470_00,actSZCE,0,0,Buff_Common_SZCR_000
0470_00,Sparking,0,0,Buff_Common_SP
0480_00,actEXA1SD,0,0,Buff_Common_032
0480_00,actEXA2SD,0,0,Buff_Common_012
0480_00,actSZCR,0,0,Buff_Common_SZCR_000
0480_00,actSZCE,0,0,Buff_Common_SZCR_000
0480_00,Sparking,0,0,Buff_Common_SP
0490_00,actEXA1,0,0,Buff_Common_063_Bind_Psi
0490_00,actEXA2,0,0,Buff_Common_073
0490_00,actSMBN,0,0,Buff_Common_actSMB4_Bind_Ele
0490_00,actDSMBN,0,0,Buff_Common_actSMB4_Bind_Ele
0490_00,actSTDSMBN,0,0,Buff_Common_actSMB4_Bind_Ele
0490_00,actSZCR,0,0,Buff_Common_SZCR_000
0490_00,actSZCE,0,0,Buff_Common_SZCR_000
0490_00,Sparking,0,0,Buff_Common_SP
0500_00,actEXA1,0,0,Buff_Common_060
0500_00,actEXA2,0,0,Buff_Common_031_AVD_S2
0500_00,actSZCR,0,0,Buff_Common_SZCR_000
0500_00,actSZCE,0,0,Buff_Common_SZCR_000
0500_00,Sparking,0,0,Buff_Common_SP
0510_00,actEXA1,0,0,Buff_Common_066
0510_00,actEXA2SD,0,0,Buff_Common_041
0510_00,actSZCR,0,0,Buff_Common_SZCR_000
0510_00,actSZCE,0,0,Buff_Common_SZCR_000
0510_00,Sparking,0,0,Buff_Common_SP
0540_00,actEXA1SD,0,0,Buff_Common_068_SPI
0540_00,actEXA1SD,1,0,Buff_Common_96_DefDown
0540_00,actEXA2,0,0,Buff_Common_042_DOG
0540_00,actSZCR,0,0,Buff_Common_SZCR_000
0540_00,actSZCE,0,0,Buff_Common_SZCR_000
0540_00,Sparking,0,0,Buff_Common_SP
0550_00,actEXA1,0,0,Buff_Common_036_ACO
0550_00,actEXA2,0,0,Buff_Common_058_Spr
0550_00,actEXA2,1,0,Buff_Common_97_DefDown
0550_00,actSZCR,0,0,Buff_Common_SZCR_000
0550_00,actSZCE,0,0,Buff_Common_SZCR_000
0550_00,Sparking,0,0,Buff_Common_SP
0551_00,actEXA2,0,0,Buff_Common_058_Spr
0551_00,actEXA2,1,0,Buff_Common_97_DefDown
0551_00,actEXA1SD,0,0,Buff_Common_012
0551_00,actSZCR,0,0,Buff_Common_SZCR_000
0551_00,actSZCE,0,0,Buff_Common_SZCR_000
0551_00,Sparking,0,0,Buff_Common_SP
0552_00,actEXA2,0,0,Buff_Common_052_Spr
0552_00,actEXA2,1,0,Buff_Common_97_DefDown
0552_00,actSZCR,0,0,Buff_Common_SZCR_000
0552_00,actSZCE,0,0,Buff_Common_SZCR_000
0552_00,Sparking,0,0,Buff_Common_SP
0553_00,actEXA1SD,0,0,Buff_Common_068_SPI
0553_00,actEXA1SD,1,0,Buff_Common_96_DefDown
0553_00,actEXA2,0,0,Buff_Common_058_Spr
0553_00,actEXA2,1,0,Buff_Common_97_DefDown
0553_00,actSZCR,0,0,Buff_Common_SZCR_000
0553_00,actSZCE,0,0,Buff_Common_SZCR_000
0553_00,Sparking,0,0,Buff_Common_SP
0554_00,actEXA1SD,0,0,Buff_Common_010
0554_00,actEXA2,0,0,Buff_Common_054_Spr
0554_00,actEXA2,1,0,Buff_Common_97_DefDown
0554_00,actSZCR,0,0,Buff_Common_SZCR_000
0554_00,actSZCE,0,0,Buff_Common_SZCR_000
0554_00,Sparking,0,0,Buff_Common_SP
0555_00,actEXA1,0,0,Buff_Common_065
0555_00,actEXA2,0,0,Buff_Common_050_Spr
0555_00,actEXA2,1,0,Buff_Common_97_DefDown
0555_00,actSZCR,0,0,Buff_Common_SZCR_000
0555_00,actSZCE,0,0,Buff_Common_SZCR_000
0555_00,Sparking,0,0,Buff_Common_SP
0561_00,actEXA1,0,0,Buff_Common_062_Bind_Ele
0561_00,actEXA2,0,0,Buff_Common_075_REC
0561_00,actSZCR,0,0,Buff_Common_SZCR_000
0561_00,actSZCE,0,0,Buff_Common_SZCR_000
0561_00,Sparking,0,0,Buff_Common_SP
0570_00,actEXA1,0,0,Buff_Common_073
0570_00,actEXA2,0,0,Buff_Common_058_Spr
0570_00,actEXA2,1,0,Buff_Common_97_DefDown
0570_00,actSZCR,0,0,Buff_Common_SZCR_000
0570_00,actSZCE,0,0,Buff_Common_SZCR_000
0570_00,actABS,0,0,Buff_Common_ABS_000
0570_00,Sparking,0,0,Buff_Common_SP_Huge
0580_00,actEXA1,0,0,Buff_Common_066
0580_00,actEXA2SD,0,0,Buff_Common_094
0580_00,actSZCR,0,0,Buff_Common_SZCR_000
0580_00,actSZCE,0,0,Buff_Common_SZCR_000
0580_00,Sparking,0,0,Buff_Common_SP
0590_00,actEXA1,0,0,Buff_Common_066
0590_00,actEXA2SD,0,0,Buff_Common_013
0590_00,actSMBN,0,0,Buff_Common_actSMB4_Bind_Ele
0590_00,actDSMBN,0,0,Buff_Common_actSMB4_Bind_Ele
0590_00,actSTDSMBN,0,0,Buff_Common_actSMB4_Bind_Ele
0590_00,actSZCR,0,0,Buff_Common_SZCR_000
0590_00,actSZCE,0,0,Buff_Common_SZCR_000
0590_00,Sparking,0,0,Buff_Common_SP
0591_00,actEXA1,0,0,Buff_Common_066
0591_00,actEXA2,0,0,Buff_Common_024
0591_00,actSZCR,0,0,Buff_Common_SZCR_000
0591_00,actSZCE,0,0,Buff_Common_SZCR_000
0591_00,Sparking,0,0,Buff_Common_SP_Huge
0600_00,actEXA1,0,0,Buff_Common_062_Bind_Ele
0600_00,actEXA2,0,0,Buff_Common_037_AVDs_S2
0600_00,actSMBN,0,0,Buff_Common_actSMB4_Bind_Ele
0600_00,actJSBN,0,0,Buff_Common_actSMB4_Bind_Ele
0600_00,actDSMBN,0,0,Buff_Common_actSMB4_Bind_Ele
0600_00,actSTDSMBN,0,0,Buff_Common_actSMB4_Bind_Ele
0600_00,actSZCR,0,0,Buff_Common_SZCR_000
0600_00,actSZCE,0,0,Buff_Common_SZCR_000
0600_00,Sparking,0,0,Buff_Common_SP
0600_10,actEXA1,0,0,Buff_Common_065
0600_10,actEXA2,0,0,Buff_Common_072_REC
0600_10,actSZCR,0,0,Buff_Common_SZCR_000
0600_10,actSZCE,0,0,Buff_Common_SZCR_000
0600_10,actABS,0,0,Buff_Common_ABS_000
0600_10,Sparking,0,0,Buff_Common_SP
0601_00,actEXA1,0,0,Buff_Common_062_Bind_Ele
0601_00,actEXA2,0,0,Buff_Common_073
0601_00,actSMBN,0,0,Buff_Common_actSMB4_Bind_Ele
0601_00,actJSBN,0,0,Buff_Common_actSMB4_Bind_Ele
0601_00,actDSMBN,0,0,Buff_Common_actSMB4_Bind_Ele
0601_00,actSTDSMBN,0,0,Buff_Common_actSMB4_Bind_Ele
0601_00,actSZCR,0,0,Buff_Common_SZCR_000
0601_00,actSZCE,0,0,Buff_Common_SZCR_000
0601_00,Sparking,0,0,Buff_Common_SP
0610_00,actEXA1,0,0,Buff_Common_066
0610_00,actEXA2SD,0,0,Buff_Common_006
0610_00,actSZCR,0,0,Buff_Common_SZCR_000
0610_00,actSZCE,0,0,Buff_Common_SZCR_000
0610_00,Sparking,0,0,Buff_Common_SP
0620_00,actEXA1,0,0,Buff_Common_036_ACO
0620_00,actEXA2SD,0,0,Buff_Common_007
0620_00,actSZCR,0,0,Buff_Common_SZCR_000
0620_00,actSZCE,0,0,Buff_Common_SZCR_000
0620_00,actABS,0,0,Buff_Common_ABS_000
0620_00,Sparking,0,0,Buff_Common_SP
0621_00,actEXA1,0,0,Buff_Common_073
0621_00,actEXA2SD,0,0,Buff_Common_023
0621_00,actSZCR,0,0,Buff_Common_SZCR_000
0621_00,actSZCE,0,0,Buff_Common_SZCR_000
0621_00,Sparking,0,0,Buff_Common_SP
0630_00,actEXA1,0,0,Buff_Common_073
0630_00,actEXA2,0,0,Buff_Common_058_Spr
0630_00,actEXA2,1,0,Buff_Common_97_DefDown
0630_00,actSZCR,0,0,Buff_Common_SZCR_000
0630_00,actSZCE,0,0,Buff_Common_SZCR_000
0630_00,Sparking,0,0,Buff_Common_SP
0631_00,actEXA1,0,0,Buff_Common_073
0631_00,actEXA2SD,0,0,Buff_Common_023
0631_00,actSMBN,0,0,Buff_Common_actSMB4_Bind_Ele
0631_00,actDSMBN,0,0,Buff_Common_actSMB4_Bind_Ele
0631_00,actSTDSMBN,0,0,Buff_Common_actSMB4_Bind_Ele
0631_00,actSZCR,0,0,Buff_Common_SZCR_000
0631_00,actSZCE,0,0,Buff_Common_SZCR_000
0631_00,Sparking,0,0,Buff_Common_SP
0640_00,actEXA1,0,0,Buff_Common_062_Bind_Ele
0640_00,actEXA2,0,0,Buff_Common_036_ACO_S2
0640_00,actSMBN,0,0,Buff_Common_actSMB4_Bind_Ele
0640_00,actDSMBN,0,0,Buff_Common_actSMB4_Bind_Ele
0640_00,actSTDSMBN,0,0,Buff_Common_actSMB4_Bind_Ele
0640_00,actSZCR,0,0,Buff_Common_SZCR_000
0640_00,actSZCE,0,0,Buff_Common_SZCR_000
0640_00,Sparking,0,0,Buff_Common_SP
0650_00,actEXA1,0,0,Buff_Common_060
0650_00,actEXA2,0,0,Buff_Common_054_Spr
0650_00,actEXA2,1,0,Buff_Common_97_DefDown
0650_00,actSZCR,0,0,Buff_Common_SZCR_000
0650_00,actSZCE,0,0,Buff_Common_SZCR_000
0650_00,Sparking,0,0,Buff_Common_SP_Huge
0651_00,actEXA1,0,0,Buff_Common_060
0651_00,actEXA2,0,0,Buff_Common_065
0651_00,actSZCR,0,0,Buff_Common_SZCR_000
0651_00,actSZCE,0,0,Buff_Common_SZCR_000
0651_00,Sparking,0,0,Buff_Common_SP
0660_00,actEXA1,0,0,Buff_Common_073
0660_00,actEXA2,0,0,Buff_Common_037_AVDs_S2
0660_00,actSZCR,0,0,Buff_Common_SZCR_000
0660_00,actSZCE,0,0,Buff_Common_SZCR_000
0660_00,Sparking,0,0,Buff_Common_SP
0670_00,actEXA1,0,0,Buff_Common_066
0670_00,actEXA2,0,0,Buff_Common_037_AVDs_S2
0670_00,actSZCR,0,0,Buff_Common_SZCR_000
0670_00,actSZCE,0,0,Buff_Common_SZCR_000
0670_00,Sparking,0,0,Buff_Common_SP_Huge
0680_00,actEXA1,0,0,Buff_Common_066
0680_00,actEXA2SD,0,0,Buff_Common_007
0680_00,actSZCR,0,0,Buff_Common_SZCR_000
0680_00,actSZCE,0,0,Buff_Common_SZCR_000
0680_00,Sparking,0,0,Buff_Common_SP
0680_01,actEXA1,0,0,Buff_Common_037_AVDs
0680_01,actEXA2SD,0,0,Buff_Common_007
0680_01,actSZCR,0,0,Buff_Common_SZCR_000
0680_01,actSZCE,0,0,Buff_Common_SZCR_000
0680_01,Sparking,0,0,Buff_Common_SP
0680_02,actEXA1,0,0,Buff_Common_066
0680_02,actEXA2,0,0,Buff_Common_058_Spr
0680_02,actEXA2,1,0,Buff_Common_97_DefDown
0680_02,actSZCR,0,0,Buff_Common_SZCR_000
0680_02,actSZCE,0,0,Buff_Common_SZCR_000
0680_02,Sparking,0,0,Buff_Common_SP
0681_00,actEXA1,0,0,Buff_Common_066
0681_00,actEXA2,0,0,Buff_Common_054_Spr
0681_00,actEXA2,1,0,Buff_Common_97_DefDown
0681_00,actSZCR,0,0,Buff_Common_SZCR_000
0681_00,actSZCE,0,0,Buff_Common_SZCR_000
0681_00,Sparking,0,0,Buff_Common_SP_Huge
0690_00,actEXA1,0,0,Buff_Common_065
0690_00,actEXA2,0,0,Buff_Common_066
0690_00,actSZCR,0,0,Buff_Common_SZCR_000
0690_00,actSZCE,0,0,Buff_Common_SZCR_000
0690_00,Sparking,0,0,Buff_Common_SP
0700_00,actEXA1,0,0,Buff_Common_066
0700_00,actEXA2,0,0,Buff_Common_060
0700_00,actSZCR,0,0,Buff_Common_SZCR_000
0700_00,actSZCE,0,0,Buff_Common_SZCR_000
0700_00,Sparking,0,0,Buff_Common_SP
0700_01,actEXA1,0,0,Buff_Common_036_ACO
0700_01,actEXA2,0,0,Buff_Common_046_Spr
0700_01,actEXA2,1,0,Buff_Common_97_DefDown
0700_01,actSZCR,0,0,Buff_Common_SZCR_000
0700_01,actSZCE,0,0,Buff_Common_SZCR_000
0700_01,Sparking,0,0,Buff_Common_SP
0710_00,actEXA2,0,0,Buff_Common_036_ACO_S2
0710_00,actEXA1SD,0,0,Buff_Common_003
0710_00,actSZCR,0,0,Buff_Common_SZCR_000
0710_00,actSZCE,0,0,Buff_Common_SZCR_000
0710_00,Sparking,0,0,Buff_Common_SP
0720_00,actEXA1,0,0,Buff_Common_064_Bind_Aur
0720_00,actEXA2SD,0,0,Buff_Common_100
0720_00,actSZCR,0,0,Buff_Common_SZCR_000
0720_00,actSZCE,0,0,Buff_Common_SZCR_000
0720_00,Sparking,0,0,Buff_Common_SP
0730_00,actEXA1,0,0,Buff_Common_062_Bind_Ele
0730_00,actEXA2SD,0,0,Buff_Common_003
0730_00,actSZCR,0,0,Buff_Common_SZCR_000
0730_00,actSZCE,0,0,Buff_Common_SZCR_000
0730_00,Sparking,0,0,Buff_Common_SP
0760_00,actEXA1SD,0,0,Buff_Common_025
0760_00,actEXA2SD,0,0,Buff_Common_034
0760_00,actSZCR,0,0,Buff_Common_SZCR_000
0760_00,actSZCE,0,0,Buff_Common_SZCR_000
0760_00,Sparking,0,0,Buff_Common_SP
0780_00,actEXA1,0,0,Buff_Common_042_DOG
0780_00,actEXA2,0,0,Buff_Common_058_Spr
0780_00,actEXA2,1,0,Buff_Common_97_DefDown
0780_00,actSZCR,0,0,Buff_Common_SZCR_000
0780_00,actSZCE,0,0,Buff_Common_SZCR_000
0780_00,Sparking,0,0,Buff_Common_SP
0790_00,actEXA1,0,0,Buff_Common_073
0790_00,actEXA2,0,0,Buff_Common_071_REC
0790_00,actSZCR,0,0,Buff_Common_SZCR_000
0790_00,actSZCE,0,0,Buff_Common_SZCR_000
0790_00,Sparking,0,0,Buff_Common_SP
0800_00,HPTrigger@10000,0,0,Buff_Common_HP_low
0800_00,actEXA1,0,0,Buff_Common_036_ACO
0800_00,actEXA2SD,0,0,Buff_Common_012
0800_00,actSZCR,0,0,Buff_Common_SZCR_000
0800_00,actSZCE,0,0,Buff_Common_SZCR_000
0800_00,Sparking,0,0,Buff_Common_SP
0800_01,HPTrigger@10000,0,0,Buff_Common_HP_low
0800_01,actEXA1,0,0,Buff_Common_065
0800_01,actEXA2,0,0,Buff_Common_058_Spr
0800_01,actEXA2,1,0,Buff_Common_97_DefDown
0800_01,actSZCR,0,0,Buff_Common_SZCR_000
0800_01,actSZCE,0,0,Buff_Common_SZCR_000
0800_01,Sparking,0,0,Buff_Common_SP
0810_00,actEXA1,0,0,Buff_Common_071_REC
0810_00,actEXA2,0,0,Buff_Common_031_AVD_S2
0810_00,actSZCR,0,0,Buff_Common_SZCR_000
0810_00,actSZCE,0,0,Buff_Common_SZCR_000
0810_00,Sparking,0,0,Buff_Common_SP
0810_01,actEXA1,0,0,Buff_Common_071_REC
0810_01,actEXA2,0,0,Buff_Common_058_Spr
0810_01,actEXA2,1,0,Buff_Common_97_DefDown
0810_01,actSZCR,0,0,Buff_Common_SZCR_000
0810_01,actSZCE,0,0,Buff_Common_SZCR_000
0810_01,Sparking,0,0,Buff_Common_SP
0811_00,actEXA2SD,0,0,Buff_Common_010
0811_00,actSZCR,0,0,Buff_Common_SZCR_000
0811_00,actSZCE,0,0,Buff_Common_SZCR_000
0811_00,Sparking,0,0,Buff_Common_SP
0820_00,actEXA1,0,0,Buff_Common_062_Bind_Ele
0820_00,actEXA2,0,0,Buff_Common_058_Spr
0820_00,actEXA2,1,0,Buff_Common_97_DefDown
0820_00,actSZCR,0,0,Buff_Common_SZCR_000
0820_00,actSZCE,0,0,Buff_Common_SZCR_000
0820_00,Sparking,0,0,Buff_Common_SP
0830_00,actEXA1,0,0,Buff_Common_077_Schoff
0830_00,actEXA2,0,0,Buff_Common_058_Spr
0830_00,actEXA2,1,0,Buff_Common_97_DefDown
0830_00,actSZCR,0,0,Buff_Common_SZCR_000
0830_00,actSZCE,0,0,Buff_Common_SZCR_000
0830_00,Sparking,0,0,Buff_Common_SP
0870_00,actEXA1,0,0,Buff_Common_037_AVDs
0870_00,actEXA2,0,0,Buff_Common_065
0870_00,actSZCR,0,0,Buff_Common_SZCR_000
0870_00,actSZCE,0,0,Buff_Common_SZCR_000
0870_00,Sparking,0,0,Buff_Common_SP
0881_00,actEXA1,0,0,Buff_Common_066
0881_00,actEXA2,0,0,Buff_Common_058_Spr
0881_00,actEXA2,1,0,Buff_Common_97_DefDown
0881_00,actSMBN,0,0,Buff_Common_actSMB4_Bind_Ele
0881_00,actJSBN,0,0,Buff_Common_actSMB4_Bind_Ele
0881_00,actDSMBN,0,0,Buff_Common_actSMB4_Bind_Ele
0881_00,actSTDSMBN,0,0,Buff_Common_actSMB4_Bind_Ele
0881_00,actSZCR,0,0,Buff_Common_SZCR_000
0881_00,actSZCE,0,0,Buff_Common_SZCR_000
0881_00,Sparking,0,0,Buff_Common_SP
0890_00,actEXA1,0,0,Buff_Common_066
0890_00,actEXA2,0,0,Buff_Common_058_Spr
0890_00,actEXA2,1,0,Buff_Common_97_DefDown
0890_00,actSZCR,0,0,Buff_Common_SZCR_000
0890_00,actSZCE,0,0,Buff_Common_SZCR_000
0890_00,Sparking,0,0,Buff_Common_SP
0890_01,actEXA1,0,0,Buff_Common_066
0890_01,actEXA2,0,0,Buff_Common_036_ACO_S2
0890_01,actSZCR,0,0,Buff_Common_SZCR_000
0890_01,actSZCE,0,0,Buff_Common_SZCR_000
0890_01,Sparking,0,0,Buff_Common_SP
0890_02,actEXA2,0,0,Buff_Common_058_Spr
0890_02,actEXA2,1,0,Buff_Common_97_DefDown
0890_02,actSZCR,0,0,Buff_Common_SZCR_000
0890_02,actSZCE,0,0,Buff_Common_SZCR_000
0890_02,Sparking,0,0,Buff_Common_SP
0900_00,actEXA1SD,0,0,Buff_Common_003
0900_00,actEXA2,0,0,Buff_Common_036_ACO_S2
0900_00,actSZCR,0,0,Buff_Common_SZCR_000
0900_00,actSZCE,0,0,Buff_Common_SZCR_000
0900_00,Sparking,0,0,Buff_Common_SP
0900_02,actEXA1,0,0,Buff_Common_036_ACO
0900_02,actEXA2,0,0,Buff_Common_058_Spr
0900_02,actEXA2,1,0,Buff_Common_97_DefDown
0900_02,actSZCR,0,0,Buff_Common_SZCR_000
0900_02,actSZCE,0,0,Buff_Common_SZCR_000
0900_02,Sparking,0,0,Buff_Common_SP
0910_00,actEXA1SD,0,0,Buff_Common_068_SPI
0910_00,actEXA1SD,1,0,Buff_Common_96_DefDown
0910_00,actEXA2,0,0,Buff_Common_058_Spr
0910_00,actEXA2,1,0,Buff_Common_97_DefDown
0910_00,actSZCR,0,0,Buff_Common_SZCR_000
0910_00,actSZCE,0,0,Buff_Common_SZCR_000
0910_00,Sparking,0,0,Buff_Common_SP
0911_00,actEXA1,0,0,Buff_Common_062_Bind_Ele
0911_00,actEXA2,0,0,Buff_Common_078
0911_00,actEXA2,1,0,Buff_Common_97_DefDown
0911_00,actSZCR,0,0,Buff_Common_SZCR_000
0911_00,actSZCE,0,0,Buff_Common_SZCR_000
0911_00,Sparking,0,0,Buff_Common_SP
0912_00,actEXA1,0,0,Buff_Common_036_ACO
0912_00,actEXA2SD,0,0,Buff_Common_035
0912_00,actSZCR,0,0,Buff_Common_SZCR_000
0912_00,actSZCE,0,0,Buff_Common_SZCR_000
0912_00,Sparking,0,0,Buff_Common_SP
0920_00,actEXA1,0,0,Buff_Common_036_ACO
0920_00,actEXA2SD,0,0,Buff_Common_007
0920_00,actSZCR,0,0,Buff_Common_SZCR_000
0920_00,actSZCE,0,0,Buff_Common_SZCR_000
0920_00,Sparking,0,0,Buff_Common_SP
0920_01,actEXA1SD,0,0,Buff_Common_003
0920_01,actEXA2SD,0,0,Buff_Common_012
0920_01,actSZCR,0,0,Buff_Common_SZCR_000
0920_01,actSZCE,0,0,Buff_Common_SZCR_000
0920_01,Sparking,0,0,Buff_Common_SP
0920_02,actEXA1SD,0,0,Buff_Common_010
0920_02,actEXA2,0,0,Buff_Common_051_Spr
0920_02,actEXA2,1,0,Buff_Common_97_DefDown
0920_02,actSZCR,0,0,Buff_Common_SZCR_000
0920_02,actSZCE,0,0,Buff_Common_SZCR_000
0920_02,Sparking,0,0,Buff_Common_SP
0930_00,actEXA1,0,0,Buff_Common_073
0930_00,actEXA2,0,0,Buff_Common_071_REC
0930_00,actSZCR,0,0,Buff_Common_SZCR_000
0930_00,actSZCE,0,0,Buff_Common_SZCR_000
0930_00,Sparking,0,0,Buff_Common_SP
0931_00,actEXA1,0,0,Buff_Common_066
0931_00,actEXA2,0,0,Buff_Common_046_Spr
0931_00,actEXA2,1,0,Buff_Common_97_DefDown
0931_00,actSZCR,0,0,Buff_Common_SZCR_000
0931_00,actSZCE,0,0,Buff_Common_SZCR_000
0931_00,Sparking,0,0,Buff_Common_SP
0940_00,actEXA2,0,0,Buff_Common_047_Spr
0940_00,actEXA2,1,0,Buff_Common_97_DefDown
0940_00,actEXA1SD,0,0,Buff_Common_029
0940_00,actSZCR,0,0,Buff_Common_SZCR_000
0940_00,actSZCE,0,0,Buff_Common_SZCR_000
0940_00,Sparking,0,0,Buff_Common_SP
0941_00,actEXA1SD,0,0,Buff_Common_012
0941_00,actEXA2,0,0,Buff_Common_073
0941_00,actSZCR,0,0,Buff_Common_SZCR_000
0941_00,actSZCE,0,0,Buff_Common_SZCR_000
0941_00,Sparking,0,0,Buff_Common_SP
0950_00,actEXA1SD,0,0,Buff_Common_008_AGI
0950_00,actEXA2,0,0,Buff_Common_053_Spr
0950_00,actEXA2,1,0,Buff_Common_97_DefDown
0950_00,actSZCR,0,0,Buff_Common_SZCR_000
0950_00,actSZCE,0,0,Buff_Common_SZCR_000
0950_00,Sparking,0,0,Buff_Common_SP
1000_00,actEXA1,0,0,Buff_Common_042_DOG
1000_00,actEXA2,0,0,Buff_Common_058_Spr
1000_00,actEXA2,1,0,Buff_Common_97_DefDown
1000_00,actSZCR,0,0,Buff_Common_SZCR_000
1000_00,actSZCE,0,0,Buff_Common_SZCR_000
1000_00,Sparking,0,0,Buff_Common_SP
1190_00,actEXA1,0,0,Buff_Common_054_Spr
1190_00,actEXA1,1,0,Buff_Common_97_DefDown
1190_00,actEXA2SD,0,0,Buff_Common_069
1190_00,actSZCR,0,0,Buff_Common_SZCR_000
1190_00,actSZCE,0,0,Buff_Common_SZCR_000
1190_00,Sparking,0,0,Buff_Common_SP
1321_00,actEXA1,0,0,Buff_Common_063_Bind_Psi
1321_00,actEXA2,0,0,Buff_Common_058_Spr
1321_00,actEXA2,1,0,Buff_Common_97_DefDown
1321_00,actSMBN,0,0,Buff_Common_actSMB4_Bind_Ele
1321_00,actJSBN,0,0,Buff_Common_actSMB4_Bind_Ele
1321_00,actDSMBN,0,0,Buff_Common_actSMB4_Bind_Ele
1321_00,actSTDSMBN,0,0,Buff_Common_actSMB4_Bind_Ele
1321_00,actSZCR,0,0,Buff_Common_SZCR_000
1321_00,actSZCE,0,0,Buff_Common_SZCR_000
1321_00,Sparking,0,0,Buff_Common_SP
1331_00,actEXA1,0,0,Buff_Common_036_ACO
1331_00,actEXA2,0,0,Buff_Common_058_Spr
1331_00,actEXA2,1,0,Buff_Common_97_DefDown
1331_00,actSZCR,0,0,Buff_Common_SZCR_000
1331_00,actSZCE,0,0,Buff_Common_SZCR_000
1331_00,Sparking,0,0,Buff_Common_SP
1341_00,actEXA1SD,0,0,Buff_Common_068_SPI
1341_00,actEXA1SD,1,0,Buff_Common_96_DefDown
1341_00,actEXA2,0,0,Buff_Common_058_Spr
1341_00,actEXA2,1,0,Buff_Common_97_DefDown
1341_00,actSZCR,0,0,Buff_Common_SZCR_000
1341_00,actSZCE,0,0,Buff_Common_SZCR_000
1341_00,Sparking,0,0,Buff_Common_SP
1500_00,actEXA1,0,0,Buff_Common_037_AVDs
1500_00,actEXA2,0,0,Buff_Common_054_Spr
1500_00,actEXA2,1,0,Buff_Common_97_DefDown
1500_00,actSZCR,0,0,Buff_Common_SZCR_000
1500_00,actSZCE,0,0,Buff_Common_SZCR_000
1500_00,Sparking,0,0,Buff_Common_SP_Huge
1960_00,actEXA1,0,0,Buff_Common_077_Schoff
1960_00,actEXA2SD,0,0,Buff_Common_003
1960_00,actSZCR,0,0,Buff_Common_SZCR_000
1960_00,actSZCE,0,0,Buff_Common_SZCR_000
1960_00,Sparking,0,0,Buff_Common_SP
3000_00,actEXA1,0,0,Buff_Common_037_AVDs
3000_00,actEXA2SD,0,0,Buff_Common_068_SPI
3000_00,actEXA2SD,1,0,Buff_Common_96_DefDown
3000_00,actSZCR,0,0,Buff_Common_SZCR_000
3000_00,actSZCE,0,0,Buff_Common_SZCR_000
3000_00,Sparking,0,0,Buff_Common_SP
3000_01,actEXA2SD,0,0,Buff_Common_068_SPI
3000_01,actEXA2SD,1,0,Buff_Common_96_DefDown
3000_01,actSZCR,0,0,Buff_Common_SZCR_000
3000_01,actSZCE,0,0,Buff_Common_SZCR_000
3000_01,Sparking,0,0,Buff_Common_SP
3000_02,actEXA1,0,0,Buff_Common_036_ACO
3000_02,actEXA2SD,0,0,Buff_Common_010
3000_02,actSZCR,0,0,Buff_Common_SZCR_000
3000_02,actSZCE,0,0,Buff_Common_SZCR_000
3000_02,Sparking,0,0,Buff_Common_SP
3000_03,actEXA1,0,0,Buff_Common_036_ACO
3000_03,actEXA1,1,0,Buff_Common_083
3000_03,actEXA2,0,0,Buff_Common_051_Spr
3000_03,actEXA2,1,0,Buff_Common_97_DefDown
3000_03,actSZCR,0,0,Buff_Common_SZCR_000
3000_03,actSZCE,0,0,Buff_Common_SZCR_000
3000_03,Sparking,0,0,Buff_Common_SP
3010_00,actEXA1,0,0,Buff_Common_036_ACO
3010_00,actEXA2SD,0,0,Buff_Common_003
3010_00,actSZCR,0,0,Buff_Common_SZCR_000
3010_00,actSZCE,0,0,Buff_Common_SZCR_000
3010_00,Sparking,0,0,Buff_Common_SP
3010_01,actEXA1,0,0,Buff_Common_036_ACO
3010_01,actEXA2SD,0,0,Buff_Common_069
3010_01,actSZCR,0,0,Buff_Common_SZCR_000
3010_01,actSZCE,0,0,Buff_Common_SZCR_000
3010_01,Sparking,0,0,Buff_Common_SP
3011_00,actEXA1SD,0,0,Buff_Common_023
3011_00,actEXA2,0,0,Buff_Common_058_Spr
3011_00,actEXA2,1,0,Buff_Common_97_DefDown
3011_00,actSZCR,0,0,Buff_Common_SZCR_000
3011_00,actSZCE,0,0,Buff_Common_SZCR_000
3011_00,Sparking,0,0,Buff_Common_SP
3012_00,actEXA1,0,0,Buff_Common_066
3012_00,actEXA2,0,0,Buff_Common_051_Spr
3012_00,actEXA2,1,0,Buff_Common_97_DefDown
3012_00,actSZCR,0,0,Buff_Common_SZCR_000
3012_00,actSZCE,0,0,Buff_Common_SZCR_000
3012_00,Sparking,0,0,Buff_Common_SP_Huge
3020_00,actEXA1SD,0,0,Buff_Common_010
3020_00,actEXA2,0,0,Buff_Common_073
3020_00,actSZCR,0,0,Buff_Common_SZCR_000
3020_00,actSZCE,0,0,Buff_Common_SZCR_000
3020_00,Sparking,0,0,Buff_Common_SP
3030_00,actEXA1SD,0,0,Buff_Common_010
3030_00,actEXA2,0,0,Buff_Common_073
3030_00,actSZCR,0,0,Buff_Common_SZCR_000
3030_00,actSZCE,0,0,Buff_Common_SZCR_000
3030_00,Sparking,0,0,Buff_Common_SP
3040_00,actEXA1,0,0,Buff_Common_066
3040_00,actEXA2,0,0,Buff_Common_054_Spr
3040_00,actEXA2,1,0,Buff_Common_97_DefDown
3040_00,actSZCR,0,0,Buff_Common_SZCR_000
3040_00,actSZCE,0,0,Buff_Common_SZCR_000
3040_00,Sparking,0,0,Buff_Common_SP_Huge
3050_00,actEXA1,0,0,Buff_Common_042_DOG
3050_00,actEXA2SD,0,0,Buff_Common_084
3050_00,actSZCR,0,0,Buff_Common_SZCR_000
3050_00,actSZCE,0,0,Buff_Common_SZCR_000
3050_00,Sparking,0,0,Buff_Common_SP
3050_01,actEXA1,0,0,Buff_Common_037_AVDs
3050_01,actEXA2,0,0,Buff_Common_058_Spr
3050_01,actEXA2,1,0,Buff_Common_97_DefDown
3050_01,actSZCR,0,0,Buff_Common_SZCR_000
3050_01,actSZCE,0,0,Buff_Common_SZCR_000
3050_01,Sparking,0,0,Buff_Common_SP
3050_14,actEXA1,0,0,Buff_Common_036_ACO
3050_14,actEXA2,0,0,Buff_Common_090_Spr
3050_14,actEXA2,1,0,Buff_Common_97_DefDown
3050_14,actSZCR,0,0,Buff_Common_SZCR_000
3050_14,actSZCE,0,0,Buff_Common_SZCR_000
3050_14,Sparking,0,0,Buff_Common_SP
3060_00,actEXA1,0,0,Buff_Common_072_REC
3060_00,actEXA2,0,0,Buff_Common_037_AVDs_S2
3060_00,actSZCR,0,0,Buff_Common_SZCR_000
3060_00,actSZCE,0,0,Buff_Common_SZCR_000
3060_00,Sparking,0,0,Buff_Common_SP
3060_01,actEXA1SD,0,0,Buff_Common_012
3060_01,actEXA2,0,0,Buff_Common_037_AVDs_S2
3060_01,actSZCR,0,0,Buff_Common_SZCR_000
3060_01,actSZCE,0,0,Buff_Common_SZCR_000
3060_01,Sparking,0,0,Buff_Common_SP
3060_02,actEXA2,0,0,Buff_Common_031_AVD_S2
3060_02,actSZCR,0,0,Buff_Common_SZCR_000
3060_02,actSZCE,0,0,Buff_Common_SZCR_000
3060_02,actEXA1,0,0,Buff_Common_066
3060_02,Sparking,0,0,Buff_Common_SP
3060_03,actEXA1,0,0,Buff_Common_036_ACO
3060_03,actEXA2,0,0,Buff_Common_048_Spr
3060_03,actEXA2,1,0,Buff_Common_97_DefDown
3060_03,actSZCR,0,0,Buff_Common_SZCR_000
3060_03,actSZCE,0,0,Buff_Common_SZCR_000
3060_03,Sparking,0,0,Buff_Common_SP
3070_00,actEXA1,0,0,Buff_Common_062_Bind_Ele
3070_00,actEXA2SD,0,0,Buff_Common_013
3070_00,actJSBN,0,0,Buff_Common_actSMB4_Bind_Ele
3070_00,actSZCE,0,0,Buff_Common_SZCR_000
3070_00,actSZCR,0,0,Buff_Common_SZCR_000
3070_00,actSMBN,0,0,Buff_Common_actSMB4_Bind_Ele
3070_00,actDSMBN,0,0,Buff_Common_actSMB4_Bind_Ele
3070_00,actSTDSMBN,0,0,Buff_Common_actSMB4_Bind_Ele
3070_00,Sparking,0,0,Buff_Common_SP
3080_00,actEXA1,0,0,Buff_Common_085_Bind_Aur
3080_00,actSMBN,0,0,Buff_Common_actSMB4_Bind_Ele
3080_00,actDSMBN,0,0,Buff_Common_actSMB4_Bind_Ele
3080_00,actSZCR,0,0,Buff_Common_SZCR_000
3080_00,actSZCE,0,0,Buff_Common_SZCR_000
3080_00,Sparking,0,0,Buff_Common_SP
3100_03,actEXA1,0,0,Buff_Common_093
3100_03,actEXA2,0,0,Buff_Common_092_Spr
3100_03,actEXA2,1,0,Buff_Common_97_DefDown
3100_03,actSZCR,0,0,Buff_Common_SZCR_000
3100_03,actSZCE,0,0,Buff_Common_SZCR_000
3100_03,Sparking,0,0,Buff_Common_SP
3110_00,actEXA1,0,0,Buff_Common_071_REC
3110_00,actEXA2SD,0,0,Buff_Common_012
3110_00,actSZCR,0,0,Buff_Common_SZCR_000
3110_00,actSZCE,0,0,Buff_Common_SZCR_000
3110_00,Sparking,0,0,Buff_Common_SP
3130_00,actEXA1,0,0,Buff_Common_062_Bind_Ele
3130_00,actEXA2,0,0,Buff_Common_053_Spr
3130_00,actEXA2,1,0,Buff_Common_97_DefDown
3130_00,actSZCE,0,0,Buff_Common_SZCR_000
3130_00,actSZCR,0,0,Buff_Common_SZCR_000
3130_00,Sparking,0,0,Buff_Common_SP
3120_04,actEXA1,0,0,Buff_Common_095
3120_04,actEXA2,0,0,Buff_Common_091_Spr
3120_04,actEXA2,1,0,Buff_Common_97_DefDown
3120_04,actSZCR,0,0,Buff_Common_SZCR_000
3120_04,actSZCE,0,0,Buff_Common_SZCR_000
3120_04,Sparking,0,0,Buff_Common_SP
3140_00,actEXA1,0,0,Buff_Common_062_Bind_Ele
3140_00,actEXA2,0,0,Buff_Common_071_REC
3140_00,actSZCR,0,0,Buff_Common_SZCR_000
3140_00,actSZCE,0,0,Buff_Common_SZCR_000
3140_00,Sparking,0,0,Buff_Common_SP
3150_00,actEXA1,0,0,Buff_Common_071_REC
3150_00,actEXA2,0,0,Buff_Common_058_Spr
3150_00,actEXA2,1,0,Buff_Common_97_DefDown
3150_00,actSZCR,0,0,Buff_Common_SZCR_000
3150_00,actSZCE,0,0,Buff_Common_SZCR_000
3150_00,actJSBN,0,0,Buff_Common_actSMB4_Bind_Ele
3150_00,Sparking,0,0,Buff_Common_SP
3160_00,HPTrigger@10000,0,0,Buff_Common_HP_low
3160_00,actEXA1,0,0,Buff_Common_036_ACO
3160_00,actEXA2SD,0,0,Buff_Common_013
3160_00,actSZCR,0,0,Buff_Common_SZCR_000
3160_00,actSZCE,0,0,Buff_Common_SZCR_000
3160_00,Sparking,0,0,Buff_Common_SP
3170_00,actEXA1,0,0,Buff_Common_031_AVD
3170_00,actEXA2,0,0,Buff_Common_062_Bind_Ele
3170_00,actSZCR,0,0,Buff_Common_SZCR_000
3170_00,actSZCE,0,0,Buff_Common_SZCR_000
3170_00,actSTDSMBN,0,0,Buff_Common_actSMB4_Bind_Ele
3170_00,Sparking,0,0,Buff_Common_SP
3190_00,HPTrigger@10000,0,0,Buff_Common_HP_low
3190_00,actEXA1,0,0,Buff_Common_036_ACO
3190_00,actEXA2SD,0,0,Buff_Common_012
3190_00,actSZCR,0,0,Buff_Common_SZCR_000
3190_00,actSZCE,0,0,Buff_Common_SZCR_000
3190_00,Sparking,0,0,Buff_Common_SP
3270_00,actEXA1,0,0,Buff_Common_066
3270_00,actEXA2SD,0,0,Buff_Common_003
3270_00,actSZCR,0,0,Buff_Common_SZCR_000
3270_00,actSZCE,0,0,Buff_Common_SZCR_000
3270_00,Sparking,0,0,Buff_Common_SP
3270_01,actEXA1,0,0,Buff_Common_037_AVDs
3270_01,actEXA2,0,0,Buff_Common_058_Spr
3270_01,actEXA2,1,0,Buff_Common_97_DefDown
3270_01,actSZCR,0,0,Buff_Common_SZCR_000
3270_01,actSZCE,0,0,Buff_Common_SZCR_000
3270_01,Sparking,0,0,Buff_Common_SP
3280_00,actEXA1,0,0,Buff_Common_037_AVDs
3280_00,actEXA2SD,0,0,Buff_Common_012
3280_00,actSZCR,0,0,Buff_Common_SZCR_000
3280_00,actSZCE,0,0,Buff_Common_SZCR_000
3280_00,Sparking,0,0,Buff_Common_SP
3280_01,actEXA1,0,0,Buff_Common_066
3280_01,actEXA2,0,0,Buff_Common_049_Spr
3280_01,actEXA2,1,0,Buff_Common_97_DefDown
3280_01,actSZCR,0,0,Buff_Common_SZCR_000
3280_01,actSZCE,0,0,Buff_Common_SZCR_000
3280_01,Sparking,0,0,Buff_Common_SP
3290_00,actEXA1,0,0,Buff_Common_073
3290_00,actEXA2SD,0,0,Buff_Common_007
3290_00,actSZCR,0,0,Buff_Common_SZCR_000
3290_00,actSZCE,0,0,Buff_Common_SZCR_000
3290_00,Sparking,0,0,Buff_Common_SP
3300_00,HPTrigger@10000,0,0,Buff_Common_HP_low
3300_00,actEXA1,0,0,Buff_Common_077_Schoff
3300_00,actEXA2,0,0,Buff_Common_036_ACO_S2
3300_00,actSZCR,0,0,Buff_Common_SZCR_000
3300_00,actSZCE,0,0,Buff_Common_SZCR_000
3300_00,Sparking,0,0,Buff_Common_SP
3310_00,actEXA1,0,0,Buff_Common_062_Bind_Ele
3310_00,actEXA2,0,0,Buff_Common_036_ACO_S2
3310_00,actSZCR,0,0,Buff_Common_SZCR_000
3310_00,actSZCE,0,0,Buff_Common_SZCR_000
3310_00,actSMBN,0,0,Buff_Common_actSMB4_Bind_Ele
3310_00,actDSMBN,0,0,Buff_Common_actSMB4_Bind_Ele
3310_00,Sparking,0,0,Buff_Common_SP
3310_10,actEXA1SD,0,0,Buff_Common_068_SPI
3310_10,actEXA1SD,1,0,Buff_Common_96_DefDown
3310_10,actEXA2,0,0,Buff_Common_023
3310_10,actSZCR,0,0,Buff_Common_SZCR_000
3310_10,actSZCE,0,0,Buff_Common_SZCR_000
3310_10,Sparking,0,0,Buff_Common_SP_Huge
3320_00,actEXA1,0,0,Buff_Common_077_Schoff
3320_00,actEXA2SD,0,0,Buff_Common_012
3320_00,actSZCR,0,0,Buff_Common_SZCR_000
3320_00,actSZCE,0,0,Buff_Common_SZCR_000
3320_00,Sparking,0,0,Buff_Common_SP
3330_00,actEXA1SD,0,0,Buff_Common_003
3330_00,actEXA2,0,0,Buff_Common_099_Spr
3330_00,actEXA2,1,0,Buff_Common_97_DefDown
3330_00,actSZCR,0,0,Buff_Common_SZCR_000
3330_00,actSZCE,0,0,Buff_Common_SZCR_000
3330_00,Sparking,0,0,Buff_Common_SP_STR_001
3350_00,HPTrigger@10000,0,0,Buff_Common_HP_low
3350_00,actEXA1,0,0,Buff_Common_058_Spr
3350_00,actEXA1,1,0,Buff_Common_97_DefDown
3350_00,actEXA2SD,0,0,Buff_Common_012
3350_00,actSZCR,0,0,Buff_Common_SZCR_000
3350_00,actSZCE,0,0,Buff_Common_SZCR_000
3350_00,Sparking,0,0,Buff_Common_SP
3360_00,actEXA1,0,0,Buff_Common_062_Bind_Ele
3360_00,actEXA2SD,0,0,Buff_Common_012
3360_00,actSZCR,0,0,Buff_Common_SZCR_000
3360_00,actSZCE,0,0,Buff_Common_SZCR_000
3360_00,actJSBN,0,0,Buff_Common_actSMB4_Bind_Ele
3360_00,actSTDSMBN,0,0,Buff_Common_actSMB4_Bind_Ele
3360_00,Sparking,0,0,Buff_Common_SP
