id,name,description,type,category,effectFiles
00_0_0000,Master Roshi Training,Slightly increases maximum health.,Health,PowerUp,ItemEffect_000000
00_0_0001,King Kai Training+,Greatly increases maximum health.,Health,PowerUp,ItemEffect_000001
00_0_0002,God of Destruction Training+,Massively increases maximum health.,Health,PowerUp,ItemEffect_000002
00_0_0003,Dende's Healing Ability+,Health gradually recovers during battle.,Special,PowerUp,ItemEffect_000003
00_0_0004,Rising Tension+,Ki gradually recovers during battle.,Special,PowerUp,ItemEffect_000004
00_0_0005,Rush Attack Boost 1,Slightly increases Rush Attack power.,Combo,PowerUp,ItemEffect_000005
00_0_0006,Rush Attack Boost 2,Increases Rush Attack power.,Combo,PowerUp,ItemEffect_000006
00_0_0007,Rush Attack Boost 3,Greatly increases Rush Attack power.,Combo,PowerUp,ItemEffect_000007
00_0_0011,Smash Attack Boost 1,"Slightly increases Smash Attack
and Rush Chain attack power.",Special,PowerUp,ItemEffect_000011
00_0_0012,Smash Attack Boost 2,"Increases Smash Attack and
Rush Chain attack power.",Special,PowerUp,ItemEffect_000012
00_0_0013,Smash Attack Boost 3,"Greatly increases Smash Attack
and Rush Chain attack power.",Special,PowerUp,ItemEffect_000013
00_0_0014,Ki Blast Attack Boost 1,"Slightly increases Rush Ki Blast
and Smash Ki Blast attack power.",Energy,PowerUp,ItemEffect_000014
00_0_0015,Ki Blast Attack Boost 2,"Increases Rush Ki Blast and
Smash Ki Blast attack power.",Energy,PowerUp,ItemEffect_000015
00_0_0016,Ki Blast Attack Boost 3,"Greatly increases Rush Ki Blast
and Smash Ki Blast attack power.",Energy,PowerUp,ItemEffect_000016
00_0_0023,Power Unleashed,Increases Burst Rush attack power.,Special,PowerUp,ItemEffect_000023
00_0_0024,Finishing Blow,Increases Burst Meteor attack power.,Special,PowerUp,ItemEffect_000024
00_0_0026,Blast Burst,Increases Blast and Ultimate Blast attack power.,Blast,PowerUp,ItemEffect_000029 ItemEffect_000026
00_0_0027,Ultimate Burst,"Causes you to Collapse
when Ultimate Blast is used.",Blast,PowerUp,ItemEffect_000027 ItemEffect_000070
00_0_0028,Blast Attack Boost 1,Slightly increases Blast and Ultimate Blast attack power.,Blast,PowerUp,ItemEffect_000028
00_0_0029,Blast Attack Boost 2,Increases Blast and Ultimate Blast attack power.,Blast,PowerUp,ItemEffect_000029
00_0_0030,Blast Attack Boost 3,Greatly increases Blast and Ultimate Blast attack power.,Blast,PowerUp,ItemEffect_000030
00_0_0031,Super Warrior,"Increases Rush Attack power
while in Sparking! Mode.",Special,PowerUp,ItemEffect_000031
00_0_0032,Draconic Aura,Increases ability to stun opponents.,Special,PowerUp,ItemEffect_000032
00_0_0033,Light Body,Reduces chance of being stunned by Ki Blasts.,Special,PowerUp,ItemEffect_000033
00_0_0034,Power Body+,"Reduces chance of being stunned by
melee attacks.",Special,PowerUp,ItemEffect_000034
00_0_0035,Dragon Rush,"Increases ability to stun opponents
while they are using a Rush Attack.",Special,PowerUp,ItemEffect_000035
00_0_0037,The Secret to Counters,"Reduces Skill Count needed for
Super Perception by 1.
(Cannot be reduced below 1.)",Special,PowerUp,ItemEffect_000037
00_0_0038,Fury!,"Increases Blast attack power
the lower your health becomes.",Special,PowerUp,ItemEffect_000038
00_0_0039,Active Heart,"Slightly increases ki recovered
after landing a Rush Attack.",Special,PowerUp,ItemEffect_000039
00_0_0040,Indomitable Fighting Spirit,"Increases ki recovered after
landing a Rush Attack.",Special,PowerUp,ItemEffect_000040
00_0_0041,Warming Up,"Increases health recovered while
on standby after switching out in Team Battles.",Special,PowerUp,ItemEffect_000041
00_0_0042,Ready for Anything,"Increases ki recovered while
on standby after switching out in Team Battles.",Special,PowerUp,ItemEffect_000042
00_0_0044,Ki Control+,Cuts ki needed for Dragon Dashes by half.,Special,PowerUp,ItemEffect_000044
00_0_0046,Z-Burst Dash Master,Cuts ki needed for Z-Burst Dashes by half.,Special,PowerUp,ItemEffect_000046
00_0_0047,The Secret to Z-Burst Dashes,Z-Burst Dash consumes no ki.,Special,PowerUp,ItemEffect_000047
00_0_0048,Proof of Friendship,"Switch gauge starts out full at
the beginning of battle.",Special,PowerUp,ItemEffect_000048
00_0_0049,Savior+,"Enter Sparking! Mode instantly after
switching out in Team Battles.",Special,PowerUp,ItemEffect_000049
00_0_0050,Combo Master+,"Increases damage dealt by
consecutive combo attacks.",Special,PowerUp,ItemEffect_000050
00_0_0051,Combo King+,"Greatly increases damage dealt
by consecutive combo attacks.",Special,PowerUp,ItemEffect_000051
00_0_0052,Spiritual Control,"Reduces Skill Count needed by 1.
(Cannot be reduced below 1.)",Special,PowerUp,ItemEffect_000052
00_0_0053,The Secret to Ki,"Reduces ki needed for Blasts by 1 gauge.
(Cannot be reduced below 1.)",Special,PowerUp,ItemEffect_000053
00_0_0055,Dragon Spirit,Increases skill gauge recovery.,Special,PowerUp,ItemEffect_000055
00_0_0060,Style of the Strong+,Sparking! Mode lasts longer.,Special,PowerUp,ItemEffect_000060
00_0_0061,Emperor's Aura,Sparking! Mode lasts significantly longer.,Special,PowerUp,ItemEffect_000061
00_0_0066,Super Transformation,"Reduces Skill Count needed for
Fusions and Transformations by 1.
(Cannot be reduced below 1.)",Special,PowerUp,ItemEffect_000066
00_0_0068,Fighting Spirit,"Increases Ultimate Blast attack power
the lower your health becomes.",Special,PowerUp,ItemEffect_000068
00_0_0070,Divine Blow,Increases Ultimate Blast attack power.,Blast,PowerUp,ItemEffect_000070
00_0_0072,Rising Fighting Spirit,Ki gauge starts out full at the beginning of battle.,Special,PowerUp,ItemEffect_000072
00_0_0074,Power of Namek,Increases all abilities on specific maps.,Special,PowerUp,ItemEffect_000074
00_0_0075,Power of Earth,Increases all abilities on specific maps.,Special,PowerUp,ItemEffect_000075
00_0_0076,Power of the Universe,Increases all abilities on specific maps.,Special,PowerUp,ItemEffect_000076
00_0_0082,Perfect Guard,Take no damage while guarding.,Special,PowerUp,ItemEffect_000082
00_0_0092,Crisis Avoided,Slightly reduces ki needed for Short Dashes.,Energy,PowerUp,ItemEffect_000092
00_0_0093,Battle Control,Increases Switch gauge recovery during Team Battles.,Special,PowerUp,ItemEffect_000093
00_0_0094,Latent Power Unleashed 1,Start battle with an extra ki gauge.,Special,PowerUp,ItemEffect_000094
00_0_0095,Latent Power Unleashed 2,Start battle with two extra ki gauges.,Special,PowerUp,ItemEffect_000095
00_0_0096,Big Impact,"Increases damage dealt after winning
with an Impact Action the higher your
opponent's DP is relative to yours.",Special,PowerUp,ItemEffect_000096
00_0_0098,Mind Breaker,"Increases ki damage dealt after
successfully using Guard Clash.",Special,PowerUp,ItemEffect_000098
00_0_0099,Water's Blessing,Health and ki gradually recover while in water.,Special,PowerUp,ItemEffect_000099
00_0_0101,Miracle Master,"Automatically dodge attacks
when downed (excludes Ki Blasts).",Special,PowerUp,ItemEffect_000101
00_0_0102,Latent Power!,Increases Defense the lower your Health is.,Special,PowerUp,ItemEffect_000102
00_0_0103,Guard Master,Grants immunity to Guard Clashes.,Special,PowerUp,ItemEffect_000103
00_0_0104,Mirage,"Automatically dodge barrage
Blasts after dodging one with
a High-Speed Movement or
High-Speed Evasion.",Special,PowerUp,ItemEffect_000104
00_0_0111,Dende's Healing Ability,"Health gradually recovers during
battle after some time passes.",Special,PowerUp,ItemEffect_000111
00_0_0112,Rising Tension,"Ki gradually recovers during
battle after some time passes.",Special,PowerUp,ItemEffect_000112
00_0_0113,Melee Charge 1,"Slightly reduces the charging time
for Smash Attacks and Rush Chains.",Special,PowerUp,ItemEffect_000113
00_0_0114,Melee Charge 2,"Reduces the charging time for
Smash Attacks and Rush Chains.",Special,PowerUp,ItemEffect_000114
00_0_0115,Melee Charge 3,"Greatly reduces the charging time
for Smash Attacks and Rush Chains.",Special,PowerUp,ItemEffect_000115
00_0_0116,Energy Saver 1,"Slightly reduces ki needed for
Rush Ki Blasts and Smash Ki Blasts.",Special,PowerUp,ItemEffect_000116
00_0_0117,Energy Saver 2,"Reduces ki needed for Rush Ki Blasts
and Smash Ki Blasts.",Special,PowerUp,ItemEffect_000117
00_0_0118,Energy Saver 3,"Greatly reduces ki needed for
Rush Ki Blasts and Smash Ki Blasts.",Special,PowerUp,ItemEffect_000118
00_0_0119,Ki Blast Charge 1,"Slightly reduces the charging
time for Smash Ki Blasts.",Special,PowerUp,ItemEffect_000119
00_0_0120,Ki Blast Charge 2,"Reduces the charging
time for Smash Ki Blasts.",Special,PowerUp,ItemEffect_000120
00_0_0121,Ki Blast Charge 3,"Greatly reduces the charging
time for Smash Ki Blasts.",Special,PowerUp,ItemEffect_000121
00_0_0122,Dragon Assault,Reduces ki needed for Vanishing Assaults.,Special,PowerUp,ItemEffect_000122
00_0_0123,Power Body,"Reduces chance of being stunned by
melee attacks.",Special,PowerUp,ItemEffect_000034 ItemEffect_000123
00_0_0124,Speed Up,Reduces ki needed for Short Dashes.,Energy,PowerUp,ItemEffect_000124
00_0_0125,Exquisite Skill,"Reduces recovery time when
stunned or restrained.",Special,PowerUp,ItemEffect_000125_1 ItemEffect_000125_2
00_0_0126,Ki Control,Reduces ki needed for Dragon Dashes.,Special,PowerUp,ItemEffect_000126 ItemEffect_000127
00_0_0127,The Secret to Dragon Dashes,Reduces ki needed for Dragon Dashes.,Special,PowerUp,ItemEffect_000126
00_0_0128,Savior,"Enter Sparking! Mode instantly
after the first switch-out in Team Battles.",Special,PowerUp,ItemEffect_000128
00_0_0129,Combo Master,"Slightly increases damage dealt
by consecutive combo attacks.",Special,PowerUp,ItemEffect_000129
00_0_0130,Combo King,"Increases damage dealt by
consecutive combo attacks.",Special,PowerUp,ItemEffect_000130
00_0_0131,God Ki,Cuts ki needed for Blasts by half.,Special,PowerUp,ItemEffect_000054 ItemEffect_000131
00_0_0132,Sparking! Plus,Sparking! Mode lasts longer.,Special,PowerUp,ItemEffect_000132 ItemEffect_000123
00_0_0133,Style of the Strong,Sparking! Mode lasts longer.,Special,PowerUp,ItemEffect_000133
00_0_0134,Dragon Break,Increases number of Dragon Homing uses by one.,Special,PowerUp,ItemEffect_000134
00_0_0135,Dragon Crash,Increases Dragon Smash attack power.,Special,PowerUp,ItemEffect_000135
00_0_0136,Vanishing Break,Increases number of Vanishing Attacks by one.,Special,PowerUp,ItemEffect_000136
00_0_0137,Vanishing Crash,Increases the attack power of Vanishing Attacks,Special,PowerUp,ItemEffect_000137
00_0_0138,Secret Measures,"Skill Count increases by one
at the beginning of battle.",Special,PowerUp,ItemEffect_000138
00_0_0139,Rush Ki Blast 1,Slightly increases the speed of Rush Ki Blasts.,Special,PowerUp,ItemEffect_000139
00_0_0140,Rush Ki Blast Count Boost,"Increases Rush Ki Blast's
maximum count by two.",Special,PowerUp,ItemEffect_000140
00_0_0141,Master Strike,Increases Rush Attack power.,Strike,PowerUp,ItemEffect_000006 ItemEffect_000012 ItemEffect_000141
00_0_0142,Master Ki Blast,Slightly increases the speed of Rush Ki Blasts.,Energy,PowerUp,ItemEffect_000139 ItemEffect_000118 ItemEffect_000141
00_0_0143,Master Throw,Increases the attack power of Throw moves.,Special,PowerUp,ItemEffect_000143
00_0_0144,High-Speed Movement Master,"Reduces amount of Sparking! gauge
that High-Speed Movements use.",Special,PowerUp,ItemEffect_000145 ItemEffect_000144
00_0_0145,The Secret to High-Speed Movements,"Reduces amount of Sparking! gauge
that High-Speed Movements use.",Special,PowerUp,ItemEffect_000145
00_0_0146,Super Movement Master,"Slightly reduces amount of Sparking! gauge
that Super Movements use.",Special,PowerUp,ItemEffect_000146 ItemEffect_000144
00_0_0147,The Secret to Super Movements,"Reduces amount of Sparking! gauge
that Super Movements use.",Special,PowerUp,ItemEffect_000147
00_0_0148,Performer,"Increases Blast attack power
for a period of time after using an emote.",Special,PowerUp,ItemEffect_000148
00_0_0149,Dragon Heart,"Slightly increases Skill Count after
successfully dodging a Blast or 
Ultimate Blast with a High-Speed Movement.",Special,PowerUp,ItemEffect_000149
00_0_0150,King Kai Training,Increases maximum health.,Health,PowerUp,ItemEffect_000150
00_0_0151,God of Destruction Training,Greatly increases maximum health.,Health,PowerUp,ItemEffect_000151
00_0_0152,Almighty Boost,Slightly increases Rush Attack power.,Strike,PowerUp,ItemEffect_000005 ItemEffect_000011 ItemEffect_000014
00_0_0153,Super Sparking!,"Increases Rush Attack power
while in Sparking! Mode.",Special,PowerUp,ItemEffect_000031 ItemEffect_000059
00_0_0154,Victory Power,Slightly increases Blast and Ultimate Blast attack power.,Blast,PowerUp,ItemEffect_000028 ItemEffect_000039
00_0_0155,Broly's Ring,"Prevents Transformations
and Fusions during battle.",Special,PowerUp,ItemEffect_000071
00_0_1000,Immortal Body,"Survive otherwise fatal damage
with 1 HP.",Special,PowerUp,ItemEffect_001000
00_0_1001,Ban Blast 1,Prohibits use of Blast 1.,Special,Controll,ItemEffect_001001
00_0_1002,Ban Blast 2,Prohibits use of Blast 2.,Special,Controll,ItemEffect_001002
00_0_1003,Ban Ultimate Blast,Prohibits use of Ultimate Blasts.,Special,Controll,ItemEffect_001003
00_0_1004,Ban Skill 1,Prohibits use of Skill 1.,Special,Controll,ItemEffect_001004
00_0_1005,Ban Skill 2,Prohibits use of Skill 2.,Special,Controll,ItemEffect_001005
00_0_1006,Ban Fly,Prohibits use of Fly.,Special,PowerUp,ItemEffect_001006
00_0_1007,Minus Energy,Gradually drains ki during battle.,Special,PowerUp,ItemEffect_001007
00_0_1008,Ultimate Power,Massively increases damage dealt by all attacks.,Special,PowerUp,ItemEffect_001008
00_0_1009,Transcendent Limit Break,Greatly increases damage dealt by all attacks.,Special,PowerUp,ItemEffect_001009
00_0_1010,Limit Breaker,Increases damage dealt by all attacks.,Special,PowerUp,ItemEffect_001010
00_0_1011,Strongest Warrior,Slightly increases damage dealt by all attacks.,Special,PowerUp,ItemEffect_001011
00_0_1012,Attack Reducer 1,Slightly reduces damage dealt by all attacks.,Special,PowerUp,ItemEffect_001012
00_0_1013,Attack Reducer 2,Reduces damage dealt by all attacks.,Special,PowerUp,ItemEffect_001013
00_0_1014,Attack Reducer 3,Greatly reduces damage dealt by all attacks.,Special,PowerUp,ItemEffect_001014
00_0_1015,Defense Reducer 1,Slightly reduces defense.,Special,PowerUp,ItemEffect_001015
00_0_1016,Defense Reducer 2,Reduces defense.,Special,PowerUp,ItemEffect_001016
00_0_1017,Defense Reducer 3,Greatly reduces defense.,Special,PowerUp,ItemEffect_001017
00_0_1018,Sight Master,Cuts ki needed for Rush High-Speed Movements by half.,Special,PowerUp,ItemEffect_001018
00_0_1019,Essence of Sight,Rush High-Speed Movements consume no ki.,Special,PowerUp,ItemEffect_001019
00_0_1020,Ban Ki Blasts,"Cannot use Rush Ki Blasts or
Smash Ki Blasts.",Special,PowerUp,ItemEffect_001020
00_0_1021,Absolutely Invincible Body,Prevents any and all damage.,Special,PowerUp,ItemEffect_001021
00_0_1022,Ki Charge 1,Slightly increases ki charge speed.,Special,PowerUp,ItemEffect_001022
00_0_1023,Ki Charge 2,Increases ki charge speed.,Special,PowerUp,ItemEffect_001023
00_0_1024,Ki Release,Increases ki recovery speed.,Special,PowerUp,ItemEffect_001024
00_0_1025,No Switch-Outs,Cannot Switch.,Special,PowerUp,ItemEffect_001025
00_0_1026,Evil Blast 1 Boost,"Increases Blast 1 attack power the
higher your Wicked Level is.",Blast,PowerUp,ItemEffect_001026
00_0_1027,Evil Ultimate Burst,"Increases Ultimate Blast attack power
the higher your Wicked Level is.",Blast,PowerUp,ItemEffect_001027
00_0_1028,Evil Ki Blast,"Increases Rush Ki Blast and Smash Ki Blast
attack power the higher your Wicked Level is.",Energy,PowerUp,ItemEffect_001028
00_0_1029,Evil Strike,"Increases melee attack power the
higher your Wicked Level is.",Strike,PowerUp,ItemEffect_001029
00_0_1030,Evil Blast 2 Boost,"Increases Blast 2 attack power the
higher your Wicked Level is.",Blast,PowerUp,ItemEffect_001030
00_0_1033,Power Up to the Very Limit,Increases attack power the lower your health becomes.,Special,PowerUp,ItemEffect_001033
00_0_1034,Finisher Heal 1,Slightly recovers health after defeating an opponent.,Special,PowerUp,ItemEffect_001034
00_0_1035,Finisher Heal 2,Greatly recovers health after defeating an opponent.,Special,PowerUp,ItemEffect_001035
00_0_1036,Ultimate Blast Attack Boost Ultra,Massively increases Ultimate Blast attack power.,Blast,PowerUp,ItemEffect_001036
00_0_1037,Ultimate Blast Attack Zero,Ultimate Blasts attack power falls to zero.,Blast,PowerUp,ItemEffect_001037
00_0_1038,Blast 1 Attack Boost Ultra,Massively increases Blast 1 attack power.,Special,PowerUp,ItemEffect_001038
00_0_1039,Blast 1 Attack Zero,Blast 1 attack power falls to zero.,Special,PowerUp,ItemEffect_001039
00_0_1040,Blast 2 Attack Boost Ultra,Massively increases Blast 2 attack power.,Special,PowerUp,ItemEffect_001040
00_0_1041,Blast 2 Attack Zero,Blast 2 attack power falls to zero.,Special,PowerUp,ItemEffect_001041
00_0_1042,Ki Blast Attack Boost Ultra,Massively increases Ki Blast attack power.,Energy,PowerUp,ItemEffect_001042
00_0_1043,Ki Blast Attack Zero,Ki Blast attack power falls to zero.,Energy,PowerUp,ItemEffect_001043
00_0_1044,Melee Attack Boost Ultra,Massively increases melee attack power.,Strike,PowerUp,ItemEffect_001044
00_0_1045,Melee Attack Zero,Melee attack power falls to zero.,Strike,PowerUp,ItemEffect_001045
00_0_1046,Defense Boost 1,Slightly increases defense.,Special,PowerUp,ItemEffect_001046
00_0_1047,Defense Boost 2,Increases defense.,Special,PowerUp,ItemEffect_001047
00_0_1048,Defense Boost 3,Greatly increases defense.,Special,PowerUp,ItemEffect_001048
00_0_1049,Ban Transformation and Fusion,Prohibits use of Transformation.,Special,PowerUp,ItemEffect_001049
00_0_1050,Ban Sparking! Mode,Prohibits use of Sparking! Mode.,Special,PowerUp,ItemEffect_001050
00_0_1051,Villain,Slightly increases Wicked Level.,Special,PowerUp,ItemEffect_001051
00_0_1052,Super Wicked,Increases Wicked Level.,Special,PowerUp,ItemEffect_001052
00_0_1053,Evil Emperor,Greatly increases Wicked Level.,Special,PowerUp,ItemEffect_001053
00_0_1054,Ultimate Blast Ki Bonus 1,"Slightly recovers ki after using an
Ultimate Blast.",Special,PowerUp,ItemEffect_001054
00_0_1055,Ultimate Blast Ki Bonus 2,"Greatly recovers ki after using an
Ultimate Blast.",Special,PowerUp,ItemEffect_001055
00_0_1056,Sparking! Charge 1,Slightly increases Sparking! charge speed.,Special,PowerUp,ItemEffect_001056
00_0_1057,Sparking! Charge 2,Increases Sparking! charge speed.,Special,PowerUp,ItemEffect_001057
00_0_1058,Sparking! Charge 3,Greatly increases Sparking! charge speed.,Special,PowerUp,ItemEffect_001058
00_0_1059,Energy Reducer 1,Reduces automatic recovery of ki gauge.,Special,PowerUp,ItemEffect_001059
00_0_1060,Energy Reducer 2,Greatly reduces automatic recovery of ki gauge.,Special,PowerUp,ItemEffect_001060
00_0_1061,Ultimate Blast Health Bonus 1,"Slightly recovers health after using
an Ultimate Blast.",Special,PowerUp,ItemEffect_001061
00_0_1062,Ultimate Blast Health Bonus 2,"Greatly recovers health after using
an Ultimate Blast.",Special,PowerUp,ItemEffect_001062
00_0_1063,Blast of Justice 1 Burst,"Increases Blast 1 attack power the higher
your opponent's Wicked Level is.",Blast,PowerUp,ItemEffect_001063
00_0_1064,Ultimate Burst of Justice,"Increases Ultimate Blast attack power the
higher your opponent's Wicked Level is.",Blast,PowerUp,ItemEffect_001064
00_0_1065,Ki Blast of Justice,"Increases Rush Ki Blast and Smash Ki Blast
attack power the higher your opponent's
Wicked Level is.",Energy,PowerUp,ItemEffect_001065
00_0_1066,Strike of Justice,"Increases melee attack power the higher
your opponent's Wicked Level is.",Strike,PowerUp,ItemEffect_001066
00_0_1067,Blast of Justice 2 Burst,"Increases Blast 2 attack power the higher
your opponent's Wicked Level is.",Blast,PowerUp,ItemEffect_001067
00_0_1069,Raging Skill,"CPU prioritizes using skills
that hinder their opponent.",Special,PowerUp,ItemEffect_001069
00_0_1070,Raging Blast,CPU prioritizes using Blasts.,Special,PowerUp,ItemEffect_001070
00_0_1072,Raging Ultimate Blast,CPU prioritizes using Ultimate Blast.,Special,PowerUp,ItemEffect_001072
00_0_1073,Raging Change,CPU will be able to Switch automatically.,Special,PowerUp,ItemEffect_001073
