id,effect,file,field,value
00_0_0000,0,ItemEffect_000000,Effects[0].Conditions[0].Target,ESSCharacterItemConditionTarget::Myself
00_0_0000,0,ItemEffect_000000,Effects[0].Conditions[0].ExParam.Inequality,EKoratInequalitySignType::NoMoreThan
00_0_0000,0,ItemEffect_000000,Effects[0].ParameterChanging.AddLife,2500
00_0_0001,0,ItemEffect_000001,Effects[0].ParameterChanging.AddLife,10000
00_0_0002,0,ItemEffect_000002,Effects[0].ParameterChanging.AddLife,20000
00_0_0003,0,ItemEffect_000003,Effects[0].ParameterChanging.HealPerSec,50
00_0_0004,0,ItemEffect_000004,Effects[0].ParameterChanging.HealSPPerSec,200
00_0_0005,0,ItemEffect_000005,Effects[0].ParameterChanging.RushDamageScale,0.025
00_0_0006,0,ItemEffect_000006,Effects[0].ParameterChanging.RushDamageScale,0.05
00_0_0007,0,ItemEffect_000007,Effects[0].ParameterChanging.RushDamageScale,0.075
00_0_0011,0,ItemEffect_000011,Effects[0].ParameterChanging.SmashDamageScale,0.025
00_0_0011,0,ItemEffect_000011,Effects[0].ParameterChanging.ComboAttackDamageScale,0.025
00_0_0012,0,ItemEffect_000012,Effects[0].ParameterChanging.SmashDamageScale,0.05
00_0_0012,0,ItemEffect_000012,Effects[0].ParameterChanging.ComboAttackDamageScale,0.05
00_0_0013,0,ItemEffect_000013,Effects[0].ParameterChanging.SmashDamageScale,0.075
00_0_0013,0,ItemEffect_000013,Effects[0].ParameterChanging.ComboAttackDamageScale,0.075
00_0_0014,0,ItemEffect_000014,Effects[0].ParameterChanging.RushBulletDamageScale,0.025
00_0_0014,0,ItemEffect_000014,Effects[0].ParameterChanging.SmashBulletDamageScale,0.025
00_0_0015,0,ItemEffect_000015,Effects[0].ParameterChanging.RushBulletDamageScale,0.05
00_0_0015,0,ItemEffect_000015,Effects[0].ParameterChanging.SmashBulletDamageScale,0.05
00_0_0016,0,ItemEffect_000016,Effects[0].ParameterChanging.RushBulletDamageScale,0.075
00_0_0016,0,ItemEffect_000016,Effects[0].ParameterChanging.SmashBulletDamageScale,0.075
00_0_0023,0,ItemEffect_000023,Effects[0].ParameterChanging.TargetActionDamageScales[0].Key,actBSRA1
00_0_0023,0,ItemEffect_000023,Effects[0].ParameterChanging.TargetActionDamageScales[0].Value,0.05
00_0_0023,0,ItemEffect_000023,Effects[0].ParameterChanging.TargetActionDamageScales[1].Key,actBSRA2
00_0_0023,0,ItemEffect_000023,Effects[0].ParameterChanging.TargetActionDamageScales[1].Value,0.05
00_0_0023,0,ItemEffect_000023,Effects[0].ParameterChanging.TargetActionDamageScales[2].Key,actBSRA3
00_0_0023,0,ItemEffect_000023,Effects[0].ParameterChanging.TargetActionDamageScales[2].Value,0.05
00_0_0023,0,ItemEffect_000023,Effects[0].ParameterChanging.TargetActionDamageScales[3].Key,actBSRA4
00_0_0023,0,ItemEffect_000023,Effects[0].ParameterChanging.TargetActionDamageScales[3].Value,0.05
00_0_0023,0,ItemEffect_000023,Effects[0].ParameterChanging.TargetActionDamageScales[4].Key,actBSRB1
00_0_0023,0,ItemEffect_000023,Effects[0].ParameterChanging.TargetActionDamageScales[4].Value,0.05
00_0_0023,0,ItemEffect_000023,Effects[0].ParameterChanging.TargetActionDamageScales[5].Key,actBSRB2
00_0_0023,0,ItemEffect_000023,Effects[0].ParameterChanging.TargetActionDamageScales[5].Value,0.05
00_0_0023,0,ItemEffect_000023,Effects[0].ParameterChanging.TargetActionDamageScales[6].Key,actBSRB3
00_0_0023,0,ItemEffect_000023,Effects[0].ParameterChanging.TargetActionDamageScales[6].Value,0.05
00_0_0023,0,ItemEffect_000023,Effects[0].ParameterChanging.TargetActionDamageScales[7].Key,actBSRB4
00_0_0023,0,ItemEffect_000023,Effects[0].ParameterChanging.TargetActionDamageScales[7].Value,0.05
00_0_0024,0,ItemEffect_000024,Effects[0].ParameterChanging.LightningAttackFromBSMDamageScale,0.05
00_0_0026,0,ItemEffect_000029,Effects[0].ParameterChanging.BlastDamageScale,0.05
00_0_0026,0,ItemEffect_000029,Effects[0].ParameterChanging.BlastUltimateDamageScale,0.05
00_0_0026,0,ItemEffect_000029,Effects[0].ParameterChanging.BlastComboDamageScale,0.05
00_0_0026,1,ItemEffect_000026,Effects[0].ParameterChanging.BlastExpendSpAdd,10000
00_0_0027,0,ItemEffect_000027,Effects[0].ParameterChanging.bStunWhenEndSparkingAfterUltimate,true
00_0_0027,1,ItemEffect_000070,Effects[0].ParameterChanging.BlastUltimateDamageScale,0.05
00_0_0028,0,ItemEffect_000028,Effects[0].ParameterChanging.BlastDamageScale,0.025
00_0_0028,0,ItemEffect_000028,Effects[0].ParameterChanging.BlastUltimateDamageScale,0.025
00_0_0028,0,ItemEffect_000028,Effects[0].ParameterChanging.BlastComboDamageScale,0.025
00_0_0029,0,ItemEffect_000029,Effects[0].ParameterChanging.BlastDamageScale,0.05
00_0_0029,0,ItemEffect_000029,Effects[0].ParameterChanging.BlastUltimateDamageScale,0.05
00_0_0029,0,ItemEffect_000029,Effects[0].ParameterChanging.BlastComboDamageScale,0.05
00_0_0030,0,ItemEffect_000030,Effects[0].ParameterChanging.BlastDamageScale,0.075
00_0_0030,0,ItemEffect_000030,Effects[0].ParameterChanging.BlastUltimateDamageScale,0.075
00_0_0030,0,ItemEffect_000030,Effects[0].ParameterChanging.BlastComboDamageScale,0.075
00_0_0031,0,ItemEffect_000031,Effects[0].Conditions[0].Target,ESSCharacterItemConditionTarget::Myself
00_0_0031,0,ItemEffect_000031,Effects[0].Conditions[0].bSparking,true
00_0_0031,0,ItemEffect_000031,Effects[0].Conditions[0].ExParam.Inequality,EKoratInequalitySignType::NoMoreThan
00_0_0031,0,ItemEffect_000031,Effects[0].ParameterChanging.RushDamageScale,0.05
00_0_0032,0,ItemEffect_000032,Effects[0].ParameterChanging.ArmorBreakLevelUp,3
00_0_0033,0,ItemEffect_000033,Effects[0].ParameterChanging.BulletArmorLevelUp,3
00_0_0034,0,ItemEffect_000034,Effects[0].ParameterChanging.CombativesArmorLevelUp,3
00_0_0035,0,ItemEffect_000035,Effects[0].ParameterChanging.ActionCategoryArmorBreakLevelUp[0].Key,EKoratActionCategoryType::Rush
00_0_0035,0,ItemEffect_000035,Effects[0].ParameterChanging.ActionCategoryArmorBreakLevelUp[0].Value,3
00_0_0037,0,ItemEffect_000037,Effects[0].Conditions[0].Target,ESSCharacterItemConditionTarget::Myself
00_0_0037,0,ItemEffect_000037,Effects[0].Conditions[0].ExParam.Inequality,EKoratInequalitySignType::NoMoreThan
00_0_0037,0,ItemEffect_000037,Effects[0].ParameterChanging.AddSuperZCounterStockCost,-1
00_0_0038,0,ItemEffect_000038,Effects[0].Conditions[0].Target,ESSCharacterItemConditionTarget::Myself
00_0_0038,0,ItemEffect_000038,Effects[0].Conditions[0].bHPPer,true
00_0_0038,0,ItemEffect_000038,Effects[0].Conditions[0].HPPercent.Num,25
00_0_0038,0,ItemEffect_000038,Effects[0].Conditions[0].ExParam.Inequality,EKoratInequalitySignType::NoMoreThan
00_0_0038,0,ItemEffect_000038,Effects[0].ParameterChanging.BlastDamageScale,0.05
00_0_0038,0,ItemEffect_000038,Effects[0].ParameterChanging.BlastComboDamageScale,0.05
00_0_0038,0,ItemEffect_000038,Effects[1].Conditions[0].Target,ESSCharacterItemConditionTarget::Myself
00_0_0038,0,ItemEffect_000038,Effects[1].Conditions[0].bHPPer,true
00_0_0038,0,ItemEffect_000038,Effects[1].Conditions[0].HPPercent.Num,50
00_0_0038,0,ItemEffect_000038,Effects[1].Conditions[0].ExParam.Inequality,EKoratInequalitySignType::NoMoreThan
00_0_0038,0,ItemEffect_000038,Effects[1].ParameterChanging.BlastDamageScale,0.05
00_0_0038,0,ItemEffect_000038,Effects[1].ParameterChanging.BlastComboDamageScale,0.05
00_0_0038,0,ItemEffect_000038,Effects[2].Conditions[0].Target,ESSCharacterItemConditionTarget::Myself
00_0_0038,0,ItemEffect_000038,Effects[2].Conditions[0].bHPPer,true
00_0_0038,0,ItemEffect_000038,Effects[2].Conditions[0].HPPercent.Num,75
00_0_0038,0,ItemEffect_000038,Effects[2].Conditions[0].ExParam.Inequality,EKoratInequalitySignType::NoMoreThan
00_0_0038,0,ItemEffect_000038,Effects[2].ParameterChanging.BlastDamageScale,0.05
00_0_0038,0,ItemEffect_000038,Effects[2].ParameterChanging.BlastComboDamageScale,0.05
00_0_0039,0,ItemEffect_000039,Effects[0].ParameterChanging.AttackEnergyGainScale,0.1
00_0_0040,0,ItemEffect_000040,Effects[0].ParameterChanging.AttackEnergyGainScale,0.2
00_0_0041,0,ItemEffect_000041,Effects[0].ParameterChanging.LifeHealPerSecAtBenchScale,0.5
00_0_0042,0,ItemEffect_000042,Effects[0].ParameterChanging.SPHealPerSecAtBenchScale,0.5
00_0_0044,0,ItemEffect_000044,Effects[0].ParameterChanging.DragonDashSpCostScale,-0.5
00_0_0046,0,ItemEffect_000046,Effects[0].ParameterChanging.ZBurstDashExpendSpScale,-0.5
00_0_0047,0,ItemEffect_000047,Effects[0].ParameterChanging.ZBurstDashExpendSpScale,-1
00_0_0048,0,ItemEffect_000048,Effects[0].Conditions[0].Target,ESSCharacterItemConditionTarget::Myself
00_0_0048,0,ItemEffect_000048,Effects[0].Conditions[0].bAtBattleStart,true
00_0_0048,0,ItemEffect_000048,Effects[0].Conditions[0].ExParam.Inequality,EKoratInequalitySignType::NoMoreThan
00_0_0048,0,ItemEffect_000048,Effects[0].ResourceChanging.MaxChangeGauge,true
00_0_0049,0,ItemEffect_000049,Effects[0].Conditions[0].Target,ESSCharacterItemConditionTarget::Myself
00_0_0049,0,ItemEffect_000049,Effects[0].Conditions[0].bAtCharacterEntry,true
00_0_0049,0,ItemEffect_000049,Effects[0].Conditions[0].ExParam.Inequality,EKoratInequalitySignType::NoMoreThan
00_0_0049,0,ItemEffect_000049,Effects[0].ResourceChanging.Sparking,true
00_0_0050,0,ItemEffect_000050,Effects[0].ParameterChanging.ComboDamageScalingEffectScale,-0.25
00_0_0051,0,ItemEffect_000051,Effects[0].ParameterChanging.ComboDamageScalingEffectScale,-0.5
00_0_0052,0,ItemEffect_000052,Effects[0].ParameterChanging.AddSkillStockCost,-1
00_0_0053,0,ItemEffect_000053,Effects[0].ParameterChanging.BlastExpendSpAdd,-10000
00_0_0055,0,ItemEffect_000055,Effects[0].ParameterChanging.BlastRecoverSpeedScale,0.25
00_0_0060,0,ItemEffect_000060,Effects[0].ParameterChanging.SparkingModeGaugeDecreaseSpeedScale,-0.1
00_0_0061,0,ItemEffect_000061,Effects[0].ParameterChanging.SparkingModeGaugeDecreaseSpeedScale,-0.15
00_0_0066,0,ItemEffect_000066,Effects[0].ParameterChanging.AddStyleChangeStockCost,-1
00_0_0066,0,ItemEffect_000066,Effects[0].ParameterChanging.AddFusionStockCost,-1
00_0_0068,0,ItemEffect_000068,Effects[0].Conditions[0].Target,ESSCharacterItemConditionTarget::Myself
00_0_0068,0,ItemEffect_000068,Effects[0].Conditions[0].bHPPer,true
00_0_0068,0,ItemEffect_000068,Effects[0].Conditions[0].HPPercent.Num,75
00_0_0068,0,ItemEffect_000068,Effects[0].Conditions[0].ExParam.Inequality,EKoratInequalitySignType::NoMoreThan
00_0_0068,0,ItemEffect_000068,Effects[0].ParameterChanging.BlastUltimateDamageScale,0.05
00_0_0068,0,ItemEffect_000068,Effects[1].Conditions[0].Target,ESSCharacterItemConditionTarget::Myself
00_0_0068,0,ItemEffect_000068,Effects[1].Conditions[0].bHPPer,true
00_0_0068,0,ItemEffect_000068,Effects[1].Conditions[0].HPPercent.Num,50
00_0_0068,0,ItemEffect_000068,Effects[1].Conditions[0].ExParam.Inequality,EKoratInequalitySignType::NoMoreThan
00_0_0068,0,ItemEffect_000068,Effects[1].ParameterChanging.BlastUltimateDamageScale,0.05
00_0_0068,0,ItemEffect_000068,Effects[2].Conditions[0].Target,ESSCharacterItemConditionTarget::Myself
00_0_0068,0,ItemEffect_000068,Effects[2].Conditions[0].bHPPer,true
00_0_0068,0,ItemEffect_000068,Effects[2].Conditions[0].HPPercent.Num,25
00_0_0068,0,ItemEffect_000068,Effects[2].Conditions[0].ExParam.Inequality,EKoratInequalitySignType::NoMoreThan
00_0_0068,0,ItemEffect_000068,Effects[2].ParameterChanging.BlastUltimateDamageScale,0.05
00_0_0070,0,ItemEffect_000070,Effects[0].ParameterChanging.BlastUltimateDamageScale,0.05
00_0_0072,0,ItemEffect_000072,Effects[0].Conditions[0].Target,ESSCharacterItemConditionTarget::Myself
00_0_0072,0,ItemEffect_000072,Effects[0].Conditions[0].bAtBattleStart,true
00_0_0072,0,ItemEffect_000072,Effects[0].Conditions[0].ExParam.Inequality,EKoratInequalitySignType::NoMoreThan
00_0_0072,0,ItemEffect_000072,Effects[0].ResourceChanging.MaxSP,true
00_0_0074,0,ItemEffect_000074,Effects[0].Conditions[0].Target,ESSCharacterItemConditionTarget::Myself
00_0_0074,0,ItemEffect_000074,Effects[0].Conditions[0].bInMap,true
00_0_0074,0,ItemEffect_000074,Effects[0].Conditions[0].ConditionMaps[0],Map000
00_0_0074,0,ItemEffect_000074,Effects[0].Conditions[0].ConditionMaps[1],Map011
00_0_0074,0,ItemEffect_000074,Effects[0].Conditions[0].ExParam.Inequality,EKoratInequalitySignType::NoMoreThan
00_0_0074,0,ItemEffect_000074,Effects[0].ParameterChanging.RushDamageScale,0.025
00_0_0074,0,ItemEffect_000074,Effects[0].ParameterChanging.SmashDamageScale,0.025
00_0_0074,0,ItemEffect_000074,Effects[0].ParameterChanging.ComboAttackDamageScale,0.025
00_0_0074,0,ItemEffect_000074,Effects[0].ParameterChanging.ThrowDamageScale,0.025
00_0_0074,0,ItemEffect_000074,Effects[0].ParameterChanging.ParryDamageScale,0.025
00_0_0074,0,ItemEffect_000074,Effects[0].ParameterChanging.PursuitDamageScale,0.025
00_0_0074,0,ItemEffect_000074,Effects[0].ParameterChanging.RushBulletDamageScale,0.025
00_0_0074,0,ItemEffect_000074,Effects[0].ParameterChanging.SmashBulletDamageScale,0.025
00_0_0074,0,ItemEffect_000074,Effects[0].ParameterChanging.BlastForteDamageScale,0.025
00_0_0074,0,ItemEffect_000074,Effects[0].ParameterChanging.BlastDamageScale,0.025
00_0_0074,0,ItemEffect_000074,Effects[0].ParameterChanging.BlastUltimateDamageScale,0.025
00_0_0074,0,ItemEffect_000074,Effects[0].ParameterChanging.BlastComboDamageScale,0.025
00_0_0075,0,ItemEffect_000075,Effects[0].Conditions[0].Target,ESSCharacterItemConditionTarget::Myself
00_0_0075,0,ItemEffect_000075,Effects[0].Conditions[0].bInMap,true
00_0_0075,0,ItemEffect_000075,Effects[0].Conditions[0].ConditionMaps[0],Map001
00_0_0075,0,ItemEffect_000075,Effects[0].Conditions[0].ConditionMaps[1],Map002
00_0_0075,0,ItemEffect_000075,Effects[0].Conditions[0].ConditionMaps[2],Map003
00_0_0075,0,ItemEffect_000075,Effects[0].Conditions[0].ConditionMaps[3],Map004
00_0_0075,0,ItemEffect_000075,Effects[0].Conditions[0].ConditionMaps[4],Map008
00_0_0075,0,ItemEffect_000075,Effects[0].Conditions[0].ConditionMaps[5],Map009
00_0_0075,0,ItemEffect_000075,Effects[0].Conditions[0].ConditionMaps[6],Map010
00_0_0075,0,ItemEffect_000075,Effects[0].Conditions[0].ConditionMaps[7],Map021
00_0_0075,0,ItemEffect_000075,Effects[0].Conditions[0].ConditionMaps[8],Map022
00_0_0075,0,ItemEffect_000075,Effects[0].Conditions[0].ConditionMaps[9],Map024
00_0_0075,0,ItemEffect_000075,Effects[0].Conditions[0].ExParam.Inequality,EKoratInequalitySignType::NoMoreThan
00_0_0075,0,ItemEffect_000075,Effects[0].ParameterChanging.RushDamageScale,0.025
00_0_0075,0,ItemEffect_000075,Effects[0].ParameterChanging.SmashDamageScale,0.025
00_0_0075,0,ItemEffect_000075,Effects[0].ParameterChanging.ComboAttackDamageScale,0.025
00_0_0075,0,ItemEffect_000075,Effects[0].ParameterChanging.ThrowDamageScale,0.025
00_0_0075,0,ItemEffect_000075,Effects[0].ParameterChanging.ParryDamageScale,0.025
00_0_0075,0,ItemEffect_000075,Effects[0].ParameterChanging.PursuitDamageScale,0.025
00_0_0075,0,ItemEffect_000075,Effects[0].ParameterChanging.RushBulletDamageScale,0.025
00_0_0075,0,ItemEffect_000075,Effects[0].ParameterChanging.SmashBulletDamageScale,0.025
00_0_0075,0,ItemEffect_000075,Effects[0].ParameterChanging.BlastForteDamageScale,0.025
00_0_0075,0,ItemEffect_000075,Effects[0].ParameterChanging.BlastDamageScale,0.025
00_0_0075,0,ItemEffect_000075,Effects[0].ParameterChanging.BlastUltimateDamageScale,0.025
00_0_0075,0,ItemEffect_000075,Effects[0].ParameterChanging.BlastComboDamageScale,0.025
00_0_0076,0,ItemEffect_000076,Effects[0].Conditions[0].Target,ESSCharacterItemConditionTarget::Myself
00_0_0076,0,ItemEffect_000076,Effects[0].Conditions[0].bInMap,true
00_0_0076,0,ItemEffect_000076,Effects[0].Conditions[0].ConditionMaps[0],Map005
00_0_0076,0,ItemEffect_000076,Effects[0].Conditions[0].ConditionMaps[1],Map023
00_0_0076,0,ItemEffect_000076,Effects[0].Conditions[0].ExParam.Inequality,EKoratInequalitySignType::NoMoreThan
00_0_0076,0,ItemEffect_000076,Effects[0].ParameterChanging.RushDamageScale,0.025
00_0_0076,0,ItemEffect_000076,Effects[0].ParameterChanging.SmashDamageScale,0.025
00_0_0076,0,ItemEffect_000076,Effects[0].ParameterChanging.ComboAttackDamageScale,0.025
00_0_0076,0,ItemEffect_000076,Effects[0].ParameterChanging.ThrowDamageScale,0.025
00_0_0076,0,ItemEffect_000076,Effects[0].ParameterChanging.ParryDamageScale,0.025
00_0_0076,0,ItemEffect_000076,Effects[0].ParameterChanging.PursuitDamageScale,0.025
00_0_0076,0,ItemEffect_000076,Effects[0].ParameterChanging.RushBulletDamageScale,0.025
00_0_0076,0,ItemEffect_000076,Effects[0].ParameterChanging.SmashBulletDamageScale,0.025
00_0_0076,0,ItemEffect_000076,Effects[0].ParameterChanging.BlastForteDamageScale,0.025
00_0_0076,0,ItemEffect_000076,Effects[0].ParameterChanging.BlastDamageScale,0.025
00_0_0076,0,ItemEffect_000076,Effects[0].ParameterChanging.BlastUltimateDamageScale,0.025
00_0_0076,0,ItemEffect_000076,Effects[0].ParameterChanging.BlastComboDamageScale,0.025
00_0_0082,0,ItemEffect_000082,Effects[0].ParameterChanging.ShaveDamageResist,1
00_0_0092,0,ItemEffect_000092,Effects[0].ParameterChanging.ShortDashSpCostScale,-0.1
00_0_0092,0,ItemEffect_000092,Effects[0].ParameterChanging.CancelShortDashSpCostScale,-0.1
00_0_0093,0,ItemEffect_000093,Effects[0].ParameterChanging.ChangeWaitSecondCountUpScale,0.5
00_0_0094,0,ItemEffect_000094,Effects[0].Conditions[0].Target,ESSCharacterItemConditionTarget::Myself
00_0_0094,0,ItemEffect_000094,Effects[0].Conditions[0].bAtBattleStart,true
00_0_0094,0,ItemEffect_000094,Effects[0].Conditions[0].ExParam.Inequality,EKoratInequalitySignType::NoMoreThan
00_0_0094,0,ItemEffect_000094,Effects[0].ParameterChanging.AddInitialSP,10000
00_0_0094,0,ItemEffect_000094,Effects[0].ResourceChanging.HealSP,10000
00_0_0095,0,ItemEffect_000095,Effects[0].Conditions[0].Target,ESSCharacterItemConditionTarget::Myself
00_0_0095,0,ItemEffect_000095,Effects[0].Conditions[0].bAtBattleStart,true
00_0_0095,0,ItemEffect_000095,Effects[0].Conditions[0].ExParam.Inequality,EKoratInequalitySignType::NoMoreThan
00_0_0095,0,ItemEffect_000095,Effects[0].ParameterChanging.AddInitialSP,20000
00_0_0095,0,ItemEffect_000095,Effects[0].ResourceChanging.HealSP,20000
00_0_0096,0,ItemEffect_000096,Effects[0].Conditions[0].Target,ESSCharacterItemConditionTarget::Enemy
00_0_0096,0,ItemEffect_000096,Effects[0].Conditions[0].bDPComparison,true
00_0_0096,0,ItemEffect_000096,Effects[0].Conditions[0].DP.Num,1
00_0_0096,0,ItemEffect_000096,Effects[0].Conditions[0].DPComparison.Num,1
00_0_0096,0,ItemEffect_000096,Effects[0].Conditions[0].DPComparison.Inequality,EKoratInequalitySignType::NotLessThan
00_0_0096,0,ItemEffect_000096,Effects[0].Conditions[0].ExParam.Inequality,EKoratInequalitySignType::NoMoreThan
00_0_0096,0,ItemEffect_000096,Effects[0].ParameterChanging.TargetActionDamageScales[0].Key,actPWFF
00_0_0096,0,ItemEffect_000096,Effects[0].ParameterChanging.TargetActionDamageScales[0].Value,0.2
00_0_0096,0,ItemEffect_000096,Effects[0].ParameterChanging.TargetActionDamageScales[1].Key,actPWFFGtN
00_0_0096,0,ItemEffect_000096,Effects[0].ParameterChanging.TargetActionDamageScales[1].Value,0.2
00_0_0096,0,ItemEffect_000096,Effects[0].ParameterChanging.TargetActionDamageScales[2].Key,actPWFFNtG
00_0_0096,0,ItemEffect_000096,Effects[0].ParameterChanging.TargetActionDamageScales[2].Value,0.2
00_0_0096,0,ItemEffect_000096,Effects[0].ParameterChanging.TargetActionDamageScales[3].Key,actCRFNEA
00_0_0096,0,ItemEffect_000096,Effects[0].ParameterChanging.TargetActionDamageScales[3].Value,0.2
00_0_0096,0,ItemEffect_000096,Effects[0].ParameterChanging.TargetActionDamageScales[4].Key,actCRFVEA
00_0_0096,0,ItemEffect_000096,Effects[0].ParameterChanging.TargetActionDamageScales[4].Value,0.2
00_0_0096,0,ItemEffect_000096,Effects[0].ParameterChanging.TargetActionDamageScales[5].Key,actSPF1W
00_0_0096,0,ItemEffect_000096,Effects[0].ParameterChanging.TargetActionDamageScales[5].Value,0.2
00_0_0096,0,ItemEffect_000096,Effects[0].ParameterChanging.TargetActionDamageScales[6].Key,actSPF2W
00_0_0096,0,ItemEffect_000096,Effects[0].ParameterChanging.TargetActionDamageScales[6].Value,0.2
00_0_0096,0,ItemEffect_000096,Effects[0].ParameterChanging.TargetActionDamageScales[7].Key,actBLF1W_B1SSG
00_0_0096,0,ItemEffect_000096,Effects[0].ParameterChanging.TargetActionDamageScales[7].Value,0.2
00_0_0096,0,ItemEffect_000096,Effects[0].ParameterChanging.TargetActionDamageScales[8].Key,actBLF1W_B1SSG2
00_0_0096,0,ItemEffect_000096,Effects[0].ParameterChanging.TargetActionDamageScales[8].Value,0.2
00_0_0096,0,ItemEffect_000096,Effects[0].ParameterChanging.TargetActionDamageScales[9].Key,actBLF1W_B1SSG3
00_0_0096,0,ItemEffect_000096,Effects[0].ParameterChanging.TargetActionDamageScales[9].Value,0.2
00_0_0096,0,ItemEffect_000096,Effects[0].ParameterChanging.TargetActionDamageScales[10].Key,actBLF1W_B1SSGUB
00_0_0096,0,ItemEffect_000096,Effects[0].ParameterChanging.TargetActionDamageScales[10].Value,0.2
00_0_0096,0,ItemEffect_000096,Effects[0].ParameterChanging.TargetActionDamageScales[11].Key,actBLF1W_B1SSGUB2
00_0_0096,0,ItemEffect_000096,Effects[0].ParameterChanging.TargetActionDamageScales[11].Value,0.2
00_0_0096,0,ItemEffect_000096,Effects[0].ParameterChanging.TargetActionDamageScales[12].Key,actBLF2W_B1SSG
00_0_0096,0,ItemEffect_000096,Effects[0].ParameterChanging.TargetActionDamageScales[12].Value,0.2
00_0_0096,0,ItemEffect_000096,Effects[0].ParameterChanging.TargetActionDamageScales[13].Key,actBLF2W_B1SSG2
00_0_0096,0,ItemEffect_000096,Effects[0].ParameterChanging.TargetActionDamageScales[13].Value,0.2
00_0_0096,0,ItemEffect_000096,Effects[0].ParameterChanging.TargetActionDamageScales[14].Key,actBLF2W_B1SSG3
00_0_0096,0,ItemEffect_000096,Effects[0].ParameterChanging.TargetActionDamageScales[14].Value,0.2
00_0_0096,0,ItemEffect_000096,Effects[0].ParameterChanging.TargetActionDamageScales[15].Key,actBLF2W_B1SSGUB
00_0_0096,0,ItemEffect_000096,Effects[0].ParameterChanging.TargetActionDamageScales[15].Value,0.2
00_0_0096,0,ItemEffect_000096,Effects[0].ParameterChanging.TargetActionDamageScales[16].Key,actBLF2W_B1SSGUB2
00_0_0096,0,ItemEffect_000096,Effects[0].ParameterChanging.TargetActionDamageScales[16].Value,0.2
00_0_0096,0,ItemEffect_000096,Effects[0].ParameterChanging.PowerImpactDamageScale,0.2
00_0_0096,0,ItemEffect_000096,Effects[0].ParameterChanging.CrashImpactDamageScale,0.2
00_0_0096,0,ItemEffect_000096,Effects[0].ParameterChanging.BlastImpactDamageScale,0.2
00_0_0096,0,ItemEffect_000096,Effects[0].ParameterChanging.SpeedImpactDamageScale,0.2
00_0_0096,0,ItemEffect_000096,Effects[1].Conditions[0].Target,ESSCharacterItemConditionTarget::Enemy
00_0_0096,0,ItemEffect_000096,Effects[1].Conditions[0].bDPComparison,true
00_0_0096,0,ItemEffect_000096,Effects[1].Conditions[0].DP.Num,1
00_0_0096,0,ItemEffect_000096,Effects[1].Conditions[0].DPComparison.Num,2
00_0_0096,0,ItemEffect_000096,Effects[1].Conditions[0].DPComparison.Inequality,EKoratInequalitySignType::NotLessThan
00_0_0096,0,ItemEffect_000096,Effects[1].Conditions[0].ExParam.Inequality,EKoratInequalitySignType::NoMoreThan
00_0_0096,0,ItemEffect_000096,Effects[1].ParameterChanging.PowerImpactDamageScale,0.2
00_0_0096,0,ItemEffect_000096,Effects[1].ParameterChanging.CrashImpactDamageScale,0.2
00_0_0096,0,ItemEffect_000096,Effects[1].ParameterChanging.BlastImpactDamageScale,0.2
00_0_0096,0,ItemEffect_000096,Effects[1].ParameterChanging.SpeedImpactDamageScale,0.2
00_0_0096,0,ItemEffect_000096,Effects[2].Conditions[0].Target,ESSCharacterItemConditionTarget::Enemy
00_0_0096,0,ItemEffect_000096,Effects[2].Conditions[0].bDPComparison,true
00_0_0096,0,ItemEffect_000096,Effects[2].Conditions[0].DP.Num,1
00_0_0096,0,ItemEffect_000096,Effects[2].Conditions[0].DPComparison.Num,3
00_0_0096,0,ItemEffect_000096,Effects[2].Conditions[0].DPComparison.Inequality,EKoratInequalitySignType::NotLessThan
00_0_0096,0,ItemEffect_000096,Effects[2].Conditions[0].ExParam.Inequality,EKoratInequalitySignType::NoMoreThan
00_0_0096,0,ItemEffect_000096,Effects[2].ParameterChanging.PowerImpactDamageScale,0.2
00_0_0096,0,ItemEffect_000096,Effects[2].ParameterChanging.CrashImpactDamageScale,0.2
00_0_0096,0,ItemEffect_000096,Effects[2].ParameterChanging.BlastImpactDamageScale,0.2
00_0_0096,0,ItemEffect_000096,Effects[2].ParameterChanging.SpeedImpactDamageScale,0.2
00_0_0096,0,ItemEffect_000096,Effects[3].Conditions[0].Target,ESSCharacterItemConditionTarget::Enemy
00_0_0096,0,ItemEffect_000096,Effects[3].Conditions[0].bDPComparison,true
00_0_0096,0,ItemEffect_000096,Effects[3].Conditions[0].DP.Num,1
00_0_0096,0,ItemEffect_000096,Effects[3].Conditions[0].DPComparison.Num,4
00_0_0096,0,ItemEffect_000096,Effects[3].Conditions[0].DPComparison.Inequality,EKoratInequalitySignType::NotLessThan
00_0_0096,0,ItemEffect_000096,Effects[3].Conditions[0].ExParam.Inequality,EKoratInequalitySignType::NoMoreThan
00_0_0096,0,ItemEffect_000096,Effects[3].ParameterChanging.PowerImpactDamageScale,0.2
00_0_0096,0,ItemEffect_000096,Effects[3].ParameterChanging.CrashImpactDamageScale,0.2
00_0_0096,0,ItemEffect_000096,Effects[3].ParameterChanging.BlastImpactDamageScale,0.2
00_0_0096,0,ItemEffect_000096,Effects[3].ParameterChanging.SpeedImpactDamageScale,0.2
00_0_0096,0,ItemEffect_000096,Effects[4].Conditions[0].Target,ESSCharacterItemConditionTarget::Enemy
00_0_0096,0,ItemEffect_000096,Effects[4].Conditions[0].bDPComparison,true
00_0_0096,0,ItemEffect_000096,Effects[4].Conditions[0].DP.Num,1
00_0_0096,0,ItemEffect_000096,Effects[4].Conditions[0].DPComparison.Num,5
00_0_0096,0,ItemEffect_000096,Effects[4].Conditions[0].DPComparison.Inequality,EKoratInequalitySignType::NotLessThan
00_0_0096,0,ItemEffect_000096,Effects[4].Conditions[0].ExParam.Inequality,EKoratInequalitySignType::NoMoreThan
00_0_0096,0,ItemEffect_000096,Effects[4].ParameterChanging.PowerImpactDamageScale,0.2
00_0_0096,0,ItemEffect_000096,Effects[4].ParameterChanging.CrashImpactDamageScale,0.2
00_0_0096,0,ItemEffect_000096,Effects[4].ParameterChanging.BlastImpactDamageScale,0.2
00_0_0096,0,ItemEffect_000096,Effects[4].ParameterChanging.SpeedImpactDamageScale,0.2
00_0_0098,0,ItemEffect_000098,Effects[0].ParameterChanging.GuardCrashSpDamageScale,0.5
00_0_0099,0,ItemEffect_000099,Effects[0].Conditions[0].Target,ESSCharacterItemConditionTarget::Myself
00_0_0099,0,ItemEffect_000099,Effects[0].Conditions[0].bInWater,true
00_0_0099,0,ItemEffect_000099,Effects[0].Conditions[0].ExParam.Inequality,EKoratInequalitySignType::NoMoreThan
00_0_0099,0,ItemEffect_000099,Effects[0].ParameterChanging.HealPerSec,100
00_0_0099,0,ItemEffect_000099,Effects[0].ParameterChanging.HealSPPerSec,100
00_0_0101,0,ItemEffect_000101,Effects[0].Conditions[0].Target,ESSCharacterItemConditionTarget::Myself
00_0_0101,0,ItemEffect_000101,Effects[0].Conditions[0].bDown,true
00_0_0101,0,ItemEffect_000101,Effects[0].Conditions[0].ExParam.Inequality,EKoratInequalitySignType::NoMoreThan
00_0_0101,0,ItemEffect_000101,Effects[0].ParameterChanging.bImitationBuffAvoidance,true
00_0_0102,0,ItemEffect_000102,Effects[0].Conditions[0].Target,ESSCharacterItemConditionTarget::Myself
00_0_0102,0,ItemEffect_000102,Effects[0].Conditions[0].bHPPer,true
00_0_0102,0,ItemEffect_000102,Effects[0].Conditions[0].HPPercent.Num,75
00_0_0102,0,ItemEffect_000102,Effects[0].Conditions[0].ExParam.Inequality,EKoratInequalitySignType::NoMoreThan
00_0_0102,0,ItemEffect_000102,Effects[0].ParameterChanging.CombativesDamageResist,0.025
00_0_0102,0,ItemEffect_000102,Effects[0].ParameterChanging.EnergyDamageResist,0.025
00_0_0102,0,ItemEffect_000102,Effects[1].Conditions[0].Target,ESSCharacterItemConditionTarget::Myself
00_0_0102,0,ItemEffect_000102,Effects[1].Conditions[0].bHPPer,true
00_0_0102,0,ItemEffect_000102,Effects[1].Conditions[0].HPPercent.Num,50
00_0_0102,0,ItemEffect_000102,Effects[1].Conditions[0].ExParam.Inequality,EKoratInequalitySignType::NoMoreThan
00_0_0102,0,ItemEffect_000102,Effects[1].ParameterChanging.CombativesDamageResist,0.05
00_0_0102,0,ItemEffect_000102,Effects[1].ParameterChanging.EnergyDamageResist,0.05
00_0_0102,0,ItemEffect_000102,Effects[2].Conditions[0].Target,ESSCharacterItemConditionTarget::Myself
00_0_0102,0,ItemEffect_000102,Effects[2].Conditions[0].bHPPer,true
00_0_0102,0,ItemEffect_000102,Effects[2].Conditions[0].HPPercent.Num,25
00_0_0102,0,ItemEffect_000102,Effects[2].Conditions[0].ExParam.Inequality,EKoratInequalitySignType::NoMoreThan
00_0_0102,0,ItemEffect_000102,Effects[2].ParameterChanging.CombativesDamageResist,0.075
00_0_0102,0,ItemEffect_000102,Effects[2].ParameterChanging.EnergyDamageResist,0.075
00_0_0103,0,ItemEffect_000103,Effects[0].ParameterChanging.bNoGuardCrash,true
00_0_0104,0,ItemEffect_000104,Effects[0].ParameterChanging.bPerfectAvoidance,true
00_0_0111,0,ItemEffect_000111,Effects[0].ResourceChanging.HealHP,5000
00_0_0112,0,ItemEffect_000112,Effects[0].Conditions[0].Target,ESSCharacterItemConditionTarget::Myself
00_0_0112,0,ItemEffect_000112,Effects[0].Conditions[0].ExParam.Inequality,EKoratInequalitySignType::NoMoreThan
00_0_0112,0,ItemEffect_000112,Effects[0].ResourceChanging.HealSP,10000
00_0_0113,0,ItemEffect_000113,Effects[0].ParameterChanging.CombativesChargeScale,0.02
00_0_0114,0,ItemEffect_000114,Effects[0].ParameterChanging.CombativesChargeScale,0.03
00_0_0115,0,ItemEffect_000115,Effects[0].ParameterChanging.CombativesChargeScale,0.05
00_0_0116,0,ItemEffect_000116,Effects[0].ParameterChanging.BulletExpendEnergyScale,-0.02
00_0_0117,0,ItemEffect_000117,Effects[0].ParameterChanging.BulletExpendEnergyScale,-0.03
00_0_0118,0,ItemEffect_000118,Effects[0].ParameterChanging.BulletExpendEnergyScale,-0.05
00_0_0119,0,ItemEffect_000119,Effects[0].ParameterChanging.BulletChargeScale,0.02
00_0_0120,0,ItemEffect_000120,Effects[0].ParameterChanging.BulletChargeScale,0.03
00_0_0121,0,ItemEffect_000121,Effects[0].ParameterChanging.BulletChargeScale,0.05
00_0_0122,0,ItemEffect_000122,Effects[0].Conditions[0].Target,ESSCharacterItemConditionTarget::Myself
00_0_0122,0,ItemEffect_000122,Effects[0].Conditions[0].ExParam.Inequality,EKoratInequalitySignType::NoMoreThan
00_0_0122,0,ItemEffect_000122,Effects[0].ParameterChanging.VanishingAssaultExpendSpScale,-0.15
00_0_0123,0,ItemEffect_000034,Effects[0].ParameterChanging.CombativesArmorLevelUp,3
00_0_0123,1,ItemEffect_000123,Effects[0].ParameterChanging.CombativesDamageResist,-0.2
00_0_0123,1,ItemEffect_000123,Effects[0].ParameterChanging.EnergyDamageResist,-0.1
00_0_0124,0,ItemEffect_000124,Effects[0].ParameterChanging.ShortDashSpCostScale,-0.2
00_0_0124,0,ItemEffect_000124,Effects[0].ParameterChanging.CancelShortDashSpCostScale,-0.2
00_0_0125,0,ItemEffect_000125_1,Effects[0].Conditions[0].Target,ESSCharacterItemConditionTarget::Myself
00_0_0125,0,ItemEffect_000125_1,Effects[0].Conditions[0].ExParam.Inequality,EKoratInequalitySignType::NoMoreThan
00_0_0125,0,ItemEffect_000125_1,Effects[0].ParameterChanging.NumbRecoverySpeedScale,0.2
00_0_0125,1,ItemEffect_000125_2,Effects[0].Conditions[0].Target,ESSCharacterItemConditionTarget::Myself
00_0_0125,1,ItemEffect_000125_2,Effects[0].Conditions[0].ExParam.Inequality,EKoratInequalitySignType::NoMoreThan
00_0_0125,1,ItemEffect_000125_2,Effects[0].Target,ESSCharacterItemTarget::Enemy
00_0_0125,1,ItemEffect_000125_2,Effects[0].ParameterChanging.NumbRecoverySpeedScale,-0.2
00_0_0126,0,ItemEffect_000126,Effects[0].ParameterChanging.DragonDashSpCostScale,-0.25
00_0_0126,1,ItemEffect_000127,Effects[0].ParameterChanging.SPAutoRecoveryScale,-0.05
00_0_0127,0,ItemEffect_000126,Effects[0].ParameterChanging.DragonDashSpCostScale,-0.25
00_0_0128,0,ItemEffect_000128,Effects[0].Conditions[0].Target,ESSCharacterItemConditionTarget::Myself
00_0_0128,0,ItemEffect_000128,Effects[0].Conditions[0].bAtCharacterEntry,true
00_0_0128,0,ItemEffect_000128,Effects[0].Conditions[0].ExParam.Inequality,EKoratInequalitySignType::NoMoreThan
00_0_0128,0,ItemEffect_000128,Effects[0].ResourceChanging.Sparking,true
00_0_0128,0,ItemEffect_000128,Effects[0].DestroySameItemInTeam,true
00_0_0129,0,ItemEffect_000129,Effects[0].ParameterChanging.ComboDamageScalingEffectScale,-0.025
00_0_0130,0,ItemEffect_000130,Effects[0].ParameterChanging.ComboDamageScalingEffectScale,-0.05
00_0_0131,0,ItemEffect_000054,Effects[0].ParameterChanging.BrastExpendSpScale,-0.5
00_0_0131,1,ItemEffect_000131,Effects[0].Conditions[0].Target,ESSCharacterItemConditionTarget::Myself
00_0_0131,1,ItemEffect_000131,Effects[0].Conditions[0].bAtNoHitBlast,true
00_0_0131,1,ItemEffect_000131,Effects[0].Conditions[0].ExParam.Inequality,EKoratInequalitySignType::NoMoreThan
00_0_0131,1,ItemEffect_000131,Effects[0].ResourceChanging.HealSP,10000
00_0_0132,0,ItemEffect_000132,Effects[0].ParameterChanging.SparkingModeGaugeDecreaseSpeedScale,-0.15
00_0_0132,1,ItemEffect_000123,Effects[0].ParameterChanging.CombativesDamageResist,-0.2
00_0_0132,1,ItemEffect_000123,Effects[0].ParameterChanging.EnergyDamageResist,-0.1
00_0_0133,0,ItemEffect_000133,Effects[0].ParameterChanging.SparkingModeGaugeDecreaseSpeedScale,-0.15
00_0_0134,0,ItemEffect_000134,Effects[0].ParameterChanging.AddPursuitLimitDragonHoming,1
00_0_0135,0,ItemEffect_000135,Effects[0].ParameterChanging.TargetActionDamageScales[0].Key,actDSMM
00_0_0135,0,ItemEffect_000135,Effects[0].ParameterChanging.TargetActionDamageScales[0].Value,0.05
00_0_0135,0,ItemEffect_000135,Effects[0].ParameterChanging.TargetActionDamageScales[1].Key,actDSMU
00_0_0135,0,ItemEffect_000135,Effects[0].ParameterChanging.TargetActionDamageScales[1].Value,0.05
00_0_0135,0,ItemEffect_000135,Effects[0].ParameterChanging.TargetActionDamageScales[2].Key,actDSMD
00_0_0135,0,ItemEffect_000135,Effects[0].ParameterChanging.TargetActionDamageScales[2].Value,0.05
00_0_0135,0,ItemEffect_000135,Effects[0].ParameterChanging.TargetActionDamageScales[3].Key,actDSML
00_0_0135,0,ItemEffect_000135,Effects[0].ParameterChanging.TargetActionDamageScales[3].Value,0.05
00_0_0135,0,ItemEffect_000135,Effects[0].ParameterChanging.TargetActionDamageScales[4].Key,actDSMR
00_0_0135,0,ItemEffect_000135,Effects[0].ParameterChanging.TargetActionDamageScales[4].Value,0.05
00_0_0136,0,ItemEffect_000136,Effects[0].ParameterChanging.AddPursuitLimitVanishingAttack,1
00_0_0137,0,ItemEffect_000137,Effects[0].ParameterChanging.TargetActionDamageScales[0].Key,actVAAM
00_0_0137,0,ItemEffect_000137,Effects[0].ParameterChanging.TargetActionDamageScales[0].Value,0.05
00_0_0137,0,ItemEffect_000137,Effects[0].ParameterChanging.TargetActionDamageScales[1].Key,actVAAU
00_0_0137,0,ItemEffect_000137,Effects[0].ParameterChanging.TargetActionDamageScales[1].Value,0.05
00_0_0137,0,ItemEffect_000137,Effects[0].ParameterChanging.TargetActionDamageScales[2].Key,actVAAD
00_0_0137,0,ItemEffect_000137,Effects[0].ParameterChanging.TargetActionDamageScales[2].Value,0.05
00_0_0137,0,ItemEffect_000137,Effects[0].ParameterChanging.TargetActionDamageScales[3].Key,actVAAL
00_0_0137,0,ItemEffect_000137,Effects[0].ParameterChanging.TargetActionDamageScales[3].Value,0.05
00_0_0137,0,ItemEffect_000137,Effects[0].ParameterChanging.TargetActionDamageScales[4].Key,actVAAR
00_0_0137,0,ItemEffect_000137,Effects[0].ParameterChanging.TargetActionDamageScales[4].Value,0.05
00_0_0138,0,ItemEffect_000138,Effects[0].Conditions[0].Target,ESSCharacterItemConditionTarget::Myself
00_0_0138,0,ItemEffect_000138,Effects[0].Conditions[0].bAtBattleStart,true
00_0_0138,0,ItemEffect_000138,Effects[0].Conditions[0].ExParam.Inequality,EKoratInequalitySignType::NoMoreThan
00_0_0138,0,ItemEffect_000138,Effects[0].ResourceChanging.HealBlastStock,1
00_0_0139,0,ItemEffect_000139,Effects[0].ParameterChanging.RushBulletSpeedScale,0.05
00_0_0140,0,ItemEffect_000140,Effects[0].ParameterChanging.AddRushBulletNum,2
00_0_0140,0,ItemEffect_000140,Effects[0].ParameterChanging.AddRushBulletLimit,2
00_0_0141,0,ItemEffect_000006,Effects[0].ParameterChanging.RushDamageScale,0.05
00_0_0141,1,ItemEffect_000012,Effects[0].ParameterChanging.SmashDamageScale,0.05
00_0_0141,1,ItemEffect_000012,Effects[0].ParameterChanging.ComboAttackDamageScale,0.05
00_0_0141,2,ItemEffect_000141,Effects[0].ParameterChanging.AddLife,-5000
00_0_0142,0,ItemEffect_000139,Effects[0].ParameterChanging.RushBulletSpeedScale,0.05
00_0_0142,1,ItemEffect_000118,Effects[0].ParameterChanging.BulletExpendEnergyScale,-0.05
00_0_0142,2,ItemEffect_000141,Effects[0].ParameterChanging.AddLife,-5000
00_0_0143,0,ItemEffect_000143,Effects[0].ParameterChanging.ThrowDamageScale,0.05
00_0_0144,0,ItemEffect_000145,Effects[0].ParameterChanging.HighSpeedMoveExpendSpScale,-0.25
00_0_0144,1,ItemEffect_000144,Effects[0].ParameterChanging.CombativesDamageResist,-0.2
00_0_0144,1,ItemEffect_000144,Effects[0].ParameterChanging.EnergyDamageResist,-0.2
00_0_0144,1,ItemEffect_000144,Effects[0].ParameterChanging.ShaveDamageResist,-0.2
00_0_0145,0,ItemEffect_000145,Effects[0].ParameterChanging.HighSpeedMoveExpendSpScale,-0.25
00_0_0146,0,ItemEffect_000146,Effects[0].ParameterChanging.SuperHighSpeedMoveExpendSpScale,-0.25
00_0_0146,1,ItemEffect_000144,Effects[0].ParameterChanging.CombativesDamageResist,-0.2
00_0_0146,1,ItemEffect_000144,Effects[0].ParameterChanging.EnergyDamageResist,-0.2
00_0_0146,1,ItemEffect_000144,Effects[0].ParameterChanging.ShaveDamageResist,-0.2
00_0_0147,0,ItemEffect_000147,Effects[0].ParameterChanging.SuperHighSpeedMoveExpendSpScale,-0.25
00_0_0148,0,ItemEffect_000148,Effects[0].Conditions[0].Target,ESSCharacterItemConditionTarget::Myself
00_0_0148,0,ItemEffect_000148,Effects[0].Conditions[0].bPassingEmoteTime,true
00_0_0148,0,ItemEffect_000148,Effects[0].Conditions[0].ExParam.Inequality,EKoratInequalitySignType::NoMoreThan
00_0_0148,0,ItemEffect_000148,Effects[0].Conditions[0].EmoteTime,1.5
00_0_0148,0,ItemEffect_000148,Effects[0].Buff,Buff_Common_080_Item
00_0_0149,0,ItemEffect_000149,Effects[0].Conditions[0].Target,ESSCharacterItemConditionTarget::Myself
00_0_0149,0,ItemEffect_000149,Effects[0].Conditions[0].bAtFastAvoidanceBlast,true
00_0_0149,0,ItemEffect_000149,Effects[0].Conditions[0].ExParam.Inequality,EKoratInequalitySignType::NoMoreThan
00_0_0149,0,ItemEffect_000149,Effects[0].ResourceChanging.HealBlastGauge,0.25
00_0_0150,0,ItemEffect_000150,Effects[0].ParameterChanging.AddLife,5000
00_0_0151,0,ItemEffect_000151,Effects[0].ParameterChanging.AddLife,7500
00_0_0152,0,ItemEffect_000005,Effects[0].ParameterChanging.RushDamageScale,0.025
00_0_0152,1,ItemEffect_000011,Effects[0].ParameterChanging.SmashDamageScale,0.025
00_0_0152,1,ItemEffect_000011,Effects[0].ParameterChanging.ComboAttackDamageScale,0.025
00_0_0152,2,ItemEffect_000014,Effects[0].ParameterChanging.RushBulletDamageScale,0.025
00_0_0152,2,ItemEffect_000014,Effects[0].ParameterChanging.SmashBulletDamageScale,0.025
00_0_0153,0,ItemEffect_000031,Effects[0].Conditions[0].Target,ESSCharacterItemConditionTarget::Myself
00_0_0153,0,ItemEffect_000031,Effects[0].Conditions[0].bSparking,true
00_0_0153,0,ItemEffect_000031,Effects[0].Conditions[0].ExParam.Inequality,EKoratInequalitySignType::NoMoreThan
00_0_0153,0,ItemEffect_000031,Effects[0].ParameterChanging.RushDamageScale,0.05
00_0_0153,1,ItemEffect_000059,Effects[0].ParameterChanging.SparkingModeGaugeDecreaseSpeedScale,-0.05
00_0_0154,0,ItemEffect_000028,Effects[0].ParameterChanging.BlastDamageScale,0.025
00_0_0154,0,ItemEffect_000028,Effects[0].ParameterChanging.BlastUltimateDamageScale,0.025
00_0_0154,0,ItemEffect_000028,Effects[0].ParameterChanging.BlastComboDamageScale,0.025
00_0_0154,1,ItemEffect_000039,Effects[0].ParameterChanging.AttackEnergyGainScale,0.1
00_0_0155,0,ItemEffect_000071,Effects[0].ParameterChanging.ForbidParam.bCannotStyleChange,true
00_0_1000,0,ItemEffect_001000,Effects[0].ParameterChanging.bImmortal,true
00_0_1001,0,ItemEffect_001001,Effects[0].ParameterChanging.ForbidParam.bCannotBlastSkillSlot1,true
00_0_1002,0,ItemEffect_001002,Effects[0].ParameterChanging.ForbidParam.bCannotBlastSkillSlot2,true
00_0_1003,0,ItemEffect_001003,Effects[0].ParameterChanging.ForbidParam.bCannotBlastUlt,true
00_0_1004,0,ItemEffect_001004,Effects[0].ParameterChanging.ForbidParam.bCannotBlastForteSlot1,true
00_0_1005,0,ItemEffect_001005,Effects[0].ParameterChanging.ForbidParam.bCannotBlastForteSlot2,true
00_0_1006,0,ItemEffect_001006,Effects[0].ParameterChanging.ChangeCanFly,EKoratCharacterFlyChangeType::CannotFly
00_0_1007,0,ItemEffect_001007,Effects[0].ParameterChanging.HealSPPerSec,-500
00_0_1008,0,ItemEffect_001008,Effects[0].ParameterChanging.RushDamageScale,1
00_0_1008,0,ItemEffect_001008,Effects[0].ParameterChanging.SmashDamageScale,1
00_0_1008,0,ItemEffect_001008,Effects[0].ParameterChanging.ComboAttackDamageScale,1
00_0_1008,0,ItemEffect_001008,Effects[0].ParameterChanging.ThrowDamageScale,1
00_0_1008,0,ItemEffect_001008,Effects[0].ParameterChanging.ParryDamageScale,1
00_0_1008,0,ItemEffect_001008,Effects[0].ParameterChanging.PursuitDamageScale,1
00_0_1008,0,ItemEffect_001008,Effects[0].ParameterChanging.RushBulletDamageScale,1
00_0_1008,0,ItemEffect_001008,Effects[0].ParameterChanging.SmashBulletDamageScale,1
00_0_1008,0,ItemEffect_001008,Effects[0].ParameterChanging.BlastForteDamageScale,1
00_0_1008,0,ItemEffect_001008,Effects[0].ParameterChanging.BlastDamageScale,1
00_0_1008,0,ItemEffect_001008,Effects[0].ParameterChanging.BlastUltimateDamageScale,1
00_0_1008,0,ItemEffect_001008,Effects[0].ParameterChanging.BlastComboDamageScale,1
00_0_1009,0,ItemEffect_001009,Effects[0].ParameterChanging.RushDamageScale,0.5
00_0_1009,0,ItemEffect_001009,Effects[0].ParameterChanging.SmashDamageScale,0.5
00_0_1009,0,ItemEffect_001009,Effects[0].ParameterChanging.ComboAttackDamageScale,0.5
00_0_1009,0,ItemEffect_001009,Effects[0].ParameterChanging.ThrowDamageScale,0.5
00_0_1009,0,ItemEffect_001009,Effects[0].ParameterChanging.ParryDamageScale,0.5
00_0_1009,0,ItemEffect_001009,Effects[0].ParameterChanging.PursuitDamageScale,0.5
00_0_1009,0,ItemEffect_001009,Effects[0].ParameterChanging.RushBulletDamageScale,0.5
00_0_1009,0,ItemEffect_001009,Effects[0].ParameterChanging.SmashBulletDamageScale,0.5
00_0_1009,0,ItemEffect_001009,Effects[0].ParameterChanging.BlastForteDamageScale,0.5
00_0_1009,0,ItemEffect_001009,Effects[0].ParameterChanging.BlastDamageScale,0.5
00_0_1009,0,ItemEffect_001009,Effects[0].ParameterChanging.BlastUltimateDamageScale,0.5
00_0_1009,0,ItemEffect_001009,Effects[0].ParameterChanging.BlastComboDamageScale,0.5
00_0_1010,0,ItemEffect_001010,Effects[0].ParameterChanging.RushDamageScale,0.25
00_0_1010,0,ItemEffect_001010,Effects[0].ParameterChanging.SmashDamageScale,0.25
00_0_1010,0,ItemEffect_001010,Effects[0].ParameterChanging.ComboAttackDamageScale,0.25
00_0_1010,0,ItemEffect_001010,Effects[0].ParameterChanging.ThrowDamageScale,0.25
00_0_1010,0,ItemEffect_001010,Effects[0].ParameterChanging.ParryDamageScale,0.25
00_0_1010,0,ItemEffect_001010,Effects[0].ParameterChanging.PursuitDamageScale,0.25
00_0_1010,0,ItemEffect_001010,Effects[0].ParameterChanging.RushBulletDamageScale,0.25
00_0_1010,0,ItemEffect_001010,Effects[0].ParameterChanging.SmashBulletDamageScale,0.25
00_0_1010,0,ItemEffect_001010,Effects[0].ParameterChanging.BlastForteDamageScale,0.25
00_0_1010,0,ItemEffect_001010,Effects[0].ParameterChanging.BlastDamageScale,0.25
00_0_1010,0,ItemEffect_001010,Effects[0].ParameterChanging.BlastUltimateDamageScale,0.25
00_0_1010,0,ItemEffect_001010,Effects[0].ParameterChanging.BlastComboDamageScale,0.25
00_0_1011,0,ItemEffect_001011,Effects[0].ParameterChanging.RushDamageScale,0.1
00_0_1011,0,ItemEffect_001011,Effects[0].ParameterChanging.SmashDamageScale,0.1
00_0_1011,0,ItemEffect_001011,Effects[0].ParameterChanging.ComboAttackDamageScale,0.1
00_0_1011,0,ItemEffect_001011,Effects[0].ParameterChanging.ThrowDamageScale,0.1
00_0_1011,0,ItemEffect_001011,Effects[0].ParameterChanging.ParryDamageScale,0.1
00_0_1011,0,ItemEffect_001011,Effects[0].ParameterChanging.PursuitDamageScale,0.1
00_0_1011,0,ItemEffect_001011,Effects[0].ParameterChanging.RushBulletDamageScale,0.1
00_0_1011,0,ItemEffect_001011,Effects[0].ParameterChanging.SmashBulletDamageScale,0.1
00_0_1011,0,ItemEffect_001011,Effects[0].ParameterChanging.BlastForteDamageScale,0.1
00_0_1011,0,ItemEffect_001011,Effects[0].ParameterChanging.BlastDamageScale,0.1
00_0_1011,0,ItemEffect_001011,Effects[0].ParameterChanging.BlastUltimateDamageScale,0.1
00_0_1011,0,ItemEffect_001011,Effects[0].ParameterChanging.BlastComboDamageScale,0.1
00_0_1012,0,ItemEffect_001012,Effects[0].ParameterChanging.RushDamageScale,-0.025
00_0_1012,0,ItemEffect_001012,Effects[0].ParameterChanging.SmashDamageScale,-0.025
00_0_1012,0,ItemEffect_001012,Effects[0].ParameterChanging.ComboAttackDamageScale,-0.025
00_0_1012,0,ItemEffect_001012,Effects[0].ParameterChanging.ThrowDamageScale,-0.025
00_0_1012,0,ItemEffect_001012,Effects[0].ParameterChanging.ParryDamageScale,-0.025
00_0_1012,0,ItemEffect_001012,Effects[0].ParameterChanging.PursuitDamageScale,-0.025
00_0_1012,0,ItemEffect_001012,Effects[0].ParameterChanging.RushBulletDamageScale,-0.025
00_0_1012,0,ItemEffect_001012,Effects[0].ParameterChanging.SmashBulletDamageScale,-0.025
00_0_1012,0,ItemEffect_001012,Effects[0].ParameterChanging.BlastForteDamageScale,-0.025
00_0_1012,0,ItemEffect_001012,Effects[0].ParameterChanging.BlastDamageScale,-0.025
00_0_1012,0,ItemEffect_001012,Effects[0].ParameterChanging.BlastUltimateDamageScale,-0.025
00_0_1012,0,ItemEffect_001012,Effects[0].ParameterChanging.BlastComboDamageScale,-0.025
00_0_1013,0,ItemEffect_001013,Effects[0].ParameterChanging.RushDamageScale,-0.05
00_0_1013,0,ItemEffect_001013,Effects[0].ParameterChanging.SmashDamageScale,-0.05
00_0_1013,0,ItemEffect_001013,Effects[0].ParameterChanging.ComboAttackDamageScale,-0.05
00_0_1013,0,ItemEffect_001013,Effects[0].ParameterChanging.ThrowDamageScale,-0.05
00_0_1013,0,ItemEffect_001013,Effects[0].ParameterChanging.ParryDamageScale,-0.05
00_0_1013,0,ItemEffect_001013,Effects[0].ParameterChanging.PursuitDamageScale,-0.05
00_0_1013,0,ItemEffect_001013,Effects[0].ParameterChanging.RushBulletDamageScale,-0.05
00_0_1013,0,ItemEffect_001013,Effects[0].ParameterChanging.SmashBulletDamageScale,-0.05
00_0_1013,0,ItemEffect_001013,Effects[0].ParameterChanging.BlastForteDamageScale,-0.05
00_0_1013,0,ItemEffect_001013,Effects[0].ParameterChanging.BlastDamageScale,-0.05
00_0_1013,0,ItemEffect_001013,Effects[0].ParameterChanging.BlastUltimateDamageScale,-0.05
00_0_1013,0,ItemEffect_001013,Effects[0].ParameterChanging.BlastComboDamageScale,-0.05
00_0_1014,0,ItemEffect_001014,Effects[0].ParameterChanging.RushDamageScale,-0.075
00_0_1014,0,ItemEffect_001014,Effects[0].ParameterChanging.SmashDamageScale,-0.075
00_0_1014,0,ItemEffect_001014,Effects[0].ParameterChanging.ComboAttackDamageScale,-0.075
00_0_1014,0,ItemEffect_001014,Effects[0].ParameterChanging.ThrowDamageScale,-0.075
00_0_1014,0,ItemEffect_001014,Effects[0].ParameterChanging.ParryDamageScale,-0.075
00_0_1014,0,ItemEffect_001014,Effects[0].ParameterChanging.PursuitDamageScale,-0.075
00_0_1014,0,ItemEffect_001014,Effects[0].ParameterChanging.RushBulletDamageScale,-0.075
00_0_1014,0,ItemEffect_001014,Effects[0].ParameterChanging.SmashBulletDamageScale,-0.075
00_0_1014,0,ItemEffect_001014,Effects[0].ParameterChanging.BlastForteDamageScale,-0.075
00_0_1014,0,ItemEffect_001014,Effects[0].ParameterChanging.BlastDamageScale,-0.075
00_0_1014,0,ItemEffect_001014,Effects[0].ParameterChanging.BlastUltimateDamageScale,-0.075
00_0_1014,0,ItemEffect_001014,Effects[0].ParameterChanging.BlastComboDamageScale,-0.075
00_0_1015,0,ItemEffect_001015,Effects[0].ParameterChanging.CombativesDamageResist,-0.025
00_0_1015,0,ItemEffect_001015,Effects[0].ParameterChanging.EnergyDamageResist,-0.025
00_0_1015,0,ItemEffect_001015,Effects[0].ParameterChanging.ShaveDamageResist,-0.025
00_0_1016,0,ItemEffect_001016,Effects[0].ParameterChanging.CombativesDamageResist,-0.05
00_0_1016,0,ItemEffect_001016,Effects[0].ParameterChanging.EnergyDamageResist,-0.05
00_0_1016,0,ItemEffect_001016,Effects[0].ParameterChanging.ShaveDamageResist,-0.05
00_0_1017,0,ItemEffect_001017,Effects[0].ParameterChanging.CombativesDamageResist,-0.075
00_0_1017,0,ItemEffect_001017,Effects[0].ParameterChanging.EnergyDamageResist,-0.075
00_0_1017,0,ItemEffect_001017,Effects[0].ParameterChanging.ShaveDamageResist,-0.075
00_0_1018,0,ItemEffect_001018,Effects[0].ParameterChanging.RushHighSpeedMoveExpendSpScale,-0.5
00_0_1019,0,ItemEffect_001019,Effects[0].ParameterChanging.RushHighSpeedMoveExpendSpScale,-1
00_0_1020,0,ItemEffect_001020,Effects[0].ParameterChanging.ForbidParam.bCannotEnergyBullet,true
00_0_1021,0,ItemEffect_001021,Effects[0].ParameterChanging.CombativesDamageResist,10000000
00_0_1021,0,ItemEffect_001021,Effects[0].ParameterChanging.EnergyDamageResist,10000000
00_0_1021,0,ItemEffect_001021,Effects[0].ParameterChanging.ShaveDamageResist,10000000
00_0_1021,0,ItemEffect_001021,Effects[0].ParameterChanging.SelfDamageResist,10000000
00_0_1021,0,ItemEffect_001021,Effects[0].ParameterChanging.DestructedDamageResist,10000000
00_0_1022,0,ItemEffect_001022,Effects[0].ParameterChanging.SPChargeSpeedScale,0.25
00_0_1023,0,ItemEffect_001023,Effects[0].ParameterChanging.SPChargeSpeedScale,0.5
00_0_1024,0,ItemEffect_001024,Effects[0].ParameterChanging.SPAutoRecoveryScale,0.5
00_0_1025,0,ItemEffect_001025,Effects[0].ParameterChanging.ForbidParam.bCannotCharacterTaketurns,true
00_0_1026,0,ItemEffect_001026,Effects[0].Conditions[0].Target,ESSCharacterItemConditionTarget::Myself
00_0_1026,0,ItemEffect_001026,Effects[0].Conditions[0].bEx,true
00_0_1026,0,ItemEffect_001026,Effects[0].Conditions[0].ExParam.Num,1
00_0_1026,0,ItemEffect_001026,Effects[0].Conditions[0].ExParam.Inequality,EKoratInequalitySignType::NotLessThan
00_0_1026,0,ItemEffect_001026,Effects[0].ParameterChanging.Blast1DamageScale,0.05
00_0_1026,0,ItemEffect_001026,Effects[1].Conditions[0].Target,ESSCharacterItemConditionTarget::Myself
00_0_1026,0,ItemEffect_001026,Effects[1].Conditions[0].bEx,true
00_0_1026,0,ItemEffect_001026,Effects[1].Conditions[0].ExParam.Num,5
00_0_1026,0,ItemEffect_001026,Effects[1].Conditions[0].ExParam.Inequality,EKoratInequalitySignType::NotLessThan
00_0_1026,0,ItemEffect_001026,Effects[1].ParameterChanging.Blast1DamageScale,0.05
00_0_1026,0,ItemEffect_001026,Effects[1].VoiceSoundCueID,-1
00_0_1026,0,ItemEffect_001026,Effects[2].Conditions[0].Target,ESSCharacterItemConditionTarget::Myself
00_0_1026,0,ItemEffect_001026,Effects[2].Conditions[0].bEx,true
00_0_1026,0,ItemEffect_001026,Effects[2].Conditions[0].ExParam.Num,10
00_0_1026,0,ItemEffect_001026,Effects[2].Conditions[0].ExParam.Inequality,EKoratInequalitySignType::NotLessThan
00_0_1026,0,ItemEffect_001026,Effects[2].ParameterChanging.Blast1DamageScale,0.05
00_0_1026,0,ItemEffect_001026,Effects[2].VoiceSoundCueID,-1
00_0_1026,0,ItemEffect_001026,Effects[3].Conditions[0].Target,ESSCharacterItemConditionTarget::Myself
00_0_1026,0,ItemEffect_001026,Effects[3].Conditions[0].bEx,true
00_0_1026,0,ItemEffect_001026,Effects[3].Conditions[0].ExParam.Num,15
00_0_1026,0,ItemEffect_001026,Effects[3].Conditions[0].ExParam.Inequality,EKoratInequalitySignType::NotLessThan
00_0_1026,0,ItemEffect_001026,Effects[3].ParameterChanging.Blast1DamageScale,0.05
00_0_1026,0,ItemEffect_001026,Effects[3].VoiceSoundCueID,-1
00_0_1026,0,ItemEffect_001026,Effects[4].Conditions[0].Target,ESSCharacterItemConditionTarget::Myself
00_0_1026,0,ItemEffect_001026,Effects[4].Conditions[0].bEx,true
00_0_1026,0,ItemEffect_001026,Effects[4].Conditions[0].ExParam.Num,20
00_0_1026,0,ItemEffect_001026,Effects[4].Conditions[0].ExParam.Inequality,EKoratInequalitySignType::NotLessThan
00_0_1026,0,ItemEffect_001026,Effects[4].ParameterChanging.Blast1DamageScale,0.05
00_0_1026,0,ItemEffect_001026,Effects[4].VoiceSoundCueID,-1
00_0_1027,0,ItemEffect_001027,Effects[0].Conditions[0].Target,ESSCharacterItemConditionTarget::Myself
00_0_1027,0,ItemEffect_001027,Effects[0].Conditions[0].bEx,true
00_0_1027,0,ItemEffect_001027,Effects[0].Conditions[0].ExParam.Num,1
00_0_1027,0,ItemEffect_001027,Effects[0].Conditions[0].ExParam.Inequality,EKoratInequalitySignType::NotLessThan
00_0_1027,0,ItemEffect_001027,Effects[0].ParameterChanging.BlastUltimateDamageScale,0.05
00_0_1027,0,ItemEffect_001027,Effects[1].Conditions[0].Target,ESSCharacterItemConditionTarget::Myself
00_0_1027,0,ItemEffect_001027,Effects[1].Conditions[0].bEx,true
00_0_1027,0,ItemEffect_001027,Effects[1].Conditions[0].ExParam.Num,5
00_0_1027,0,ItemEffect_001027,Effects[1].Conditions[0].ExParam.Inequality,EKoratInequalitySignType::NotLessThan
00_0_1027,0,ItemEffect_001027,Effects[1].ParameterChanging.BlastUltimateDamageScale,0.05
00_0_1027,0,ItemEffect_001027,Effects[2].Conditions[0].Target,ESSCharacterItemConditionTarget::Myself
00_0_1027,0,ItemEffect_001027,Effects[2].Conditions[0].bEx,true
00_0_1027,0,ItemEffect_001027,Effects[2].Conditions[0].ExParam.Num,10
00_0_1027,0,ItemEffect_001027,Effects[2].Conditions[0].ExParam.Inequality,EKoratInequalitySignType::NotLessThan
00_0_1027,0,ItemEffect_001027,Effects[2].ParameterChanging.BlastUltimateDamageScale,0.05
00_0_1027,0,ItemEffect_001027,Effects[3].Conditions[0].Target,ESSCharacterItemConditionTarget::Myself
00_0_1027,0,ItemEffect_001027,Effects[3].Conditions[0].bEx,true
00_0_1027,0,ItemEffect_001027,Effects[3].Conditions[0].ExParam.Num,15
00_0_1027,0,ItemEffect_001027,Effects[3].Conditions[0].ExParam.Inequality,EKoratInequalitySignType::NotLessThan
00_0_1027,0,ItemEffect_001027,Effects[3].ParameterChanging.BlastUltimateDamageScale,0.05
00_0_1027,0,ItemEffect_001027,Effects[4].Conditions[0].Target,ESSCharacterItemConditionTarget::Myself
00_0_1027,0,ItemEffect_001027,Effects[4].Conditions[0].bEx,true
00_0_1027,0,ItemEffect_001027,Effects[4].Conditions[0].ExParam.Num,20
00_0_1027,0,ItemEffect_001027,Effects[4].Conditions[0].ExParam.Inequality,EKoratInequalitySignType::NotLessThan
00_0_1027,0,ItemEffect_001027,Effects[4].ParameterChanging.BlastUltimateDamageScale,0.05
00_0_1028,0,ItemEffect_001028,Effects[0].Conditions[0].Target,ESSCharacterItemConditionTarget::Myself
00_0_1028,0,ItemEffect_001028,Effects[0].Conditions[0].bEx,true
00_0_1028,0,ItemEffect_001028,Effects[0].Conditions[0].ExParam.Num,1
00_0_1028,0,ItemEffect_001028,Effects[0].Conditions[0].ExParam.Inequality,EKoratInequalitySignType::NotLessThan
00_0_1028,0,ItemEffect_001028,Effects[0].ParameterChanging.RushBulletDamageScale,0.05
00_0_1028,0,ItemEffect_001028,Effects[0].ParameterChanging.SmashBulletDamageScale,0.05
00_0_1028,0,ItemEffect_001028,Effects[1].Conditions[0].Target,ESSCharacterItemConditionTarget::Myself
00_0_1028,0,ItemEffect_001028,Effects[1].Conditions[0].bEx,true
00_0_1028,0,ItemEffect_001028,Effects[1].Conditions[0].ExParam.Num,5
00_0_1028,0,ItemEffect_001028,Effects[1].Conditions[0].ExParam.Inequality,EKoratInequalitySignType::NotLessThan
00_0_1028,0,ItemEffect_001028,Effects[1].ParameterChanging.RushBulletDamageScale,0.05
00_0_1028,0,ItemEffect_001028,Effects[1].ParameterChanging.SmashBulletDamageScale,0.05
00_0_1028,0,ItemEffect_001028,Effects[2].Conditions[0].Target,ESSCharacterItemConditionTarget::Myself
00_0_1028,0,ItemEffect_001028,Effects[2].Conditions[0].bEx,true
00_0_1028,0,ItemEffect_001028,Effects[2].Conditions[0].ExParam.Num,10
00_0_1028,0,ItemEffect_001028,Effects[2].Conditions[0].ExParam.Inequality,EKoratInequalitySignType::NotLessThan
00_0_1028,0,ItemEffect_001028,Effects[2].ParameterChanging.RushBulletDamageScale,0.05
00_0_1028,0,ItemEffect_001028,Effects[2].ParameterChanging.SmashBulletDamageScale,0.05
00_0_1028,0,ItemEffect_001028,Effects[3].Conditions[0].Target,ESSCharacterItemConditionTarget::Myself
00_0_1028,0,ItemEffect_001028,Effects[3].Conditions[0].bEx,true
00_0_1028,0,ItemEffect_001028,Effects[3].Conditions[0].ExParam.Num,15
00_0_1028,0,ItemEffect_001028,Effects[3].Conditions[0].ExParam.Inequality,EKoratInequalitySignType::NotLessThan
00_0_1028,0,ItemEffect_001028,Effects[3].ParameterChanging.RushBulletDamageScale,0.05
00_0_1028,0,ItemEffect_001028,Effects[3].ParameterChanging.SmashBulletDamageScale,0.05
00_0_1028,0,ItemEffect_001028,Effects[4].Conditions[0].Target,ESSCharacterItemConditionTarget::Myself
00_0_1028,0,ItemEffect_001028,Effects[4].Conditions[0].bEx,true
00_0_1028,0,ItemEffect_001028,Effects[4].Conditions[0].ExParam.Num,20
00_0_1028,0,ItemEffect_001028,Effects[4].Conditions[0].ExParam.Inequality,EKoratInequalitySignType::NotLessThan
00_0_1028,0,ItemEffect_001028,Effects[4].ParameterChanging.RushBulletDamageScale,0.05
00_0_1028,0,ItemEffect_001028,Effects[4].ParameterChanging.SmashBulletDamageScale,0.05
00_0_1029,0,ItemEffect_001029,Effects[0].Conditions[0].Target,ESSCharacterItemConditionTarget::Myself
00_0_1029,0,ItemEffect_001029,Effects[0].Conditions[0].bEx,true
00_0_1029,0,ItemEffect_001029,Effects[0].Conditions[0].ExParam.Num,1
00_0_1029,0,ItemEffect_001029,Effects[0].Conditions[0].ExParam.Inequality,EKoratInequalitySignType::NotLessThan
00_0_1029,0,ItemEffect_001029,Effects[0].ParameterChanging.NormalCombativesDamageScale,0.05
00_0_1029,0,ItemEffect_001029,Effects[1].Conditions[0].Target,ESSCharacterItemConditionTarget::Myself
00_0_1029,0,ItemEffect_001029,Effects[1].Conditions[0].bEx,true
00_0_1029,0,ItemEffect_001029,Effects[1].Conditions[0].ExParam.Num,5
00_0_1029,0,ItemEffect_001029,Effects[1].Conditions[0].ExParam.Inequality,EKoratInequalitySignType::NotLessThan
00_0_1029,0,ItemEffect_001029,Effects[1].ParameterChanging.NormalCombativesDamageScale,0.05
00_0_1029,0,ItemEffect_001029,Effects[2].Conditions[0].Target,ESSCharacterItemConditionTarget::Myself
00_0_1029,0,ItemEffect_001029,Effects[2].Conditions[0].bEx,true
00_0_1029,0,ItemEffect_001029,Effects[2].Conditions[0].ExParam.Num,10
00_0_1029,0,ItemEffect_001029,Effects[2].Conditions[0].ExParam.Inequality,EKoratInequalitySignType::NotLessThan
00_0_1029,0,ItemEffect_001029,Effects[2].ParameterChanging.NormalCombativesDamageScale,0.05
00_0_1029,0,ItemEffect_001029,Effects[3].Conditions[0].Target,ESSCharacterItemConditionTarget::Myself
00_0_1029,0,ItemEffect_001029,Effects[3].Conditions[0].bEx,true
00_0_1029,0,ItemEffect_001029,Effects[3].Conditions[0].ExParam.Num,15
00_0_1029,0,ItemEffect_001029,Effects[3].Conditions[0].ExParam.Inequality,EKoratInequalitySignType::NotLessThan
00_0_1029,0,ItemEffect_001029,Effects[3].ParameterChanging.NormalCombativesDamageScale,0.05
00_0_1029,0,ItemEffect_001029,Effects[4].Conditions[0].Target,ESSCharacterItemConditionTarget::Myself
00_0_1029,0,ItemEffect_001029,Effects[4].Conditions[0].bEx,true
00_0_1029,0,ItemEffect_001029,Effects[4].Conditions[0].ExParam.Num,20
00_0_1029,0,ItemEffect_001029,Effects[4].Conditions[0].ExParam.Inequality,EKoratInequalitySignType::NotLessThan
00_0_1029,0,ItemEffect_001029,Effects[4].ParameterChanging.NormalCombativesDamageScale,0.05
00_0_1030,0,ItemEffect_001030,Effects[0].Conditions[0].Target,ESSCharacterItemConditionTarget::Myself
00_0_1030,0,ItemEffect_001030,Effects[0].Conditions[0].bEx,true
00_0_1030,0,ItemEffect_001030,Effects[0].Conditions[0].ExParam.Num,1
00_0_1030,0,ItemEffect_001030,Effects[0].Conditions[0].ExParam.Inequality,EKoratInequalitySignType::NotLessThan
00_0_1030,0,ItemEffect_001030,Effects[0].ParameterChanging.Blast2DamageScale,0.05
00_0_1030,0,ItemEffect_001030,Effects[1].Conditions[0].Target,ESSCharacterItemConditionTarget::Myself
00_0_1030,0,ItemEffect_001030,Effects[1].Conditions[0].bEx,true
00_0_1030,0,ItemEffect_001030,Effects[1].Conditions[0].ExParam.Num,5
00_0_1030,0,ItemEffect_001030,Effects[1].Conditions[0].ExParam.Inequality,EKoratInequalitySignType::NotLessThan
00_0_1030,0,ItemEffect_001030,Effects[1].ParameterChanging.Blast2DamageScale,0.05
00_0_1030,0,ItemEffect_001030,Effects[2].Conditions[0].Target,ESSCharacterItemConditionTarget::Myself
00_0_1030,0,ItemEffect_001030,Effects[2].Conditions[0].bEx,true
00_0_1030,0,ItemEffect_001030,Effects[2].Conditions[0].ExParam.Num,10
00_0_1030,0,ItemEffect_001030,Effects[2].Conditions[0].ExParam.Inequality,EKoratInequalitySignType::NotLessThan
00_0_1030,0,ItemEffect_001030,Effects[2].ParameterChanging.Blast2DamageScale,0.05
00_0_1030,0,ItemEffect_001030,Effects[3].Conditions[0].Target,ESSCharacterItemConditionTarget::Myself
00_0_1030,0,ItemEffect_001030,Effects[3].Conditions[0].bEx,true
00_0_1030,0,ItemEffect_001030,Effects[3].Conditions[0].ExParam.Num,15
00_0_1030,0,ItemEffect_001030,Effects[3].Conditions[0].ExParam.Inequality,EKoratInequalitySignType::NotLessThan
00_0_1030,0,ItemEffect_001030,Effects[3].ParameterChanging.Blast2DamageScale,0.05
00_0_1030,0,ItemEffect_001030,Effects[4].Conditions[0].Target,ESSCharacterItemConditionTarget::Myself
00_0_1030,0,ItemEffect_001030,Effects[4].Conditions[0].bEx,true
00_0_1030,0,ItemEffect_001030,Effects[4].Conditions[0].ExParam.Num,20
00_0_1030,0,ItemEffect_001030,Effects[4].Conditions[0].ExParam.Inequality,EKoratInequalitySignType::NotLessThan
00_0_1030,0,ItemEffect_001030,Effects[4].ParameterChanging.Blast2DamageScale,0.05
00_0_1033,0,ItemEffect_001033,Effects[0].Conditions[0].Target,ESSCharacterItemConditionTarget::Myself
00_0_1033,0,ItemEffect_001033,Effects[0].Conditions[0].bHPPer,true
00_0_1033,0,ItemEffect_001033,Effects[0].Conditions[0].HPPercent.Num,75
00_0_1033,0,ItemEffect_001033,Effects[0].Conditions[0].ExParam.Inequality,EKoratInequalitySignType::NoMoreThan
00_0_1033,0,ItemEffect_001033,Effects[0].ParameterChanging.RushDamageScale,0.25
00_0_1033,0,ItemEffect_001033,Effects[0].ParameterChanging.SmashDamageScale,0.25
00_0_1033,0,ItemEffect_001033,Effects[0].ParameterChanging.ComboAttackDamageScale,0.25
00_0_1033,0,ItemEffect_001033,Effects[0].ParameterChanging.ThrowDamageScale,0.25
00_0_1033,0,ItemEffect_001033,Effects[0].ParameterChanging.ParryDamageScale,0.25
00_0_1033,0,ItemEffect_001033,Effects[0].ParameterChanging.PursuitDamageScale,0.25
00_0_1033,0,ItemEffect_001033,Effects[0].ParameterChanging.RushBulletDamageScale,0.25
00_0_1033,0,ItemEffect_001033,Effects[0].ParameterChanging.SmashBulletDamageScale,0.25
00_0_1033,0,ItemEffect_001033,Effects[0].ParameterChanging.BlastForteDamageScale,0.25
00_0_1033,0,ItemEffect_001033,Effects[0].ParameterChanging.BlastDamageScale,0.25
00_0_1033,0,ItemEffect_001033,Effects[0].ParameterChanging.BlastUltimateDamageScale,0.25
00_0_1033,0,ItemEffect_001033,Effects[0].ParameterChanging.BlastComboDamageScale,0.25
00_0_1033,0,ItemEffect_001033,Effects[1].Conditions[0].Target,ESSCharacterItemConditionTarget::Myself
00_0_1033,0,ItemEffect_001033,Effects[1].Conditions[0].bHPPer,true
00_0_1033,0,ItemEffect_001033,Effects[1].Conditions[0].HPPercent.Num,50
00_0_1033,0,ItemEffect_001033,Effects[1].Conditions[0].ExParam.Inequality,EKoratInequalitySignType::NoMoreThan
00_0_1033,0,ItemEffect_001033,Effects[1].ParameterChanging.RushDamageScale,0.25
00_0_1033,0,ItemEffect_001033,Effects[1].ParameterChanging.SmashDamageScale,0.25
00_0_1033,0,ItemEffect_001033,Effects[1].ParameterChanging.ComboAttackDamageScale,0.25
00_0_1033,0,ItemEffect_001033,Effects[1].ParameterChanging.ThrowDamageScale,0.25
00_0_1033,0,ItemEffect_001033,Effects[1].ParameterChanging.ParryDamageScale,0.25
00_0_1033,0,ItemEffect_001033,Effects[1].ParameterChanging.PursuitDamageScale,0.25
00_0_1033,0,ItemEffect_001033,Effects[1].ParameterChanging.RushBulletDamageScale,0.25
00_0_1033,0,ItemEffect_001033,Effects[1].ParameterChanging.SmashBulletDamageScale,0.25
00_0_1033,0,ItemEffect_001033,Effects[1].ParameterChanging.BlastForteDamageScale,0.25
00_0_1033,0,ItemEffect_001033,Effects[1].ParameterChanging.BlastDamageScale,0.25
00_0_1033,0,ItemEffect_001033,Effects[1].ParameterChanging.BlastUltimateDamageScale,0.25
00_0_1033,0,ItemEffect_001033,Effects[1].ParameterChanging.BlastComboDamageScale,0.25
00_0_1033,0,ItemEffect_001033,Effects[2].Conditions[0].Target,ESSCharacterItemConditionTarget::Myself
00_0_1033,0,ItemEffect_001033,Effects[2].Conditions[0].bHPPer,true
00_0_1033,0,ItemEffect_001033,Effects[2].Conditions[0].HPPercent.Num,25
00_0_1033,0,ItemEffect_001033,Effects[2].Conditions[0].ExParam.Inequality,EKoratInequalitySignType::NoMoreThan
00_0_1033,0,ItemEffect_001033,Effects[2].ParameterChanging.RushDamageScale,0.25
00_0_1033,0,ItemEffect_001033,Effects[2].ParameterChanging.SmashDamageScale,0.25
00_0_1033,0,ItemEffect_001033,Effects[2].ParameterChanging.ComboAttackDamageScale,0.25
00_0_1033,0,ItemEffect_001033,Effects[2].ParameterChanging.ThrowDamageScale,0.25
00_0_1033,0,ItemEffect_001033,Effects[2].ParameterChanging.ParryDamageScale,0.25
00_0_1033,0,ItemEffect_001033,Effects[2].ParameterChanging.PursuitDamageScale,0.25
00_0_1033,0,ItemEffect_001033,Effects[2].ParameterChanging.RushBulletDamageScale,0.25
00_0_1033,0,ItemEffect_001033,Effects[2].ParameterChanging.SmashBulletDamageScale,0.25
00_0_1033,0,ItemEffect_001033,Effects[2].ParameterChanging.BlastForteDamageScale,0.25
00_0_1033,0,ItemEffect_001033,Effects[2].ParameterChanging.BlastDamageScale,0.25
00_0_1033,0,ItemEffect_001033,Effects[2].ParameterChanging.BlastUltimateDamageScale,0.25
00_0_1033,0,ItemEffect_001033,Effects[2].ParameterChanging.BlastComboDamageScale,0.25
00_0_1034,0,ItemEffect_001034,Effects[0].Conditions[0].Target,ESSCharacterItemConditionTarget::Myself
00_0_1034,0,ItemEffect_001034,Effects[0].Conditions[0].bAtDestroyEnemy,true
00_0_1034,0,ItemEffect_001034,Effects[0].Conditions[0].ExParam.Inequality,EKoratInequalitySignType::NoMoreThan
00_0_1034,0,ItemEffect_001034,Effects[0].ResourceChanging.HealHPPercentage,10
00_0_1035,0,ItemEffect_001035,Effects[0].Conditions[0].Target,ESSCharacterItemConditionTarget::Myself
00_0_1035,0,ItemEffect_001035,Effects[0].Conditions[0].bAtDestroyEnemy,true
00_0_1035,0,ItemEffect_001035,Effects[0].Conditions[0].ExParam.Inequality,EKoratInequalitySignType::NoMoreThan
00_0_1035,0,ItemEffect_001035,Effects[0].ResourceChanging.HealHPPercentage,30
00_0_1036,0,ItemEffect_001036,Effects[0].ParameterChanging.BlastUltimateDamageScale,10
00_0_1037,0,ItemEffect_001037,Effects[0].ParameterChanging.BlastUltimateDamageScale,-10000000
00_0_1038,0,ItemEffect_001038,Effects[0].ParameterChanging.Blast1DamageScale,10
00_0_1039,0,ItemEffect_001039,Effects[0].ParameterChanging.Blast1DamageScale,-10000000
00_0_1040,0,ItemEffect_001040,Effects[0].ParameterChanging.Blast2DamageScale,10
00_0_1041,0,ItemEffect_001041,Effects[0].ParameterChanging.Blast2DamageScale,-10000000
00_0_1042,0,ItemEffect_001042,Effects[0].ParameterChanging.RushBulletDamageScale,10
00_0_1042,0,ItemEffect_001042,Effects[0].ParameterChanging.SmashBulletDamageScale,10
00_0_1043,0,ItemEffect_001043,Effects[0].ParameterChanging.RushBulletDamageScale,-10000000
00_0_1043,0,ItemEffect_001043,Effects[0].ParameterChanging.SmashBulletDamageScale,-10000000
00_0_1044,0,ItemEffect_001044,Effects[0].ParameterChanging.NormalCombativesDamageScale,10
00_0_1044,0,ItemEffect_001044,Effects[0].ParameterChanging.RushDamageScale,10
00_0_1044,0,ItemEffect_001044,Effects[0].ParameterChanging.SmashDamageScale,10
00_0_1044,0,ItemEffect_001044,Effects[0].ParameterChanging.ComboAttackDamageScale,10
00_0_1044,0,ItemEffect_001044,Effects[0].ParameterChanging.ThrowDamageScale,10
00_0_1044,0,ItemEffect_001044,Effects[0].ParameterChanging.ParryDamageScale,10
00_0_1044,0,ItemEffect_001044,Effects[0].ParameterChanging.PursuitDamageScale,10
00_0_1045,0,ItemEffect_001045,Effects[0].ParameterChanging.NormalCombativesDamageScale,-10000000
00_0_1045,0,ItemEffect_001045,Effects[0].ParameterChanging.RushDamageScale,-10000000
00_0_1045,0,ItemEffect_001045,Effects[0].ParameterChanging.SmashDamageScale,-10000000
00_0_1045,0,ItemEffect_001045,Effects[0].ParameterChanging.ComboAttackDamageScale,-10000000
00_0_1045,0,ItemEffect_001045,Effects[0].ParameterChanging.ThrowDamageScale,-10000000
00_0_1045,0,ItemEffect_001045,Effects[0].ParameterChanging.ParryDamageScale,-10000000
00_0_1045,0,ItemEffect_001045,Effects[0].ParameterChanging.PursuitDamageScale,-10000000
00_0_1046,0,ItemEffect_001046,Effects[0].ParameterChanging.CombativesDamageResist,0.05
00_0_1046,0,ItemEffect_001046,Effects[0].ParameterChanging.EnergyDamageResist,0.05
00_0_1046,0,ItemEffect_001046,Effects[0].ParameterChanging.ShaveDamageResist,0.05
00_0_1047,0,ItemEffect_001047,Effects[0].ParameterChanging.CombativesDamageResist,0.15
00_0_1047,0,ItemEffect_001047,Effects[0].ParameterChanging.EnergyDamageResist,0.15
00_0_1047,0,ItemEffect_001047,Effects[0].ParameterChanging.ShaveDamageResist,0.15
00_0_1048,0,ItemEffect_001048,Effects[0].Conditions[0].Target,ESSCharacterItemConditionTarget::Myself
00_0_1048,0,ItemEffect_001048,Effects[0].Conditions[0].ExParam.Inequality,EKoratInequalitySignType::NoMoreThan
00_0_1048,0,ItemEffect_001048,Effects[0].ParameterChanging.CombativesDamageResist,0.5
00_0_1048,0,ItemEffect_001048,Effects[0].ParameterChanging.EnergyDamageResist,0.5
00_0_1048,0,ItemEffect_001048,Effects[0].ParameterChanging.ShaveDamageResist,0.5
00_0_1049,0,ItemEffect_001049,Effects[0].ParameterChanging.ForbidParam.bCannotStyleChange,true
00_0_1050,0,ItemEffect_001050,Effects[0].ParameterChanging.ForbidParam.bCannotSparking,true
00_0_1051,0,ItemEffect_001051,Effects[0].ParameterChanging.ExParam,5
00_0_1052,0,ItemEffect_001052,Effects[0].ParameterChanging.ExParam,10
00_0_1053,0,ItemEffect_001053,Effects[0].ParameterChanging.ExParam,15
00_0_1054,0,ItemEffect_001054,Effects[0].Conditions[0].Target,ESSCharacterItemConditionTarget::Myself
00_0_1054,0,ItemEffect_001054,Effects[0].Conditions[0].bAtUltimateBlast,true
00_0_1054,0,ItemEffect_001054,Effects[0].Conditions[0].ExParam.Inequality,EKoratInequalitySignType::NoMoreThan
00_0_1054,0,ItemEffect_001054,Effects[0].ResourceChanging.HealSP,10000
00_0_1055,0,ItemEffect_001055,Effects[0].Conditions[0].Target,ESSCharacterItemConditionTarget::Myself
00_0_1055,0,ItemEffect_001055,Effects[0].Conditions[0].bAtUltimateBlast,true
00_0_1055,0,ItemEffect_001055,Effects[0].Conditions[0].ExParam.Inequality,EKoratInequalitySignType::NoMoreThan
00_0_1055,0,ItemEffect_001055,Effects[0].ResourceChanging.HealSP,30000
00_0_1056,0,ItemEffect_001056,Effects[0].ParameterChanging.SparkingGaugeChargeSpeedScale,0.1
00_0_1057,0,ItemEffect_001057,Effects[0].ParameterChanging.SparkingGaugeChargeSpeedScale,0.3
00_0_1058,0,ItemEffect_001058,Effects[0].ParameterChanging.SparkingGaugeChargeSpeedScale,0.5
00_0_1059,0,ItemEffect_001059,Effects[0].ParameterChanging.SPAutoRecoveryScale,-0.1
00_0_1060,0,ItemEffect_001060,Effects[0].Conditions[0].Target,ESSCharacterItemConditionTarget::Myself
00_0_1060,0,ItemEffect_001060,Effects[0].Conditions[0].ExParam.Inequality,EKoratInequalitySignType::NoMoreThan
00_0_1060,0,ItemEffect_001060,Effects[0].ParameterChanging.SPAutoRecoveryScale,-0.5
00_0_1061,0,ItemEffect_001061,Effects[0].Conditions[0].Target,ESSCharacterItemConditionTarget::Myself
00_0_1061,0,ItemEffect_001061,Effects[0].Conditions[0].bAtUltimateBlast,true
00_0_1061,0,ItemEffect_001061,Effects[0].Conditions[0].ExParam.Inequality,EKoratInequalitySignType::NoMoreThan
00_0_1061,0,ItemEffect_001061,Effects[0].ResourceChanging.HealHPPercentage,10
00_0_1062,0,ItemEffect_001062,Effects[0].Conditions[0].Target,ESSCharacterItemConditionTarget::Myself
00_0_1062,0,ItemEffect_001062,Effects[0].Conditions[0].bAtUltimateBlast,true
00_0_1062,0,ItemEffect_001062,Effects[0].Conditions[0].ExParam.Inequality,EKoratInequalitySignType::NoMoreThan
00_0_1062,0,ItemEffect_001062,Effects[0].ResourceChanging.HealHPPercentage,30
00_0_1063,0,ItemEffect_001063,Effects[0].Conditions[0].Target,ESSCharacterItemConditionTarget::Enemy
00_0_1063,0,ItemEffect_001063,Effects[0].Conditions[0].bEx,true
00_0_1063,0,ItemEffect_001063,Effects[0].Conditions[0].ExParam.Num,1
00_0_1063,0,ItemEffect_001063,Effects[0].Conditions[0].ExParam.Inequality,EKoratInequalitySignType::NotLessThan
00_0_1063,0,ItemEffect_001063,Effects[0].ParameterChanging.Blast1DamageScale,0.05
00_0_1063,0,ItemEffect_001063,Effects[1].Conditions[0].Target,ESSCharacterItemConditionTarget::Enemy
00_0_1063,0,ItemEffect_001063,Effects[1].Conditions[0].bEx,true
00_0_1063,0,ItemEffect_001063,Effects[1].Conditions[0].ExParam.Num,5
00_0_1063,0,ItemEffect_001063,Effects[1].Conditions[0].ExParam.Inequality,EKoratInequalitySignType::NotLessThan
00_0_1063,0,ItemEffect_001063,Effects[1].ParameterChanging.Blast1DamageScale,0.05
00_0_1063,0,ItemEffect_001063,Effects[2].Conditions[0].Target,ESSCharacterItemConditionTarget::Enemy
00_0_1063,0,ItemEffect_001063,Effects[2].Conditions[0].bEx,true
00_0_1063,0,ItemEffect_001063,Effects[2].Conditions[0].ExParam.Num,10
00_0_1063,0,ItemEffect_001063,Effects[2].Conditions[0].ExParam.Inequality,EKoratInequalitySignType::NotLessThan
00_0_1063,0,ItemEffect_001063,Effects[2].ParameterChanging.Blast1DamageScale,0.05
00_0_1063,0,ItemEffect_001063,Effects[3].Conditions[0].Target,ESSCharacterItemConditionTarget::Enemy
00_0_1063,0,ItemEffect_001063,Effects[3].Conditions[0].bEx,true
00_0_1063,0,ItemEffect_001063,Effects[3].Conditions[0].ExParam.Num,15
00_0_1063,0,ItemEffect_001063,Effects[3].Conditions[0].ExParam.Inequality,EKoratInequalitySignType::NotLessThan
00_0_1063,0,ItemEffect_001063,Effects[3].ParameterChanging.Blast1DamageScale,0.05
00_0_1063,0,ItemEffect_001063,Effects[4].Conditions[0].Target,ESSCharacterItemConditionTarget::Enemy
00_0_1063,0,ItemEffect_001063,Effects[4].Conditions[0].bEx,true
00_0_1063,0,ItemEffect_001063,Effects[4].Conditions[0].ExParam.Num,20
00_0_1063,0,ItemEffect_001063,Effects[4].Conditions[0].ExParam.Inequality,EKoratInequalitySignType::NotLessThan
00_0_1063,0,ItemEffect_001063,Effects[4].ParameterChanging.Blast1DamageScale,0.05
00_0_1064,0,ItemEffect_001064,Effects[0].Conditions[0].Target,ESSCharacterItemConditionTarget::Enemy
00_0_1064,0,ItemEffect_001064,Effects[0].Conditions[0].bEx,true
00_0_1064,0,ItemEffect_001064,Effects[0].Conditions[0].ExParam.Num,1
00_0_1064,0,ItemEffect_001064,Effects[0].Conditions[0].ExParam.Inequality,EKoratInequalitySignType::NotLessThan
00_0_1064,0,ItemEffect_001064,Effects[0].ParameterChanging.BlastUltimateDamageScale,0.05
00_0_1064,0,ItemEffect_001064,Effects[1].Conditions[0].Target,ESSCharacterItemConditionTarget::Enemy
00_0_1064,0,ItemEffect_001064,Effects[1].Conditions[0].bEx,true
00_0_1064,0,ItemEffect_001064,Effects[1].Conditions[0].ExParam.Num,5
00_0_1064,0,ItemEffect_001064,Effects[1].Conditions[0].ExParam.Inequality,EKoratInequalitySignType::NotLessThan
00_0_1064,0,ItemEffect_001064,Effects[1].ParameterChanging.BlastUltimateDamageScale,0.05
00_0_1064,0,ItemEffect_001064,Effects[2].Conditions[0].Target,ESSCharacterItemConditionTarget::Enemy
00_0_1064,0,ItemEffect_001064,Effects[2].Conditions[0].bEx,true
00_0_1064,0,ItemEffect_001064,Effects[2].Conditions[0].ExParam.Num,10
00_0_1064,0,ItemEffect_001064,Effects[2].Conditions[0].ExParam.Inequality,EKoratInequalitySignType::NotLessThan
00_0_1064,0,ItemEffect_001064,Effects[2].ParameterChanging.BlastUltimateDamageScale,0.05
00_0_1064,0,ItemEffect_001064,Effects[3].Conditions[0].Target,ESSCharacterItemConditionTarget::Enemy
00_0_1064,0,ItemEffect_001064,Effects[3].Conditions[0].bEx,true
00_0_1064,0,ItemEffect_001064,Effects[3].Conditions[0].ExParam.Num,15
00_0_1064,0,ItemEffect_001064,Effects[3].Conditions[0].ExParam.Inequality,EKoratInequalitySignType::NotLessThan
00_0_1064,0,ItemEffect_001064,Effects[3].ParameterChanging.BlastUltimateDamageScale,0.05
00_0_1064,0,ItemEffect_001064,Effects[4].Conditions[0].Target,ESSCharacterItemConditionTarget::Enemy
00_0_1064,0,ItemEffect_001064,Effects[4].Conditions[0].bEx,true
00_0_1064,0,ItemEffect_001064,Effects[4].Conditions[0].ExParam.Num,20
00_0_1064,0,ItemEffect_001064,Effects[4].Conditions[0].ExParam.Inequality,EKoratInequalitySignType::NotLessThan
00_0_1064,0,ItemEffect_001064,Effects[4].ParameterChanging.BlastUltimateDamageScale,0.05
00_0_1065,0,ItemEffect_001065,Effects[0].Conditions[0].Target,ESSCharacterItemConditionTarget::Enemy
00_0_1065,0,ItemEffect_001065,Effects[0].Conditions[0].bEx,true
00_0_1065,0,ItemEffect_001065,Effects[0].Conditions[0].ExParam.Num,1
00_0_1065,0,ItemEffect_001065,Effects[0].Conditions[0].ExParam.Inequality,EKoratInequalitySignType::NotLessThan
00_0_1065,0,ItemEffect_001065,Effects[0].ParameterChanging.RushBulletDamageScale,0.05
00_0_1065,0,ItemEffect_001065,Effects[0].ParameterChanging.SmashBulletDamageScale,0.05
00_0_1065,0,ItemEffect_001065,Effects[1].Conditions[0].Target,ESSCharacterItemConditionTarget::Enemy
00_0_1065,0,ItemEffect_001065,Effects[1].Conditions[0].bEx,true
00_0_1065,0,ItemEffect_001065,Effects[1].Conditions[0].ExParam.Num,5
00_0_1065,0,ItemEffect_001065,Effects[1].Conditions[0].ExParam.Inequality,EKoratInequalitySignType::NotLessThan
00_0_1065,0,ItemEffect_001065,Effects[1].ParameterChanging.RushBulletDamageScale,0.05
00_0_1065,0,ItemEffect_001065,Effects[1].ParameterChanging.SmashBulletDamageScale,0.05
00_0_1065,0,ItemEffect_001065,Effects[2].Conditions[0].Target,ESSCharacterItemConditionTarget::Enemy
00_0_1065,0,ItemEffect_001065,Effects[2].Conditions[0].bEx,true
00_0_1065,0,ItemEffect_001065,Effects[2].Conditions[0].ExParam.Num,10
00_0_1065,0,ItemEffect_001065,Effects[2].Conditions[0].ExParam.Inequality,EKoratInequalitySignType::NotLessThan
00_0_1065,0,ItemEffect_001065,Effects[2].ParameterChanging.RushBulletDamageScale,0.05
00_0_1065,0,ItemEffect_001065,Effects[2].ParameterChanging.SmashBulletDamageScale,0.05
00_0_1065,0,ItemEffect_001065,Effects[3].Conditions[0].Target,ESSCharacterItemConditionTarget::Enemy
00_0_1065,0,ItemEffect_001065,Effects[3].Conditions[0].bEx,true
00_0_1065,0,ItemEffect_001065,Effects[3].Conditions[0].ExParam.Num,15
00_0_1065,0,ItemEffect_001065,Effects[3].Conditions[0].ExParam.Inequality,EKoratInequalitySignType::NotLessThan
00_0_1065,0,ItemEffect_001065,Effects[3].ParameterChanging.RushBulletDamageScale,0.05
00_0_1065,0,ItemEffect_001065,Effects[3].ParameterChanging.SmashBulletDamageScale,0.05
00_0_1065,0,ItemEffect_001065,Effects[4].Conditions[0].Target,ESSCharacterItemConditionTarget::Enemy
00_0_1065,0,ItemEffect_001065,Effects[4].Conditions[0].bEx,true
00_0_1065,0,ItemEffect_001065,Effects[4].Conditions[0].ExParam.Num,20
00_0_1065,0,ItemEffect_001065,Effects[4].Conditions[0].ExParam.Inequality,EKoratInequalitySignType::NotLessThan
00_0_1065,0,ItemEffect_001065,Effects[4].ParameterChanging.RushBulletDamageScale,0.05
00_0_1065,0,ItemEffect_001065,Effects[4].ParameterChanging.SmashBulletDamageScale,0.05
00_0_1066,0,ItemEffect_001066,Effects[0].Conditions[0].Target,ESSCharacterItemConditionTarget::Enemy
00_0_1066,0,ItemEffect_001066,Effects[0].Conditions[0].bEx,true
00_0_1066,0,ItemEffect_001066,Effects[0].Conditions[0].ExParam.Num,1
00_0_1066,0,ItemEffect_001066,Effects[0].Conditions[0].ExParam.Inequality,EKoratInequalitySignType::NotLessThan
00_0_1066,0,ItemEffect_001066,Effects[0].ParameterChanging.NormalCombativesDamageScale,0.05
00_0_1066,0,ItemEffect_001066,Effects[1].Conditions[0].Target,ESSCharacterItemConditionTarget::Enemy
00_0_1066,0,ItemEffect_001066,Effects[1].Conditions[0].bEx,true
00_0_1066,0,ItemEffect_001066,Effects[1].Conditions[0].ExParam.Num,5
00_0_1066,0,ItemEffect_001066,Effects[1].Conditions[0].ExParam.Inequality,EKoratInequalitySignType::NotLessThan
00_0_1066,0,ItemEffect_001066,Effects[1].ParameterChanging.NormalCombativesDamageScale,0.05
00_0_1066,0,ItemEffect_001066,Effects[2].Conditions[0].Target,ESSCharacterItemConditionTarget::Enemy
00_0_1066,0,ItemEffect_001066,Effects[2].Conditions[0].bEx,true
00_0_1066,0,ItemEffect_001066,Effects[2].Conditions[0].ExParam.Num,10
00_0_1066,0,ItemEffect_001066,Effects[2].Conditions[0].ExParam.Inequality,EKoratInequalitySignType::NotLessThan
00_0_1066,0,ItemEffect_001066,Effects[2].ParameterChanging.NormalCombativesDamageScale,0.05
00_0_1066,0,ItemEffect_001066,Effects[3].Conditions[0].Target,ESSCharacterItemConditionTarget::Enemy
00_0_1066,0,ItemEffect_001066,Effects[3].Conditions[0].bEx,true
00_0_1066,0,ItemEffect_001066,Effects[3].Conditions[0].ExParam.Num,15
00_0_1066,0,ItemEffect_001066,Effects[3].Conditions[0].ExParam.Inequality,EKoratInequalitySignType::NotLessThan
00_0_1066,0,ItemEffect_001066,Effects[3].ParameterChanging.NormalCombativesDamageScale,0.05
00_0_1066,0,ItemEffect_001066,Effects[4].Conditions[0].Target,ESSCharacterItemConditionTarget::Enemy
00_0_1066,0,ItemEffect_001066,Effects[4].Conditions[0].bEx,true
00_0_1066,0,ItemEffect_001066,Effects[4].Conditions[0].ExParam.Num,20
00_0_1066,0,ItemEffect_001066,Effects[4].Conditions[0].ExParam.Inequality,EKoratInequalitySignType::NotLessThan
00_0_1066,0,ItemEffect_001066,Effects[4].ParameterChanging.NormalCombativesDamageScale,0.05
00_0_1067,0,ItemEffect_001067,Effects[0].Conditions[0].Target,ESSCharacterItemConditionTarget::Enemy
00_0_1067,0,ItemEffect_001067,Effects[0].Conditions[0].bEx,true
00_0_1067,0,ItemEffect_001067,Effects[0].Conditions[0].ExParam.Num,1
00_0_1067,0,ItemEffect_001067,Effects[0].Conditions[0].ExParam.Inequality,EKoratInequalitySignType::NotLessThan
00_0_1067,0,ItemEffect_001067,Effects[0].ParameterChanging.Blast2DamageScale,0.05
00_0_1067,0,ItemEffect_001067,Effects[1].Conditions[0].Target,ESSCharacterItemConditionTarget::Enemy
00_0_1067,0,ItemEffect_001067,Effects[1].Conditions[0].bEx,true
00_0_1067,0,ItemEffect_001067,Effects[1].Conditions[0].ExParam.Num,5
00_0_1067,0,ItemEffect_001067,Effects[1].Conditions[0].ExParam.Inequality,EKoratInequalitySignType::NotLessThan
00_0_1067,0,ItemEffect_001067,Effects[1].ParameterChanging.Blast2DamageScale,0.05
00_0_1067,0,ItemEffect_001067,Effects[2].Conditions[0].Target,ESSCharacterItemConditionTarget::Enemy
00_0_1067,0,ItemEffect_001067,Effects[2].Conditions[0].bEx,true
00_0_1067,0,ItemEffect_001067,Effects[2].Conditions[0].ExParam.Num,10
00_0_1067,0,ItemEffect_001067,Effects[2].Conditions[0].ExParam.Inequality,EKoratInequalitySignType::NotLessThan
00_0_1067,0,ItemEffect_001067,Effects[2].ParameterChanging.Blast2DamageScale,0.05
00_0_1067,0,ItemEffect_001067,Effects[3].Conditions[0].Target,ESSCharacterItemConditionTarget::Enemy
00_0_1067,0,ItemEffect_001067,Effects[3].Conditions[0].bEx,true
00_0_1067,0,ItemEffect_001067,Effects[3].Conditions[0].ExParam.Num,15
00_0_1067,0,ItemEffect_001067,Effects[3].Conditions[0].ExParam.Inequality,EKoratInequalitySignType::NotLessThan
00_0_1067,0,ItemEffect_001067,Effects[3].ParameterChanging.Blast2DamageScale,0.05
00_0_1067,0,ItemEffect_001067,Effects[4].Conditions[0].Target,ESSCharacterItemConditionTarget::Enemy
00_0_1067,0,ItemEffect_001067,Effects[4].Conditions[0].bEx,true
00_0_1067,0,ItemEffect_001067,Effects[4].Conditions[0].ExParam.Num,20
00_0_1067,0,ItemEffect_001067,Effects[4].Conditions[0].ExParam.Inequality,EKoratInequalitySignType::NotLessThan
00_0_1067,0,ItemEffect_001067,Effects[4].ParameterChanging.Blast2DamageScale,0.05
