id,name,gameName,classKey,dp,numeric,steps,combatives,bullets,buffs,sparkingBuff
0000_00,Goku (Z - Early),Goku (Z - Early),Normal,4,Numeric_0000_00,Steps_0000_00,Combatives_0000_00,BulletSettingData_0000_00,Buff_0000_00,Buff_Common_SP
0000_10,Goku (Z - Mid),Goku (Z - Mid),Normal,,Numeric_0000_10,Steps_0000_10,Combatives_0000_10,BulletSettingData_0000_10,Buff_0000_10,Buff_Common_SP
0000_11,Goku (Z - Mid) Super Saiyan,"Goku (Z - Mid), Super Saiyan",Saiyan,6,Numeric_0000_11,Steps_0000_11,Combatives_0000_11,BulletSettingData_0000_11,Buff_0000_11,Buff_Common_SP
0000_20,Goku (Z - End),Goku (Z - End),Normal,,Numeric_0000_20,Steps_0000_20,Combatives_0000_20,BulletSettingData_0000_20,Buff_0000_20,Buff_Common_SP
0000_21,Goku (Z - End) Super Saiyan,"Goku (Z - End), Super Saiyan",Saiyan,6,Numeric_0000_21,Steps_0000_21,Combatives_0000_21,BulletSettingData_0000_21,Buff_0000_21,Buff_Common_SP
0000_22,Goku (Z - End) Super Saiyan 2,"Goku (Z - End), Super Saiyan 2",Saiyan,6,Numeric_0000_22,Steps_0000_22,Combatives_0000_22,BulletSettingData_0000_22,Buff_0000_22,Buff_Common_SP
0000_23,Goku (Z - End) Super Saiyan 3,"Goku (Z - End), Super Saiyan 3",Saiyan,7,Numeric_0000_23,Steps_0000_23,Combatives_0000_23,BulletSettingData_0000_23,Buff_0000_23,Buff_Common_SP
0000_33,Goku (GT) Super Saiyan 4,"Goku (GT), Super Saiyan 4",Saiyan,8,Numeric_0000_33,Steps_0000_33,Combatives_0000_33,BulletSettingData_0000_33,Buff_0000_33,Buff_Common_SP
0000_40,Goku (Super),Goku (Super),Normal,,Numeric_0000_40,Steps_0000_40,Combatives_0000_40,BulletSettingData_0000_40,Buff_0000_40,Buff_Common_SP
0000_41,Goku (Super) Super Saiyan,"Goku (Super), Super Saiyan",Saiyan,6,Numeric_0000_41,Steps_0000_41,Combatives_0000_41,BulletSettingData_0000_41,Buff_0000_41,Buff_Common_SP
0000_43,Goku (Super) Super Saiyan God Super Saiyan,"Goku (Super), Super Saiyan God Super Saiyan",Saiyan,8,Numeric_0000_43,Steps_0000_43,Combatives_0000_43,BulletSettingData_0000_43,Buff_0000_43,Buff_Common_SP
0000_50,Goku (Super) Ultra Instinct -Sign-,"Goku (Super), Ultra Instinct -Sign-",Secret,8,Numeric_0000_50,Steps_0000_50,Combatives_0000_50,BulletSettingData_0000_50,Buff_0000_50,Buff_Common_SP
0000_51,Goku (Super) Ultra Instinct,"Goku (Super), Ultra Instinct",Secret,9,Numeric_0000_51,Steps_0000_51,Combatives_0000_51,BulletSettingData_0000_51,Buff_0000_51,Buff_Common_SP
0001_42,Goku (Super) Super Saiyan God,"Goku (Super), Super Saiyan God",Saiyan,7,Numeric_0001_42,Steps_0001_42,Combatives_0001_42,BulletSettingData_0001_42,Buff_0001_42,Buff_Common_SP
0002_30,Goku (GT),Goku (GT),Normal,,Numeric_0002_30,Steps_0002_30,Combatives_0002_30,BulletSettingData_0002_30,Buff_0002_30,Buff_Common_SP
0002_31,Goku (GT) Super Saiyan,"Goku (GT), Super Saiyan",Saiyan,6,Numeric_0002_31,Steps_0002_31,Combatives_0002_31,BulletSettingData_0002_31,Buff_0002_31,Buff_Common_SP
0002_32,Goku (GT) Super Saiyan 3,"Goku (GT), Super Saiyan 3",Saiyan,7,Numeric_0002_32,Steps_0002_32,Combatives_0002_32,BulletSettingData_0002_32,Buff_0002_32,Buff_Common_SP
0002_50,Goku (Teen),Goku (Teen),Normal,3,Numeric_0002_50,Steps_0002_50,Combatives_0002_50,BulletSettingData_0002_50,Buff_0002_50,Buff_Common_SP
0020_00,Vegeta (Z - Scouter),Vegeta (Z - Scouter),Vegeta_Shoot,4,Numeric_0020_00,Steps_0020_00,Combatives_0020_00,BulletSettingData_0020_00,Buff_0020_00,Buff_Common_SP
0020_10,Vegeta (Z - Early),Vegeta (Z - Early),Vegeta_Shoot,,Numeric_0020_10,Steps_0020_10,Combatives_0020_10,BulletSettingData_0020_10,Buff_0020_10,Buff_Common_SP
0020_11,Vegeta (Z - Early) Super Saiyan,"Vegeta (Z - Early), Super Saiyan",Saiyan_Shoot,6,Numeric_0020_11,Steps_0020_11,Combatives_0020_11,BulletSettingData_0020_11,Buff_0020_11,Buff_Common_SP
0020_30,Vegeta (Z - End),Vegeta (Z - End),Vegeta_Shoot,,Numeric_0020_30,Steps_0020_30,Combatives_0020_30,BulletSettingData_0020_30,Buff_0020_30,Buff_Common_SP
0020_31,Vegeta (Z - End) Super Saiyan,"Vegeta (Z - End), Super Saiyan",Saiyan_Shoot,6,Numeric_0020_31,Steps_0020_31,Combatives_0020_31,BulletSettingData_0020_31,Buff_0020_31,Buff_Common_SP
0020_32,Vegeta (Z - End) Super Saiyan 2,"Vegeta (Z - End), Super Saiyan 2",Saiyan_Shoot,6,Numeric_0020_32,Steps_0020_32,Combatives_0020_32,BulletSettingData_0020_32,Buff_0020_32,Buff_Common_SP
0020_40,Majin Vegeta,Majin Vegeta,Almighty_Shoot,7,Numeric_0020_40,Steps_0020_40,Combatives_0020_40,BulletSettingData_0020_40,Buff_0020_40,Buff_Common_SP
0020_50,Vegeta (GT) Super Saiyan 4,"Vegeta (GT), Super Saiyan 4",Saiyan_Shoot,8,Numeric_0020_50,Steps_0020_50,Combatives_0020_50,BulletSettingData_0020_50,Buff_0020_50,Buff_Common_SP
0020_60,Vegeta (Super),Vegeta (Super),Vegeta_Shoot,,Numeric_0020_60,Steps_0020_60,Combatives_0020_60,BulletSettingData_0020_60,Buff_0020_60,Buff_Common_SP
0020_61,Vegeta (Super) Super Saiyan,"Vegeta (Super), Super Saiyan",Saiyan_Shoot,6,Numeric_0020_61,Steps_0020_61,Combatives_0020_61,BulletSettingData_0020_61,Buff_0020_61,Buff_Common_SP
0020_63,Vegeta (Super) Super Saiyan God Super Saiyan,"Vegeta (Super), Super Saiyan God Super Saiyan",Saiyan_Shoot,8,Numeric_0020_63,Steps_0020_63,Combatives_0020_63,BulletSettingData_0020_63,Buff_0020_63,Buff_Common_SP
0021_20,Super Vegeta,Super Vegeta,Saiyan_Shoot,6,Numeric_0021_20,Steps_0021_20,Combatives_0021_20,BulletSettingData_0021_20,Buff_0021_20,Buff_Common_SP
0022_62,Vegeta (Super) Super Saiyan God,"Vegeta (Super), Super Saiyan God",Saiyan_Shoot,7,Numeric_0022_62,Steps_0022_62,Combatives_0022_62,BulletSettingData_0022_62,Buff_0022_62,Buff_Common_SP
0023_00,Great Ape Vegeta,Great Ape Vegeta,giant,,Numeric_0023_00,Steps_0023_00,Combatives_0023_00,BulletSettingData_0023_00,Buff_0023_00,Buff_Common_SP_Huge
0030_00,Gohan (Kid),Gohan (Kid),Normal,3,Numeric_0030_00,Steps_0030_00,Combatives_0030_00,BulletSettingData_0030_00,Buff_0030_00,Buff_Common_SP_STR_002
0031_00,Gohan (Teen),Gohan (Teen),Normal,4,Numeric_0031_00,Steps_0031_00,Combatives_0031_00,BulletSettingData_0031_00,Buff_0031_00,Buff_Common_SP
0031_01,Gohan (Teen) Super Saiyan,"Gohan (Teen), Super Saiyan",Saiyan,6,Numeric_0031_01,Steps_0031_01,Combatives_0031_01,BulletSettingData_0031_01,Buff_0031_01,Buff_Common_SP
0031_02,Gohan (Teen) Super Saiyan 2,"Gohan (Teen), Super Saiyan 2",Saiyan,7,Numeric_0031_02,Steps_0031_02,Combatives_0031_02,BulletSettingData_0031_02,Buff_0031_02,Buff_Common_SP_STR
0032_00,Gohan (Adult),Gohan (Adult),Normal,4,Numeric_0032_00,Steps_0032_00,Combatives_0032_00,BulletSettingData_0032_00,Buff_0032_00,Buff_Common_SP
0032_01,Gohan (Adult) Super Saiyan,"Gohan (Adult), Super Saiyan",Saiyan,6,Numeric_0032_01,Steps_0032_01,Combatives_0032_01,BulletSettingData_0032_01,Buff_0032_01,Buff_Common_SP
0032_02,Gohan (Adult) Super Saiyan 2,"Gohan (Adult), Super Saiyan 2",Saiyan,7,Numeric_0032_02,Steps_0032_02,Combatives_0032_02,BulletSettingData_0032_02,Buff_0032_02,Buff_Common_SP
0032_10,Great Saiyaman,Great Saiyaman,Normal,4,Numeric_0032_10,Steps_0032_10,Combatives_0032_10,BulletSettingData_0032_10,Buff_0032_10,Buff_Common_SP
0032_20,Ultimate Gohan,Ultimate Gohan,Almighty,7,Numeric_0032_20,Steps_0032_20,Combatives_0032_20,BulletSettingData_0032_20,Buff_0032_20,Buff_Common_SP
0032_30,Gohan (Future),Gohan (Future),Normal,,Numeric_0032_30,Steps_0032_30,Combatives_0032_30,BulletSettingData_0032_30,Buff_0032_30,Buff_Common_SP
0032_31,Gohan (Future) Super Saiyan,"Gohan (Future), Super Saiyan",Saiyan,6,Numeric_0032_31,Steps_0032_20,Combatives_0032_31,BulletSettingData_0032_31,Buff_0032_31,Buff_Common_SP
0040_00,Piccolo,Piccolo,Normal,4,Numeric_0040_00,Steps_0040_00,Combatives_0040_00,BulletSettingData_0040_00,Buff_0040_00,Buff_Common_SP
0040_10,Piccolo (Fused with Kami),Piccolo (Fused with Kami),Normal,,Numeric_0040_10,Steps_0040_10,Combatives_0040_10,BulletSettingData_0040_10,Buff_0040_10,Buff_Common_SP
0040_20,Nail,Nail,Normal,4,Numeric_0040_20,Steps_0040_00,Combatives_0040_20,BulletSettingData_0040_20,Buff_0040_20,Buff_Common_SP
0050_00,Krillin,Krillin,Normal,3,Numeric_0050_00,Steps_0050_00,Combatives_0050_00,BulletSettingData_0050_00,Buff_0050_00,Buff_Common_SP
0060_00,Yamcha,Yamcha,Normal,3,Numeric_0060_00,Steps_0060_00,Combatives_0060_00,BulletSettingData_0060_00,Buff_0060_00,Buff_Common_SP
0070_00,Tien,Tien,rival,4,Numeric_0070_00,Steps_0070_00,Combatives_0070_00,BulletSettingData_0070_00,Buff_0070_00,Buff_Common_SP
0080_00,Trunks (Sword),Trunks (Sword),Normal,4,Numeric_0080_00,Steps_0080_00,Combatives_0080_00,BulletSettingData_0080_00,Buff_0080_00,Buff_Common_SP
0080_01,Trunks (Sword) Super Saiyan,"Trunks (Sword), Super Saiyan",Saiyan,6,Numeric_0080_01,Steps_0080_01,Combatives_0080_01,BulletSettingData_0080_01,Buff_0080_01,Buff_Common_SP
0080_10,Trunks (Melee),Trunks (Melee),Normal,,Numeric_0080_10,Steps_0080_10,Combatives_0080_10,BulletSettingData_0080_10,Buff_0080_10,Buff_Common_SP
0080_11,Trunks (Melee) Super Saiyan,"Trunks (Melee), Super Saiyan",Saiyan,6,Numeric_0080_11,Steps_0080_11,Combatives_0080_11,BulletSettingData_0080_11,Buff_0080_11,Buff_Common_SP
0080_30,Future Trunks,Future Trunks,Normal,,Numeric_0080_30,Steps_0080_30,Combatives_0080_30,BulletSettingData_0080_30,Buff_0080_30,Buff_Common_SP
0080_31,Future Trunks Super Saiyan,"Future Trunks, Super Saiyan",Saiyan,6,Numeric_0080_31,Steps_0080_31,Combatives_0080_31,BulletSettingData_0080_31,Buff_0080_31,Buff_Common_SP
0081_20,Super Trunks,Super Trunks,Power,6,Numeric_0081_20,Steps_0081_20,Combatives_0081_20,BulletSettingData_0081_20,Buff_0081_20,Buff_Common_SP
0082_00,Trunks (Kid),Trunks (Kid),Normal,4,Numeric_0082_00,Steps_0082_00,Combatives_0082_00,BulletSettingData_0082_00,Buff_0082_00,Buff_Common_SP
0082_01,Trunks (Kid) Super Saiyan,"Trunks (Kid), Super Saiyan",Saiyan,,Numeric_0082_01,Steps_0082_01,Combatives_0082_01,BulletSettingData_0082_01,Buff_0082_01,Buff_Common_SP
0090_00,Goten,Goten,Normal,4,Numeric_0090_00,Steps_0090_00,Combatives_0090_00,BulletSettingData_0090_00,Buff_0090_00,Buff_Common_SP
0090_01,Goten Super Saiyan,"Goten, Super Saiyan",Saiyan,,Numeric_0090_01,Steps_0090_01,Combatives_0090_01,BulletSettingData_0090_01,Buff_0090_01,Buff_Common_SP
0100_00,Vegito,Vegito,union,7,Numeric_0100_00,Steps_0100_00,Combatives_0100_00,BulletSettingData_0100_00,Buff_0100_00,Buff_Common_SP
0100_01,Super Vegito,Super Vegito,union,8,Numeric_0100_01,Steps_0100_01,Combatives_0100_01,BulletSettingData_0100_01,Buff_0100_01,Buff_Common_SP
0100_02,Vegito Super Saiyan God Super Saiyan,"Vegito, Super Saiyan God Super Saiyan",union,10,Numeric_0100_02,Steps_0100_02,Combatives_0100_02,BulletSettingData_0100_02,Buff_0100_02,Buff_Common_SP
0110_00,Gogeta (Super),Gogeta (Super),union,7,Numeric_0110_00,Steps_0110_00,Combatives_0110_00,BulletSettingData_0110_00,Buff_0110_00,Buff_Common_SP
0110_01,Gogeta (Super) Super Saiyan,"Gogeta (Super), Super Saiyan",union,8,Numeric_0110_01,Steps_0110_01,Combatives_0110_01,BulletSettingData_0110_01,Buff_0110_01,Buff_Common_SP
0110_02,Gogeta (GT) Super Saiyan 4,"Gogeta (GT), Super Saiyan 4",union,10,Numeric_0110_02,Steps_0110_02,Combatives_0110_02,BulletSettingData_0110_02,Buff_0110_02,Buff_Common_SP
0110_03,Gogeta (Super) Super Saiyan God Super Saiyan,"Gogeta (Super), Super Saiyan God Super Saiyan",union,10,Numeric_0110_03,Steps_0110_03,Combatives_0110_03,BulletSettingData_0110_03,Buff_0110_03,Buff_Common_SP
0110_04,Super Gogeta (Z),"Super Gogeta (Z) ",union,8,Numeric_0110_04,Steps_0110_04,Combatives_0110_04,BulletSettingData_0110_04,Buff_0110_04,Buff_Common_SP
0120_00,Gotenks,Gotenks,union,6,Numeric_0120_00,Steps_0120_00,Combatives_0120_00,BulletSettingData_0120_00,Buff_0120_00,Buff_Common_SP
0120_01,Gotenks Super Saiyan,"Gotenks, Super Saiyan",union,7,Numeric_0120_01,Steps_0120_01,Combatives_0120_01,BulletSettingData_0120_01,Buff_0120_01,Buff_Common_SP
0120_02,Gotenks Super Saiyan 3,"Gotenks, Super Saiyan 3",union,8,Numeric_0120_02,Steps_0120_02,Combatives_0120_02,BulletSettingData_0120_02,Buff_0120_02,Buff_Common_SP
0121_00,Mighty Mask,Mighty Mask,Normal,3,Numeric_0121_00,Steps_0121_00,Combatives_0121_00,BulletSettingData_0121_00,Buff_0121_00,Buff_Common_SP
0130_00,Videl,Videl,Normal,2,Numeric_0130_00,Steps_0130_00,Combatives_0130_00,BulletSettingData_0130_00,Buff_0130_00,Buff_Common_SP
0140_00,Master Roshi,Master Roshi,Skill,2,Numeric_0140_00,Steps_0140_00,Combatives_0140_00,BulletSettingData_0140_00,Buff_0140_00,Buff_Common_SP
0141_00,Master Roshi Full Power,"Master Roshi, Max Power",Power,2,Numeric_0141_00,Steps_0141_00,Combatives_0141_00,BulletSettingData_0141_00,Buff_0141_00,Buff_Common_SP
0150_00,Frieza (Z) 1st Form,"Frieza (Z), 1st Form",Shoot,,Numeric_0150_00,Steps_0150_00,Combatives_0150_00,BulletSettingData_0150_00,Buff_0150_00,Buff_Common_SP
0151_00,Frieza (Z) 2nd Form,"Frieza (Z), 2nd Form",Power,,Numeric_0151_00,Steps_0151_00,Combatives_0151_00,BulletSettingData_0151_00,Buff_0151_00,Buff_Common_SP
0152_00,Frieza (Z) 3rd Form,"Frieza (Z), 3rd Form",villain,,Numeric_0152_00,Steps_0152_00,Combatives_0152_00,BulletSettingData_0152_00,Buff_0152_00,Buff_Common_SP
0153_00,Frieza (Z) 4th Form,"Frieza (Z), 4th Form",villain,6,Numeric_0153_00,Steps_0153_00,Combatives_0153_00,BulletSettingData_0153_00,Buff_0153_00,Buff_Common_SP
0153_10,Mecha Frieza,Mecha Frieza,Shoot,6,Numeric_0153_10,Steps_0153_10,Combatives_0153_10,BulletSettingData_0153_10,Buff_0153_10,Buff_Common_SP
0153_20,Frieza (Super),Frieza (Super),Normal,6,Numeric_0153_20,Steps_0153_20,Combatives_0153_20,BulletSettingData_0153_20,Buff_0153_20,Buff_Common_SP
0154_00,Frieza (Z) Full Power,"Frieza (Z), Full Power",villain,7,Numeric_0154_00,Steps_0154_00,Combatives_0154_00,BulletSettingData_0154_00,Buff_0154_00,Buff_Common_SP
0155_00,Golden Frieza,Golden Frieza,Almighty,8,Numeric_0155_00,Steps_0155_00,Combatives_0155_00,BulletSettingData_0155_00,Buff_0155_00,Buff_Common_SP
0160_00,Cell 1st Form,"Cell, 1st Form",Normal,,Numeric_0160_00,Steps_0160_00,Combatives_0160_00,BulletSettingData_0160_00,Buff_0160_00,Buff_Common_SP
0161_00,Cell 2nd Form,"Cell, 2nd Form",Normal,,Numeric_0161_00,Steps_0161_00,Combatives_0161_00,BulletSettingData_0161_00,Buff_0161_00,Buff_Common_SP
0162_00,Cell Perfect Form,"Cell, Perfect Form",villain,6,Numeric_0162_00,Steps_0162_00,Combatives_0162_00,BulletSettingData_0162_00,Buff_0162_00,Buff_Common_SP
0162_01,Perfect Cell,Perfect Cell,Almighty,7,Numeric_0162_01,Steps_0162_01,Combatives_0162_01,BulletSettingData_0162_01,Buff_0162_01,Buff_Common_SP
0163_00,Cell Jr.,Cell Jr.,Normal,3,Numeric_0163_00,Steps_0163_00,Combatives_0163_00,BulletSettingData_0163_00,Buff_0163_00,Buff_Common_SP
0170_00,Majin Buu,Majin Buu,Power,6,Numeric_0170_00,Steps_0170_00,Combatives_0170_00,BulletSettingData_0170_00,Buff_0170_00,Buff_Common_SP
0171_00,Majin Buu (Evil),Majin Buu (Evil),Speed,6,Numeric_0171_00,Steps_0171_00,Combatives_0171_00,BulletSettingData_0171_00,Buff_0171_00,Buff_Common_SP
0172_00,Super Buu,Super Buu,villain,6,Numeric_0172_00,Steps_0172_00,Combatives_0172_00,BulletSettingData_0172_00,Buff_0172_00,Buff_Common_SP
0172_10,Super Buu (Gotenks Absorbed),Super Buu (Gotenks Absorbed),Almighty,7,Numeric_0172_10,Steps_0172_10,Combatives_0172_10,BulletSettingData_0172_10,Buff_0172_10,Buff_Common_SP
0172_11,Super Buu (Gohan Absorbed),Super Buu (Gohan Absorbed),Almighty,7,Numeric_0172_11,Steps_0172_11,Combatives_0172_11,BulletSettingData_0172_11,Buff_0172_11,Buff_Common_SP
0173_00,Kid Buu,Kid Buu,Almighty,7,Numeric_0173_00,Steps_0173_00,Combatives_0173_00,BulletSettingData_0173_00,Buff_0173_00,Buff_Common_SP
0180_00,Mr. Satan,Mr. Satan,Satan,1,Numeric_0180_00,Steps_0180_00,Combatives_0180_00,BulletSettingData_0180_00,Buff_0180_00,Buff_Common_SP_Weak
0190_00,Chiaotzu,Chiaotzu,Shoot,2,Numeric_0190_00,Steps_0190_00,Combatives_0190_00,BulletSettingData_0190_00,Buff_0190_00,Buff_Common_SP
0210_00,Yajirobe,Yajirobe,Skill2,2,Numeric_0210_00,Steps_0210_00,Combatives_0210_00,BulletSettingData_0210_00,Buff_0210_00,Buff_Common_SP
0220_00,Pikkon,Pikkon,Normal,6,Numeric_0220_00,Steps_0220_00,Combatives_0220_00,BulletSettingData_0220_00,Buff_0220_00,Buff_Common_SP
0230_00,Pan (GT),Pan (GT),Normal,3,Numeric_0230_00,Steps_0230_00,Combatives_0230_00,BulletSettingData_0230_00,Buff_0230_00,Buff_Common_SP
0240_00,Uub (GT),Uub (GT),Normal,4,Numeric_0240_00,Steps_0240_00,Combatives_0240_00,BulletSettingData_0240_00,Buff_0240_00,Buff_Common_SP_STR_001
0240_01,Majuub (GT),Majuub (GT),Normal,6,Numeric_0240_01,Steps_0240_01,Combatives_0240_01,BulletSettingData_0240_01,Buff_0240_01,Buff_Common_SP
0260_00,Grandpa Gohan,Grandpa Gohan,Skill,2,Numeric_0260_00,Steps_0260_00,Combatives_0260_00,BulletSettingData_0260_00,Buff_0260_00,Buff_Common_SP
0270_00,Nam,Nam,Skill,2,Numeric_0270_00,Steps_0270_00,Combatives_0270_00,BulletSettingData_0270_00,Buff_0270_00,Buff_Common_SP
0280_00,Eighter,Eighter,Android Normal,2,Numeric_0280_00,Steps_0280_00,Combatives_0280_00,BulletSettingData_0280_00,Buff_0280_00,Buff_Common_SP
0301_00,Chi-Chi,Chi-Chi,Skill,2,Numeric_0301_00,Steps_0301_00,Combatives_0301_00,BulletSettingData_0301_00,Buff_0301_00,Buff_Common_SP
0310_00,Bardock,Bardock,Normal,4,Numeric_0310_00,Steps_0310_00,Combatives_0310_00,BulletSettingData_0310_00,Buff_0310_00,Buff_Common_SP
0310_01,Bardock Super Saiyan,"Bardock, Super Saiyan",Saiyan,6,Numeric_0310_01,Steps_0310_00,Combatives_0310_01,BulletSettingData_0310_01,Buff_0310_01,Buff_Common_SP
0320_00,Raditz,Raditz,Normal,3,Numeric_0320_00,Steps_0320_00,Combatives_0320_00,BulletSettingData_0320_00,Buff_0320_00,Buff_Common_SP
0330_00,Saibaman,Saibaman,Normal,2,Numeric_0330_00,Steps_0330_00,Combatives_0330_00,BulletSettingData_0330_00,Buff_0330_00,Buff_Common_SP
0340_00,Nappa,Nappa,Power,3,Numeric_0340_00,Steps_0340_00,Combatives_0340_00,BulletSettingData_0340_00,Buff_0340_00,Buff_Common_SP
0350_00,Zarbon,Zarbon,Speed,3,Numeric_0350_00,Steps_0350_00,Combatives_0350_00,BulletSettingData_0350_00,Buff_0350_00,Buff_Common_SP
0351_00,Super Zarbon,Super Zarbon,Power,3,Numeric_0351_00,Steps_0351_00,Combatives_0351_00,BulletSettingData_0351_00,Buff_0351_00,Buff_Common_SP
0360_00,Dodoria,Dodoria,Power,3,Numeric_0360_00,Steps_0360_00,Combatives_0360_00,BulletSettingData_0360_00,Buff_0360_00,Buff_Common_SP
0370_00,Cui,Cui,Normal,3,Numeric_0370_00,Steps_0370_00,Combatives_0370_00,BulletSettingData_0370_00,Buff_0370_00,Buff_Common_SP
0380_00,Captain Ginyu,Captain Ginyu,Normal,4,Numeric_0380_00,Steps_0380_00,Combatives_0380_00,BulletSettingData_0380_00,Buff_0380_00,Buff_Common_SP
0390_00,Recoome,Recoome,Power,3,Numeric_0390_00,Steps_0390_00,Combatives_0390_00,BulletSettingData_0390_00,Buff_0390_00,Buff_Common_SP
0400_00,Burter,Burter,Speed,3,Numeric_0400_00,Steps_0400_00,Combatives_0400_00,BulletSettingData_0400_00,Buff_0400_00,Buff_Common_SP
0410_00,Jeice,Jeice,Normal,3,Numeric_0410_00,Steps_0410_00,Combatives_0410_00,BulletSettingData_0410_00,Buff_0410_00,Buff_Common_SP
0420_00,Guldo,Guldo,Normal,2,Numeric_0420_00,Steps_0420_00,Combatives_0420_00,BulletSettingData_0420_00,Buff_0420_00,Buff_Common_SP
0430_00,King Cold,King Cold,Power,4,Numeric_0430_00,Steps_0430_00,Combatives_0430_00,BulletSettingData_0430_00,Buff_0430_00,Buff_Common_SP
0440_00,Android 16,Android 16,Android Power,,Numeric_0440_00,Steps_0440_00,Combatives_0440_00,BulletSettingData_0440_00,Buff_0440_00,Buff_Common_SP
0450_00,Android 17 (Z),Android 17 (Z),Android Shoot,,Numeric_0450_00,Steps_0450_00,Combatives_0450_00,BulletSettingData_0450_00,Buff_0450_00,Buff_Common_SP
0450_10,Android 17 (Super),Android 17 (Super),Android Shoot,6,Numeric_0450_10,Steps_0450_10,Combatives_0450_10,BulletSettingData_0450_10,Buff_0450_10,Buff_Common_SP
0451_00,Super 17 (GT),Super 17 (GT),Android Shoot,8,Numeric_0451_00,Steps_0451_00,Combatives_0451_00,BulletSettingData_0451_00,Buff_0451_00,Buff_Common_SP
0460_00,Android 18,Android 18,Android Shoot,,Numeric_0460_00,Steps_0460_00,Combatives_0460_00,BulletSettingData_0460_00,Buff_0460_00,Buff_Common_SP
0470_00,Android 19,Android 19,Mecha Power,4,Numeric_0470_00,Steps_0470_00,Combatives_0470_00,BulletSettingData_0470_00,Buff_0470_00,Buff_Common_SP
0480_00,Dr. Gero,Dr. Gero,Mecha Normal,4,Numeric_0480_00,Steps_0480_00,Combatives_0480_00,BulletSettingData_0480_00,Buff_0480_00,Buff_Common_SP
0490_00,Babidi,Babidi,Shoot,3,Numeric_0490_00,Steps_0490_00,Combatives_0490_00,BulletSettingData_0490_00,Buff_0490_00,Buff_Common_SP
0500_00,Dabura,Dabura,villain,6,Numeric_0500_00,Steps_0500_00,Combatives_0500_00,BulletSettingData_0500_00,Buff_0500_00,Buff_Common_SP
0510_00,King Vegeta,King Vegeta,Normal,4,Numeric_0510_00,Steps_0510_00,Combatives_0510_00,BulletSettingData_0510_00,Buff_0510_00,Buff_Common_SP
0540_00,Frieza Force Soldier,Frieza Force Soldier,Normal,2,Numeric_0540_00,Steps_0540_00,Combatives_0540_00,BulletSettingData_0540_00,Buff_0540_00,Buff_Common_SP
0550_00,Broly (Z),Broly (Z),Normal,,Numeric_0550_00,Steps_0550_00,Combatives_0550_00,BulletSettingData_0550_00,Buff_0550_00,Buff_Common_SP
0551_00,Broly (Z) Super Saiyan,"Broly (Z), Super Saiyan",Power,7,Numeric_0551_00,Steps_0551_00,Combatives_0551_00,BulletSettingData_0551_00,Buff_0551_00,Buff_Common_SP
0552_00,Broly (Z) Legendary Super Saiyan,"Broly (Z), Legendary Super Saiyan",legend Saiyan,9,Numeric_0552_00,Steps_0552_00,Combatives_0552_00,BulletSettingData_0552_00,Buff_0552_00,Buff_Common_SP
0553_00,Broly (Super),Broly (Super),Normal,,Numeric_0553_00,Steps_0553_00,Combatives_0553_00,BulletSettingData_0553_00,Buff_0553_00,Buff_Common_SP
0554_00,Broly (Super) Super Saiyan,"Broly (Super), Super Saiyan",Power,7,Numeric_0554_00,Steps_0554_00,Combatives_0554_00,BulletSettingData_0554_00,Buff_0554_00,Buff_Common_SP
0555_00,Broly (Super) Super Saiyan (Full Power),"Broly (Super), Super Saiyan (Full Power)",legend Saiyan,9,Numeric_0555_00,Steps_0555_00,Combatives_0555_00,BulletSettingData_0555_00,Buff_0555_00,Buff_Common_SP
0561_00,Super Garlic Jr.,Super Garlic Jr.,Power,4,Numeric_0561_00,Steps_0561_00,Combatives_0561_00,BulletSettingData_0561_00,Buff_0561_00,Buff_Common_SP
0570_00,Dr. Wheelo,Dr. Wheelo,giant,4,Numeric_0570_00,Steps_0570_00,Combatives_0570_00,BulletSettingData_0570_00,Buff_0570_00,Buff_Common_SP_Huge
0580_00,Turles,Turles,Shoot,4,Numeric_0580_00,Steps_0580_00,Combatives_0580_00,BulletSettingData_0580_00,Buff_0580_00,Buff_Common_SP
0590_00,Lord Slug,Lord Slug,Power,4,Numeric_0590_00,Steps_0590_00,Combatives_0590_00,BulletSettingData_0590_00,Buff_0590_00,Buff_Common_SP
0591_00,Lord Slug Giant Form,"Lord Slug, Giant Form",giant,6,Numeric_0591_00,Steps_0591_00,Combatives_0591_00,BulletSettingData_0591_00,Buff_0591_00,Buff_Common_SP_Huge
0600_00,Cooler,Cooler,Normal,6,Numeric_0600_00,Steps_0600_00,Combatives_0600_00,BulletSettingData_0600_00,Buff_0600_00,Buff_Common_SP
0600_10,Metal Cooler,Metal Cooler,villain,7,Numeric_0600_10,Steps_0600_10,Combatives_0600_10,BulletSettingData_0600_10,Buff_0600_10,Buff_Common_SP
0601_00,Cooler Final Form,"Cooler, Final Form",Power,7,Numeric_0601_00,Steps_0601_00,Combatives_0601_00,BulletSettingData_0601_00,Buff_0601_00,Buff_Common_SP
0610_00,Salza,Salza,Normal,4,Numeric_0610_00,Steps_0610_00,Combatives_0610_00,BulletSettingData_0610_00,Buff_0610_00,Buff_Common_SP
0620_00,Android 13,Android 13,Android Shoot,,Numeric_0620_00,Steps_0620_00,Combatives_0620_00,BulletSettingData_0620_00,Buff_0620_00,Buff_Common_SP
0621_00,Fusion Android 13,Fusion Android 13,Android Power,7,Numeric_0621_00,Steps_0621_00,Combatives_0621_00,BulletSettingData_0621_00,Buff_0621_00,Buff_Common_SP
0630_00,Bojack,Bojack,Power,,Numeric_0630_00,Steps_0630_00,Combatives_0630_00,BulletSettingData_0630_00,Buff_0630_00,Buff_Common_SP
0631_00,Full-Power Bojack,Full-Power Bojack,Power,7,Numeric_0631_00,Steps_0631_00,Combatives_0631_00,BulletSettingData_0631_00,Buff_0631_00,Buff_Common_SP
0640_00,Zangya,Zangya,Speed,4,Numeric_0640_00,Steps_0640_00,Combatives_0640_00,BulletSettingData_0640_00,Buff_0640_00,Buff_Common_SP
0650_00,Janemba,Janemba,giant,,Numeric_0650_00,Steps_0650_00,Combatives_0650_00,BulletSettingData_0650_00,Buff_0650_00,Buff_Common_SP_Huge
0651_00,Super Janemba,Super Janemba,Almighty,7,Numeric_0651_00,Steps_0651_00,Combatives_0651_00,BulletSettingData_0651_00,Buff_0651_00,Buff_Common_SP
0660_00,Tapion,Tapion,Speed,4,Numeric_0660_00,Steps_0660_00,Combatives_0660_00,BulletSettingData_0660_00,Buff_0660_00,Buff_Common_SP
0670_00,Hirudegarn,Hirudegarn,giant,6,Numeric_0670_00,Steps_0670_00,Combatives_0670_00,BulletSettingData_0670_00,Buff_0670_00,Buff_Common_SP_Huge
0680_00,Baby Vegeta (GT),Baby Vegeta (GT),Vegeta_Shoot,,Numeric_0680_00,Steps_0680_00,Combatives_0680_00,BulletSettingData_0680_00,Buff_0680_00,Buff_Common_SP
0680_01,Super Baby 1 (GT),Super Baby 1 (GT),Normal,6,Numeric_0680_01,Steps_0680_01,Combatives_0680_01,BulletSettingData_0680_01,Buff_0680_01,Buff_Common_SP
0680_02,Super Baby 2 (GT),Super Baby 2 (GT),Almighty,7,Numeric_0680_02,Steps_0680_02,Combatives_0680_02,BulletSettingData_0680_02,Buff_0680_02,Buff_Common_SP
0681_00,Great Ape Baby (GT),Great Ape Baby (GT),giant,7,Numeric_0681_00,Steps_0681_00,Combatives_0681_00,BulletSettingData_0681_00,Buff_0681_00,Buff_Common_SP_Huge
0690_00,Nuova Shenron (GT),Nuova Shenron (GT),Speed,7,Numeric_0690_00,Steps_0690_00,Combatives_0690_00,BulletSettingData_0690_00,Buff_0690_00,Buff_Common_SP
0700_00,Syn Shenron (GT),Syn Shenron (GT),Power,7,Numeric_0700_00,Steps_0700_00,Combatives_0700_00,BulletSettingData_0700_00,Buff_0700_00,Buff_Common_SP
0700_01,Omega Shenron (GT),Omega Shenron (GT),Almighty,8,Numeric_0700_01,Steps_0700_01,Combatives_0700_01,BulletSettingData_0700_01,Buff_0700_01,Buff_Common_SP
0710_00,Mercenary Tao,Mercenary Tao,Normal,2,Numeric_0710_00,Steps_0710_00,Combatives_0710_00,BulletSettingData_0710_00,Buff_0710_00,Buff_Common_SP
0720_00,General Blue,General Blue,Normal,2,Numeric_0720_00,Steps_0720_00,Combatives_0720_00,BulletSettingData_0720_00,Buff_0720_00,Buff_Common_SP
0730_00,Spike the Devil Man,Spike the Devil Man,Normal,2,Numeric_0730_00,Steps_0730_00,Combatives_0730_00,BulletSettingData_0730_00,Buff_0730_00,Buff_Common_SP
0760_00,Spopovich,Spopovich,Power,2,Numeric_0760_00,Steps_0760_00,Combatives_0760_00,BulletSettingData_0760_00,Buff_0760_00,Buff_Common_SP
0780_00,Beerus,Beerus,god,10,Numeric_0780_00,Steps_0780_00,Combatives_0780_00,BulletSettingData_0780_00,Buff_0780_00,Buff_Common_SP
0790_00,Whis,Whis,god,10,Numeric_0790_00,Steps_0790_00,Combatives_0790_00,BulletSettingData_0790_00,Buff_0790_00,Buff_Common_SP
0800_00,Goku Black,Goku Black,Normal,,Numeric_0800_00,Steps_0800_00,Combatives_0800_00,BulletSettingData_0800_00,Buff_0800_00,Buff_Common_SP
0800_01,Goku Black Super Saiyan Rosé,"Goku Black, Super Saiyan Rosé",Saiyan,8,Numeric_0800_01,Steps_0800_01,Combatives_0800_01,BulletSettingData_0800_01,Buff_0800_01,Buff_Common_SP
0810_00,Zamasu,Zamasu,villain,,Numeric_0810_00,Steps_0810_00,Combatives_0810_00,BulletSettingData_0810_00,Buff_0810_00,Buff_Common_SP
0810_01,Fused Zamasu,Fused Zamasu,villain,8,Numeric_0810_01,Steps_0810_01,Combatives_0810_01,BulletSettingData_0810_01,Buff_0810_01,Buff_Common_SP
0811_00,Fused Zamasu Half-Corrupted,"Fused Zamasu, Half-Corrupted",Power,9,Numeric_0811_00,Steps_0811_00,Combatives_0811_00,BulletSettingData_0811_00,Buff_0811_00,Buff_Common_SP
0820_00,Demon King Piccolo,Demon King Piccolo,Shoot,4,Numeric_0820_00,Steps_0820_00,Combatives_0820_00,BulletSettingData_0820_00,Buff_0820_00,Buff_Common_SP
0830_00,Jaco,Jaco,Shoot,3,Numeric_0830_00,Steps_0830_00,Combatives_0830_00,BulletSettingData_0830_00,Buff_0830_00,Buff_Common_SP
0870_00,Hit,Hit,rival,8,Numeric_0870_00,Steps_0870_00,Combatives_0870_00,BulletSettingData_0870_00,Buff_0870_00,Buff_Common_SP
0881_00,Frost,Frost,Shoot,6,Numeric_0881_00,Steps_0881_00,Combatives_0881_00,BulletSettingData_0881_00,Buff_0881_00,Buff_Common_SP
0890_00,Cabba,Cabba,Normal,,Numeric_0890_00,Steps_0890_00,Combatives_0890_00,BulletSettingData_0890_00,Buff_0890_00,Buff_Common_SP
0890_01,Cabba Super Saiyan,"Cabba, Super Saiyan",Saiyan,6,Numeric_0890_01,Steps_0890_01,Combatives_0890_01,BulletSettingData_0890_01,Buff_0890_01,Buff_Common_SP
0890_02,Cabba Super Saiyan 2,"Cabba, Super Saiyan 2",Saiyan,7,Numeric_0890_02,Steps_0890_02,Combatives_0890_02,BulletSettingData_0890_02,Buff_0890_02,Buff_Common_SP
0900_00,Caulifla,Caulifla,Normal,,Numeric_0900_00,Steps_0900_00,Combatives_0900_00,BulletSettingData_0900_00,Buff_0900_00,Buff_Common_SP
0900_02,Caulifla Super Saiyan 2,"Caulifla, Super Saiyan 2",Saiyan,7,Numeric_0900_02,Steps_0900_02,Combatives_0900_02,BulletSettingData_0900_02,Buff_0900_02,Buff_Common_SP
0910_00,Kale,Kale,Normal,,Numeric_0910_00,Steps_0910_00,Combatives_0910_00,BulletSettingData_0910_00,Buff_0910_00,Buff_Common_SP
0911_00,Kale Super Saiyan (Berserk),"Kale, Super Saiyan (Berserk)",legend Saiyan,7,Numeric_0911_00,Steps_0911_00,Combatives_0911_00,BulletSettingData_0911_00,Buff_0911_00,Buff_Common_SP
0912_00,Kale Super Saiyan,"Kale, Super Saiyan",Saiyan,6,Numeric_0912_00,Steps_0912_00,Combatives_0912_00,BulletSettingData_0912_00,Buff_0912_00,Buff_Common_SP
0920_00,Kefla,Kefla,union,6,Numeric_0920_00,Steps_0920_00,Combatives_0920_00,BulletSettingData_0920_00,Buff_0920_00,Buff_Common_SP
0920_01,Kefla Super Saiyan,"Kefla, Super Saiyan",union,7,Numeric_0920_01,Steps_0920_01,Combatives_0920_01,BulletSettingData_0920_01,Buff_0920_01,Buff_Common_SP
0920_02,Kefla Super Saiyan 2,"Kefla, Super Saiyan 2",union,8,Numeric_0920_02,Steps_0920_02,Combatives_0920_02,BulletSettingData_0920_02,Buff_0920_02,Buff_Common_SP
0930_00,Jiren,Jiren,rival,8,Numeric_0930_00,Steps_0930_00,Combatives_0930_00,BulletSettingData_0930_00,Buff_0930_00,Buff_Common_SP
0931_00,Jiren Full Power,"Jiren, Full Power",Almighty,9,Numeric_0931_00,Steps_0931_00,Combatives_0931_00,BulletSettingData_0931_00,Buff_0931_00,Buff_Common_SP
0940_00,Toppo,Toppo,Shoot,7,Numeric_0940_00,Steps_0940_00,Combatives_0940_00,BulletSettingData_0940_00,Buff_0940_00,Buff_Common_SP
0941_00,Toppo God of Destruction,"Toppo, God of Destruction",god,8,Numeric_0941_00,Steps_0941_00,Combatives_0941_00,BulletSettingData_0941_00,Buff_0941_00,Buff_Common_SP
0950_00,Dyspo,Dyspo,Speed,6,Numeric_0950_00,Steps_0950_00,Combatives_0950_00,BulletSettingData_0950_00,Buff_0950_00,Buff_Common_SP
1000_00,Champa,Champa,god,10,Numeric_1000_00,Steps_1000_00,Combatives_1000_00,BulletSettingData_1000_00,Buff_1000_00,Buff_Common_SP
1190_00,Bergamo,Bergamo,Normal,,Numeric_1190_00,Steps_1190_00,Combatives_1190_00,BulletSettingData_1190_00,Buff_1190_00,Buff_Common_SP
1321_00,Ribrianne,Ribrianne,Power,,Numeric_1321_00,Steps_1321_00,Combatives_1321_00,BulletSettingData_1321_00,Buff_1321_00,Buff_Common_SP
1331_00,Kakunsa,Kakunsa,Speed,,Numeric_1331_00,Steps_1331_00,Combatives_1331_00,BulletSettingData_1331_00,Buff_1331_00,Buff_Common_SP
1341_00,Roasie,Roasie,Shoot,,Numeric_1341_00,Steps_1341_00,Combatives_1341_00,BulletSettingData_1341_00,Buff_1341_00,Buff_Common_SP
1500_00,Anilaza,Anilaza,giant,8,Numeric_1500_00,Steps_1500_00,Combatives_1500_00,BulletSettingData_1500_00,Buff_1500_00,Buff_Common_SP_Huge
1960_00,Cheelai,Cheelai,Skill,3,Numeric_1960_00,Steps_1960_00,Combatives_1960_00,BulletSettingData_1960_00,Buff_1960_00,Buff_Common_SP
3000_00,Gohan (Super Hero),Gohan (Super Hero),Normal,4,Numeric_3000_00,Steps_3000_00,Combatives_3000_00,BulletSettingData_3000_00,Buff_3000_00,Buff_Common_SP
3000_01,Gohan (Super Hero) Super Saiyan,"Gohan (Super Hero), Super Saiyan",Saiyan,6,Numeric_3000_01,Steps_3000_01,Combatives_3000_01,BulletSettingData_3000_01,Buff_3000_01,Buff_Common_SP
3000_02,Ultimate Gohan (Super Hero),Ultimate Gohan (Super Hero),Almighty,8,Numeric_3000_02,Steps_3000_02,Combatives_3000_02,BulletSettingData_3000_02,Buff_3000_02,Buff_Common_SP
3000_03,Gohan Beast,Gohan Beast,Secret,9,Numeric_3000_03,Steps_3000_03,Combatives_3000_03,BulletSettingData_3000_03,Buff_3000_03,Buff_Common_SP
3010_00,Piccolo (Super Hero),Piccolo (Super Hero),Normal,,Numeric_3010_00,Steps_0040_10,Combatives_3010_00,BulletSettingData_3010_00,Buff_3010_00,Buff_Common_SP
3010_01,Piccolo (Super Hero) Power Awakening,"Piccolo (Super Hero), Power Awakening",rival,6,Numeric_3010_01,Steps_3010_01,Combatives_3010_01,BulletSettingData_3010_01,Buff_3010_01,Buff_Common_SP
3011_00,Orange Piccolo,Orange Piccolo,Almighty,8,Numeric_3011_00,Steps_3011_00,Combatives_3011_00,BulletSettingData_3011_00,Buff_3011_00,Buff_Common_SP
3012_00,Orange Piccolo Giant Form,"Orange Piccolo, Giant Form",giant,8,Numeric_3012_00,Steps_3012_00,Combatives_3012_00,BulletSettingData_3012_00,Buff_3012_00,Buff_Common_SP_Huge
3020_00,Gamma 1,Gamma 1,Android Shoot,7,Numeric_3020_00,Steps_3020_00,Combatives_3020_00,BulletSettingData_3020_00,Buff_3020_00,Buff_Common_SP
3030_00,Gamma 2,Gamma 2,Android Shoot,7,Numeric_3030_00,Steps_3030_00,Combatives_3030_00,BulletSettingData_3030_00,Buff_3030_00,Buff_Common_SP
3040_00,Cell Max,Cell Max,giant,9,Numeric_3040_00,Steps_3040_00,Combatives_3040_00,BulletSettingData_3040_00,Buff_3040_00,Buff_Common_SP_Huge
3050_00,Goku (Mini),Goku (Mini),Normal,4,Numeric_3050_00,Steps_0000_00,Combatives_3050_00,BulletSettingData_3050_00,Buff_3050_00,Buff_Common_SP
3050_01,Goku (Mini) Super Saiyan,"Goku (Mini), Super Saiyan",Saiyan,,Numeric_3050_01,Steps_0000_00,Combatives_3050_01,BulletSettingData_3050_01,Buff_3050_01,Buff_Common_SP
3050_14,Goku (Mini) Super Saiyan 4,"Goku (Mini), Super Saiyan 4",Saiyan,7,Numeric_3050_14,Steps_0000_00,Combatives_3050_14,BulletSettingData_3050_14,Buff_3050_14,Buff_Common_SP
3060_00,Vegeta (Mini),Vegeta (Mini),Vegeta_Shoot,4,Numeric_3060_00,Steps_0082_00,Combatives_3060_00,BulletSettingData_3060_00,Buff_3060_00,Buff_Common_SP
3060_01,Vegeta (Mini) Super Saiyan,"Vegeta (Mini), Super Saiyan",Saiyan_Shoot,,Numeric_3060_01,Steps_0082_00,Combatives_3060_01,BulletSettingData_3060_01,Buff_3060_01,Buff_Common_SP
3060_02,Vegeta (Mini) Super Saiyan 2,"Vegeta (Mini), Super Saiyan 2",Saiyan_Shoot,6,Numeric_3060_02,Steps_0082_00,Combatives_3060_02,BulletSettingData_3060_02,Buff_3060_02,Buff_Common_SP
3060_03,Vegeta (Mini) Super Saiyan 3,"Vegeta (Mini), Super Saiyan 3",Saiyan_Shoot,7,Numeric_3060_03,Steps_0082_00,Combatives_3060_03,BulletSettingData_3060_03,Buff_3060_03,Buff_Common_SP
3070_00,Glorio,Glorio,Normal,4,Numeric_3070_00,Steps_0080_10,Combatives_3070_00,BulletSettingData_3070_00,Buff_3070_00,Buff_Common_SP
3080_00,Third Eye Gomah,Third Eye Gomah,Power,7,Numeric_3080_00,Steps_3080_00,Combatives_3080_00,BulletSettingData_3080_00,Buff_3080_00,Buff_Common_SP
3100_03,Vegeta (Daima) Super Saiyan 3,"Vegeta (DAIMA), Super Saiyan 3",Saiyan_Shoot,7,Numeric_3100_03,Steps_0000_00,Combatives_3100_03,BulletSettingData_3100_03,Buff_3100_03,Buff_Common_SP
3110_00,Majin Kuu,Majin Kuu,Normal,,Numeric_3110_00,Steps_0082_00,Combatives_3110_00,BulletSettingData_3110_00,Buff_3110_00,Buff_Common_SP
3130_00,Panzy,Panzy,Skill,2,Numeric_3130_00,Steps_3130_00,Combatives_3130_00,BulletSettingData_3130_00,Buff_3130_00,Buff_Common_SP
3120_04,Goku (Daima) Super Saiyan 4,"Goku (DAIMA), Super Saiyan 4",Saiyan,8,Numeric_3120_04,Steps_0000_00,Combatives_3120_04,BulletSettingData_3120_04,Buff_3120_04,Buff_Common_SP
3140_00,Majin Duu,Majin Duu,Power,7,Numeric_3140_00,Steps_3140_00,Combatives_3140_00,BulletSettingData_3140_00,Buff_3140_00,Buff_Common_SP
3150_00,Giant Gomah,Giant Gomah,giant,8,Numeric_3150_00,Steps_3150_00,Combatives_3150_00,BulletSettingData_3150_00,Buff_3150_00,Buff_Common_SP
3160_00,Shallot,Shallot,Normal,,Numeric_3160_00,Steps_3160_00,Combatives_3160_00,BulletSettingData_3160_00,Buff_3160_00,Buff_Common_SP
3170_00,Supreme Kai,Supreme Kai,god,4,Numeric_3170_00,Steps_3170_00,Combatives_3170_00,BulletSettingData_3170_00,Buff_3170_00,Buff_Common_SP
3190_00,Fasha,Fasha,Speed,3,Numeric_3190_00,Steps_3190_00,Combatives_3190_00,BulletSettingData_3190_00,Buff_3190_00,Buff_Common_SP
3270_00,Vegeta (GT),Vegeta (GT),Vegeta_Shoot,,Numeric_3270_00,Steps_0020_31,Combatives_3270_00,BulletSettingData_3270_00,Buff_3270_00,Buff_Common_SP
3270_01,Vegeta (GT) Super Saiyan,"Vegeta (GT), Super Saiyan",Saiyan_Shoot,6,Numeric_3270_01,Steps_0020_31,Combatives_3270_01,BulletSettingData_3270_01,Buff_3270_01,Buff_Common_SP
3280_00,Trunks (GT),Trunks (GT),Normal,4,Numeric_3280_00,Steps_3280_00,Combatives_3280_00,BulletSettingData_3280_00,Buff_3280_00,Buff_Common_SP
3280_01,Trunks (GT) Super Saiyan,"Trunks (GT), Super Saiyan",Saiyan,,Numeric_3280_01,Steps_3280_01,Combatives_3280_01,BulletSettingData_3280_01,Buff_3280_01,Buff_Common_SP
3290_00,Hell Fighter 17,Hell Fighter 17,Android Shoot,,Numeric_3290_00,Steps_3290_00,Combatives_3290_00,BulletSettingData_3290_00,Buff_3290_00,Buff_Common_SP
3300_00,Goku (World Tournament),Goku (World Tournament),Normal,3,Numeric_3300_00,Steps_3300_00,Combatives_3300_00,BulletSettingData_3300_00,Buff_3300_00,Buff_Common_SP
3310_00,Ma Junior,Ma Junior,villain,3,Numeric_3310_00,Steps_0040_00,Combatives_3310_00,BulletSettingData_3310_00,Buff_3310_00,Buff_Common_SP
3310_10,Ma Junior Giant Form,"Ma Junior, Giant Form",giant,4,Numeric_3310_10,Steps_3310_10,Combatives_3310_10,BulletSettingData_3310_10,Buff_3310_10,Buff_Common_SP_Huge
3320_00,Tien (World Tournament),Tien (World Tournament),rival,3,Numeric_3320_00,Steps_0070_00,Combatives_3320_00,BulletSettingData_3320_00,Buff_3320_00,Buff_Common_SP
3330_00,Uub (Kid),Uub (Kid),Skill,2,Numeric_3330_00,Steps_0000_00,Combatives_3330_00,BulletSettingData_3330_00,Buff_3330_00,Buff_Common_SP_STR_001
3350_00,Tora,Tora,Normal,3,Numeric_3350_00,Steps_0320_00,Combatives_3350_00,BulletSettingData_3350_00,Buff_3350_00,Buff_Common_SP
3360_00,Chilled,Chilled,villain,,Numeric_3360_00,Steps_3360_00,Combatives_3360_00,BulletSettingData_3360_00,Buff_3360_00,Buff_Common_SP
