action,part,order,file,characters
actAHFN,None,0,Combatives_Common_actAHFN,241
actARSHA1,None,0,Combatives_Common_actARSHA1,238
actARSHA2,None,0,Combatives_Common_actARSHA2,227
actARSHA3,None,0,Combatives_Common_actARSHA3,215
actARSHA4,None,0,Combatives_Common_actARSHA4,231
actARSHA5,None,0,Combatives_Common_actARSHA5,241
actARSHB1,None,0,Combatives_Common_actARSHB1,239
actARSHB2,None,0,Combatives_Common_actARSHB2,229
actARSHB3,None,0,Combatives_Common_actARSHB3,218
actARSHB4,None,0,Combatives_Common_actARSHB4,225
actARSHB5,None,0,Combatives_Common_actARSHB5,240
actASMDF,None,0,Combatives_Common_actASMDF,241
actBC1,None,0,Combatives_Common_actBC1,241
actBC2,None,0,Combatives_Common_actBC2,241
actBLF1W_B1SSG,None,0,Combatives_Common_actBLF1W_B1SSG,241
actBLF1W_B1SSG2,None,0,Combatives_Common_actBLF1W_B1SSG2,241
actBLF1W_B1SSG3,None,0,Combatives_Common_actBLF1W_B1SSG3,241
actBLF1W_B1SSGUB,None,0,Combatives_Common_actBLF1W_B1SSGUB,241
actBLF1W_B1SSGUB2,None,0,Combatives_Common_actBLF1W_B1SSGUB2,241
actBLWB,None,0,Combatives_Common_actBLWB,230
actBLWF,None,0,Combatives_Common_actBLWF,230
actBNDP,None,0,Combatives_Common_actBNDP,241
actBNDS,None,0,Combatives_Common_actBNDS,241
actBSA,None,0,Combatives_Common_actBSA,241
actBSFD,None,0,Combatives_Common_actBSFD,241
actBSFU,None,0,Combatives_Common_actBSFU,241
actBSM1,None,0,Combatives_Common_actBSM1,241
actBSM2,None,0,Combatives_Common_actBSM2,239
actBSRA1,None,0,Combatives_Common_actBSRA1,238
actBSRA2,None,0,Combatives_Common_actBSRA2,228
actBSRA3,None,0,Combatives_Common_actBSRA3,216
actBSRA4,None,0,Combatives_Common_actBSRA4,232
actBSRB1,None,0,Combatives_Common_actBSRB1,239
actBSRB2,None,0,Combatives_Common_actBSRB2,229
actBSRB3,None,0,Combatives_Common_actBSRB3,219
actBSRB4,None,0,Combatives_Common_actBSRB4,225
actBSSD,None,0,Combatives_Common_actBSSD,241
actBSSL,None,0,Combatives_Common_actBSSL,241
actBSSM,None,0,Combatives_Common_actBSSM,241
actBSSR,None,0,Combatives_Common_actBSSR,241
actBSSU,None,0,Combatives_Common_actBSSU,241
actBWF,None,0,Combatives_Common_actBWF,230
actBWN,None,0,Combatives_Common_actBWN,230
actBWP,None,0,Combatives_Common_actBWP,231
actCAS,None,0,Combatives_Common_actCAS,241
actCHG,None,0,Combatives_Common_actCHG,243
actCOA0,None,0,Combatives_Common_actCOA0,241
actCOA1,None,0,Combatives_Common_actCOA1,241
actCOA1P,None,0,Combatives_Common_actCOA1P,241
actCOA2,None,0,Combatives_Common_actCOA2,241
actCRFFD,None,0,Combatives_Common_actCRFFD,240
actCRFFO,None,0,Combatives_Common_actCRFFO,238
actCRFI,None,0,Combatives_Common_actCRFI,239
actCRFLD,None,0,Combatives_Common_actCRFLD,240
actCRFLO,None,0,Combatives_Common_actCRFLO,238
actCRFNE,None,0,Combatives_Common_actCRFNE,241
actCRFNEA,None,0,Combatives_Common_actCRFNEA,241
actCRFRD,None,0,Combatives_Common_actCRFRD,239
actCRFRO,None,0,Combatives_Common_actCRFRO,238
actCRFVE,None,0,Combatives_Common_actCRFVE,241
actCRFVEA,None,0,Combatives_Common_actCRFVEA,241
actDDADF,None,0,Combatives_Common_actDDADF,241
actDDADN,None,0,Combatives_Common_actDDADN,241
actDDADP,None,0,Combatives_Common_actDDADP,241
actDDALF,None,0,Combatives_Common_actDDALF,241
actDDALN,None,0,Combatives_Common_actDDALN,241
actDDALP,None,0,Combatives_Common_actDDALP,241
actDDAMF,None,0,Combatives_Common_actDDAMF,241
actDDAMN,None,0,Combatives_Common_actDDAMN,241
actDDAMP,None,0,Combatives_Common_actDDAMP,241
actDDARF,None,0,Combatives_Common_actDDARF,241
actDDARN,None,0,Combatives_Common_actDDARN,241
actDDARP,None,0,Combatives_Common_actDDARP,241
actDDAUF,None,0,Combatives_Common_actDDAUF,241
actDDAUN,None,0,Combatives_Common_actDDAUN,241
actDDAUP,None,0,Combatives_Common_actDDAUP,241
actDDS,None,0,Combatives_Common_actDDS,211
actDS1,None,0,Combatives_Common_actDS1,241
actDS2,None,0,Combatives_Common_actDS2,241
actDS3,None,0,Combatives_Common_actDS3,241
actDSMD,None,0,Combatives_Common_actDSMD,241
actDSML,None,0,Combatives_Common_actDSML,241
actDSMM,None,0,Combatives_Common_actDSMM,241
actDSMR,None,0,Combatives_Common_actDSMR,241
actDSMU,None,0,Combatives_Common_actDSMU,241
actDT1,None,0,Combatives_Common_actDT1,241
actDT2,None,0,Combatives_Common_actDT2,241
actDT3,None,0,Combatives_Common_actDT3,241
actDTW,None,0,Combatives_Common_actDTW,230
actDTW1P,None,0,Combatives_Common_actDTW1P_1,135
actES1,None,0,Combatives_Common_actES1,241
actES2,None,0,Combatives_Common_actES2,241
actES3,None,0,Combatives_Common_actES3,241
actFLK,1/2発目,0,Combatives_Common_actFLK,234
actFLK,2/2発目,1,Combatives_Common_actFLK_2,234
actFLKF,None,0,Combatives_Common_actFLKF,241
actFR1,1/3発目,0,Combatives_Common_actFR1,240
actFR1,2/3発目,1,Combatives_Common_actFR1,237
actFR1,3/3発目,2,Combatives_Common_actFR1_3,237
actFR2,None,0,Combatives_Common_actFR2,241
actGSF,None,0,Combatives_Common_actGSF,240
actGSN,None,0,Combatives_Common_actGSN,240
actGSP,None,0,Combatives_Common_actGSP,240
actHC1,None,0,Combatives_Common_actHC1,230
actHC2,None,0,Combatives_Common_actHC2,230
actHC3,None,0,Combatives_Common_actHC3,230
actHFF,None,0,Combatives_Common_actHFF,232
actHFN,None,0,Combatives_Common_actHFN,232
actHFP,None,0,Combatives_Common_actHFP,232
actJMSF,None,0,Combatives_Common_actJMSF,241
actJMSN,None,0,Combatives_Common_actJMSN,241
actJMSP,None,0,Combatives_Common_actJMSP,241
actLFF,None,0,Combatives_Common_actLFF,241
actLFN,None,0,Combatives_Common_actLFN,241
actLFP,None,0,Combatives_Common_actLFP,241
actLTA1P,None,0,Combatives_Common_actLTA1P,241
actLTAC,None,0,Combatives_Common_actLTA,241
actLTAFT,None,0,Combatives_Common_actLTAFT,241
actLTAOT,None,0,Combatives_Common_actLTAOT,241
actMSAF,None,0,Combatives_Common_actMSAF,241
actMSAN,None,0,Combatives_Common_actMSAN,241
actMSAP,None,0,Combatives_Common_actMSAP,241
actPP1A,1/2発目,0,Combatives_Common_actPP1A,231
actPP1A,2/2発目,1,Combatives_Common_actPP1A_F,231
actPP1A,None,2,Combatives_Common_actPP1A,239
actPP2,None,0,Combatives_Common_actPP2,241
actPWFC,None,0,Combatives_Common_actPWFC,241
actPWFF,None,0,Combatives_Common_actPWFF,230
actPWFFGtN,None,0,Combatives_Common_actPWFFGtN,241
actPWFFNtG,None,0,Combatives_Common_actPWFFNtG,241
actPWFL,None,0,Combatives_Common_actPWFL,241
actPWFP,None,0,Combatives_Common_actPWFP,241
actPWFW,None,0,Combatives_Common_actPWFW,241
actRFMC,None,0,Combatives_Common_actRFMC,241
actRH1L,None,0,Combatives_Common_actRH1L,241
actRH1R,None,0,Combatives_Common_actRH1R,241
actRH2,None,0,Combatives_Common_actRH2,241
actRHFL,None,0,Combatives_Common_actRHFL,230
actRHFR,None,0,Combatives_Common_actRHFR,230
actRHNL,None,0,Combatives_Common_actRHNL,230
actRHNR,None,0,Combatives_Common_actRHNR,230
actRHPL,None,0,Combatives_Common_actRHPL,230
actRHPR,None,0,Combatives_Common_actRHPR,230
actRI1,None,0,Combatives_Common_actRI1,230
actRI2,None,0,Combatives_Common_actRI2,241
actRIAD,None,0,Combatives_Common_actRIAD,241
actRIAF,None,0,Combatives_Common_actRIAF,241
actRIAU,None,0,Combatives_Common_actRIAU,241
actRSHA1,None,0,Combatives_Common_actRSHA1,221
actRSHA2,None,0,Combatives_Common_actRSHA2,209
actRSHA3,None,0,Combatives_Common_actRSHA3,198
actRSHA4,None,0,Combatives_Common_actRSHA4,211
actRSHA5,None,0,Combatives_Common_actRSHA5,241
actRSHB1,None,0,Combatives_Common_actRSHB1,220
actRSHB2,None,0,Combatives_Common_actRSHB2,212
actRSHB3,None,0,Combatives_Common_actRSHB3,200
actRSHB4,None,0,Combatives_Common_actRSHB4,206
actRSHB5,None,0,Combatives_Common_actRSHB5,241
actRSHSA1,None,0,Combatives_Common_actRSHSA1,240
actRSHSA2,None,0,Combatives_Common_actRSHSA2,230
actRSHSA3,None,0,Combatives_Common_actRSHSA3,216
actRSHSA4,None,0,Combatives_Common_actRSHSA4,232
actRSHSB1,None,0,Combatives_Common_actRSHSB1,241
actRSHSB2,None,0,Combatives_Common_actRSHSB2,232
actRSHSB3,None,0,Combatives_Common_actRSHSB3,224
actRSHSB4,None,0,Combatives_Common_actRSHSB4,229
actRVCA,None,0,Combatives_Common_actRVCA,241
actRVCH,None,0,Combatives_Common_actRVCH,241
actRVCL,None,0,Combatives_Common_actRVCL,241
actRVCLM,None,0,Combatives_Common_actRVCLM,241
actRVCLS,None,0,Combatives_Common_actRVCLS,241
actRVCO,None,0,Combatives_Common_actRVCO,241
actRVCOA,None,0,Combatives_Common_actRVCOA,241
actRVCOM,None,0,Combatives_Common_actDDS,211
actRVCR,None,0,Combatives_Common_actRVCR,241
actRVCRM,None,0,Combatives_Common_actRVCRM,241
actRVCRS,None,0,Combatives_Common_actRVCRS,241
actRVCSD,None,0,Combatives_Common_actRVCSD,241
actRVCSU,None,0,Combatives_Common_actRVCSU,241
actRWF,1/3発目,0,Combatives_Common_actRWF1,241
actRWF,2/3発目,1,Combatives_Common_actRWF2,241
actRWF,3/3発目,2,Combatives_Common_actRWF,241
actRWN,1/3発目,0,Combatives_Common_actRWN1,241
actRWN,2/3発目,1,Combatives_Common_actRWN2,241
actRWN,3/3発目,2,Combatives_Common_actRWN,241
actRWP,1/3発目,0,Combatives_Common_actRWP1,241
actRWP,2/3発目,1,Combatives_Common_actRWP2,241
actRWP,3/3発目,2,Combatives_Common_actRWP,241
actSCF,None,0,Combatives_Common_actSCF,230
actSCN,None,0,Combatives_Common_actSCN,230
actSCP,None,0,Combatives_Common_actSCP,231
actSCS,None,0,Combatives_Common_actSCS,241
actSFL,None,0,Combatives_Common_actSFL,241
actSI1,None,0,Combatives_Common_actSI1,230
actSI2,None,0,Combatives_Common_actSI2,241
actSIGtN,None,0,Combatives_Common_actSIGtN,241
actSINtG,None,0,Combatives_Common_actSINtG,232
actSINtGUB,None,0,Combatives_Common_actSINtGUB,228
actSMDF,None,0,Combatives_Common_actSMDF,241
actSMDH,None,0,Combatives_Common_actSMDH,241
actSMDJ,None,0,Combatives_Common_actSMDJ,241
actSMDN,None,0,Combatives_Common_actSMDN,241
actSMDP,None,0,Combatives_Common_actSMDP,241
actSMLF,None,0,Combatives_Common_actSMLF,241
actSMLH,None,0,Combatives_Common_actSMLH,241
actSMLJ,None,0,Combatives_Common_actSMLJ,241
actSMLN,None,0,Combatives_Common_actSMLN,241
actSMLP,None,0,Combatives_Common_actSMLP,241
actSMMF,None,0,Combatives_Common_actSMMF,241
actSMMH,None,0,Combatives_Common_actSMMH,241
actSMMJ,None,0,Combatives_Common_actSMMJ,241
actSMMN,None,0,Combatives_Common_actSMMN,241
actSMMP,None,0,Combatives_Common_actSMMP,241
actSMRF,None,0,Combatives_Common_actSMRF,241
actSMRH,None,0,Combatives_Common_actSMRH,241
actSMRJ,None,0,Combatives_Common_actSMRJ,241
actSMRN,None,0,Combatives_Common_actSMRN,241
actSMRP,None,0,Combatives_Common_actSMRP,241
actSMUF,None,0,Combatives_Common_actSMUF,241
actSMUH,None,0,Combatives_Common_actSMUH,241
actSMUJ,None,0,Combatives_Common_actSMUJ,241
actSMUN,None,0,Combatives_Common_actSMUN,241
actSMUP,None,0,Combatives_Common_actSMUP,241
actSPC,1/2発目,0,Combatives_Common_actCHG,241
actSPC,2/2発目,1,Combatives_Common_actSPC,188
actSPF1,None,0,Combatives_Common_actSPF1,240
actSPF1C,None,0,Combatives_Common_actSPF1C,240
actSPF1W,None,0,Combatives_Common_actSPF1W,241
actSPF2,None,0,Combatives_Common_actSPF2,240
actSPF2C,None,0,Combatives_Common_actSPF2C,241
actSPF2W,None,0,Combatives_Common_actSPF2W,241
actSPFGtN,None,0,Combatives_Common_actSPFGtN,241
actSPM1HI,None,0,Combatives_9998_00_actSPM2_ADMHI,222
actSPM1SM,None,0,Combatives_Common_actDDS,211
actSPM2HD1P,None,0,Combatives_Common_actSPM2HD1P,225
actSPM2SI,None,0,Combatives_Common_actSPMSI_Attack,205
actSPM2SM,None,0,Combatives_Common_actDDS,207
actSPM3SM,None,0,Combatives_Common_actDDS,211
actSPSF,None,0,Combatives_Common_actSPSF,241
actSPSN,None,0,Combatives_Common_actSPSN,241
actSPSP,None,0,Combatives_Common_actSPSP,241
actSRDF,None,0,Combatives_Common_actSRDF,241
actSRDN,None,0,Combatives_Common_actSRDN,241
actSRDP,None,0,Combatives_Common_actSRDP,241
actSRS,None,0,Combatives_Common_actSRS,241
actSSA,None,0,Combatives_Common_actSSA,241
actSSW1PFN,None,0,Combatives_Common_actSSW1PFN,241
actSZCADA,None,0,Combatives_Common_actSZCADA,241
actSZCADG,None,0,Combatives_Common_actSZCADG,241
actSZCALA,None,0,Combatives_Common_actSZCALA,241
actSZCALG,None,0,Combatives_Common_actSZCALG,241
actSZCAMA,None,0,Combatives_Common_actSZCAMA,241
actSZCAMG,None,0,Combatives_Common_actSZCAMG,241
actSZCARA,None,0,Combatives_Common_actSZCARA,241
actSZCARG,None,0,Combatives_Common_actSZCARG,241
actSZCAUA,None,0,Combatives_Common_actSZCAUA,241
actSZCAUG,None,0,Combatives_Common_actSZCAUG,241
actSZCC,None,0,Combatives_Common_actSZCC,241
actSZCCP,None,0,Combatives_Common_actSZCCP,241
actSZCCS,None,0,Combatives_Common_actSZCCS,241
actSZCVS,None,0,Combatives_Common_actSZCVS,241
actTA1,None,0,Combatives_Common_actTA1,241
actTA2,None,0,Combatives_Common_actTA2,241
actTA3,None,0,Combatives_Common_actTA3,241
actTRW,None,0,Combatives_Common_actTRW,230
actTRW1P,None,0,Combatives_Common_actTRW1P,226
actULTHD1P,None,0,Combatives_Common_actULTHD1P,171
actULTSI,None,0,Combatives_Common_actULTSI_Attack,190
actULTSM,None,0,Combatives_Common_actDDS,214
actVAAD,None,0,Combatives_Common_actVAAD,241
actVAAL,None,0,Combatives_Common_actVAAL,241
actVAAM,None,0,Combatives_Common_actVAAM,241
actVAAR,None,0,Combatives_Common_actVAAR,241
actVAAU,None,0,Combatives_Common_actVAAU,241
actVASB,None,0,Combatives_Common_actVASB,241
actVASF,None,0,Combatives_Common_actVASF,230
actVASN,None,0,Combatives_Common_actVASN,241
actWALP,None,0,Combatives_Common_actWALP,241
actWALS,None,0,Combatives_Common_actWALS,241
actZCBAD,None,0,Combatives_Common_actZCBAD,230
actZCBAL,None,0,Combatives_Common_actZCBAL,230
actZCBAM,None,0,Combatives_Common_actZCBAM,230
actZCBAR,None,0,Combatives_Common_actZCBAR,230
actZCBAU,None,0,Combatives_Common_actZCBAU,230
actZCBGD,None,0,Combatives_Common_actZCBGD,239
actZCBGL,None,0,Combatives_Common_actZCBGL,239
actZCBGM,None,0,Combatives_Common_actZCBGM,239
actZCBGR,None,0,Combatives_Common_actZCBGR,239
actZCBGU,None,0,Combatives_Common_actZCBGU,239
actZCC,None,0,Combatives_Common_actZCC,241
actZCOD,None,0,Combatives_Common_actZCOD,241
actZCOL,None,0,Combatives_Common_actZCOL,241
actZCOM,None,0,Combatives_Common_actZCOM,241
actZCOR,None,0,Combatives_Common_actZCOR,241
actZCOU,None,0,Combatives_Common_actZCOU,241
