curve,time,value
ComboDamageScalingCurve,3,0
ComboDamageScalingCurve,11,0.8
ComboDamageUPScalingCurve,3,0
ComboDamageUPScalingCurve,11,0.8
ComboRushBulletDamageScalingCurve,1,1
ComboRushBulletDamageScalingCurve,13,0.4
Curve_BlackoutTheBackGround_Float,0,1
Curve_BlackoutTheBackGround_Float,1,0
Curve_BlastImpactBoostScalee_Float,0,1.0000001
Curve_BlastImpactBoostScalee_Float,1,1.1
Curve_BlastImpactBoostScalee_Float,2,1.2
Curve_BlastImpactBoostScalee_Float,3,1.3
Curve_BlastImpactMeter_Float,-0.5,-0.0000011248225
Curve_BlastImpactMeter_Float,0.6,59.999996
Curve_BlastImpactMeter_Float,0.8112,100
Curve_BlastImpactPowerPush,0,0
Curve_BlastImpactPowerPush,8,0.175
Curve_BlastImpactPower_Float,0,0
Curve_BlastImpactPower_Float,100,0.125
Curve_PowerImpactBoostAccell_Float,0,0.6
Curve_PowerImpactBoostAccell_Float,0.1,0.7
Curve_PowerImpactBoostAccell_Float,0.2,1
Curve_PowerImpactBoostAccell_Float,0.3,1.15
Curve_PowerImpactBoostDown_Float,0,0.6
Curve_PowerImpactBoostDown_Float,0.1,0.70000005
Curve_PowerImpactBoostDown_Float,0.2,1
Curve_PowerImpactBoostDown_Float,0.3,1.2
Curve_PowerImpactBoost_Float,0,0.99999994
Curve_PowerImpactBoost_Float,1,1.2
Curve_PowerImpactBoost_Float,2,1.4
Curve_PowerImpactBoost_Float,3,1.6000001
Curve_PowerImpactPenalty_Float,0,1
Curve_PowerImpactPenalty_Float,1,0
Curve_PowerImpactStdAccell_Float,0,0.6
Curve_PowerImpactStdAccell_Float,0.1,0.7
Curve_PowerImpactStdAccell_Float,0.2,1
Curve_PowerImpactStdAccell_Float,0.2,0.99999994
Curve_PowerImpactStdAccell_Float,0.3,1.1999999
Curve_PowerImpactStdAccell_Float,0.4,1.1999999
Curve_PowerImpactStdAccell_Float,0.5,1.2
Curve_PowerImpactStdAccell_Float,0.6,1.2
Curve_PowerImpactStdAccell_Float,1,1.2
Curve_PowerImpactStdAccell_Float,2,1.2
Curve_PowerImpactStdDown_Float,0,0.6
Curve_PowerImpactStdDown_Float,0.1,0.70000005
Curve_PowerImpactStdDown_Float,0.2,1
Curve_PowerImpactStdDown_Float,0.3,1.2
Curve_PowerImpactStdDown_Float,1,1.2
Curve_PowerImpactStdDown_Float,1.6,1.2
Curve_SpeedImpactDamageCut_Float,0,1
Curve_SpeedImpactDamageCut_Float,5,0.90000004
Curve_SpeedImpactDamageCut_Float,10,0.76000005
Curve_SpeedImpactDamageCut_Float,15,0.65
Curve_SpeedImpactDamageCut_Float,20,0.6000001
Curve_SpeedImpactOnBoostRapid_Float,0,1
Curve_SpeedImpactOnBoostRapid_Float,1,1.2
Curve_SpeedImpactOnBoostRapid_Float,2,1.5
Curve_SpeedImpactOnBoostRapid_Float,3,1.8
Curve_SpeedImpactOnBoostTiming_Float,0,0
Curve_SpeedImpactOnBoostTiming_Float,1,0.1
Curve_SpeedImpactOnBoostTiming_Float,2,0.2
Curve_SpeedImpactOnBoostTiming_Float,3,0.3
Curve_SpeedImpactOnFinish_Float,0,1
Curve_SpeedImpactOnFinish_Float,20,1.8000001
Curve_SpeedImpactUIProgress_Float,0,0
Curve_SpeedImpactUIProgress_Float,1,1
Curve_ToonPointLight_Float,0,0
Curve_ToonPointLight_Float,1,1
DPgapDamageScalingCurve,-10,0.65
DPgapDamageScalingCurve,0,1
DPgapDamageScalingCurve,10,1.35
