table,key,field,value
class,Default,RushDamageScale,0
class,Default,SmashDamageScale,0
class,Default,ComboAttackDamageScale,0
class,Default,ThrowDamageScale,0
class,Default,ParryDamageScale,0
class,Default,PursuitDamageScale,0
class,Default,RushBulletDamageScale,0
class,Default,SmashBulletDamageScale,0
class,Default,BlastForteDamageScale,0
class,Default,BlastDamageScale,0
class,Default,BlastUltimateDamageScale,0
class,Default,CombativesDamageResist,0
class,Default,EnergyDamageResist,0
class,Default,BlastDamageResist,0
class,Default,CombativesChargeScale,0
class,Default,BulletChargeScale,0
class,Default,SPAutoRecoveryScale,0
class,Default,SPChargeSpeedScale,0
class,Default,AttackEnergyGainScale,0
class,Default,SparkingGaugeChargeSpeedScale,0
class,Default,PreSparkingGaugeDecreaseSpeedScale,0
class,Default,SparkingModeGaugeDecreaseSpeedScale,0
class,Default,BlastRecoverSpeedScale,0
class,Default,BulletExpendEnergyScale,0
class,SkillGuageUP,RushDamageScale,0
class,SkillGuageUP,SmashDamageScale,0
class,SkillGuageUP,ComboAttackDamageScale,0
class,SkillGuageUP,ThrowDamageScale,0
class,SkillGuageUP,ParryDamageScale,0
class,SkillGuageUP,PursuitDamageScale,0
class,SkillGuageUP,RushBulletDamageScale,0
class,SkillGuageUP,SmashBulletDamageScale,0
class,SkillGuageUP,BlastForteDamageScale,0
class,SkillGuageUP,BlastDamageScale,0
class,SkillGuageUP,BlastUltimateDamageScale,0
class,SkillGuageUP,CombativesDamageResist,0
class,SkillGuageUP,EnergyDamageResist,0
class,SkillGuageUP,BlastDamageResist,0
class,SkillGuageUP,CombativesChargeScale,0
class,SkillGuageUP,BulletChargeScale,0
class,SkillGuageUP,SPAutoRecoveryScale,0
class,SkillGuageUP,SPChargeSpeedScale,0
class,SkillGuageUP,AttackEnergyGainScale,0
class,SkillGuageUP,SparkingGaugeChargeSpeedScale,0
class,SkillGuageUP,PreSparkingGaugeDecreaseSpeedScale,0
class,SkillGuageUP,SparkingModeGaugeDecreaseSpeedScale,0
class,SkillGuageUP,BlastRecoverSpeedScale,0.5
class,SkillGuageUP,BulletExpendEnergyScale,0
class,SkillGuageDOWN,RushDamageScale,0
class,SkillGuageDOWN,SmashDamageScale,0
class,SkillGuageDOWN,ComboAttackDamageScale,0
class,SkillGuageDOWN,ThrowDamageScale,0
class,SkillGuageDOWN,ParryDamageScale,0
class,SkillGuageDOWN,PursuitDamageScale,0
class,SkillGuageDOWN,RushBulletDamageScale,0
class,SkillGuageDOWN,SmashBulletDamageScale,0
class,SkillGuageDOWN,BlastForteDamageScale,0
class,SkillGuageDOWN,BlastDamageScale,0
class,SkillGuageDOWN,BlastUltimateDamageScale,0
class,SkillGuageDOWN,CombativesDamageResist,0
class,SkillGuageDOWN,EnergyDamageResist,0
class,SkillGuageDOWN,BlastDamageResist,0
class,SkillGuageDOWN,CombativesChargeScale,0
class,SkillGuageDOWN,BulletChargeScale,0
class,SkillGuageDOWN,SPAutoRecoveryScale,0
class,SkillGuageDOWN,SPChargeSpeedScale,0
class,SkillGuageDOWN,AttackEnergyGainScale,0
class,SkillGuageDOWN,SparkingGaugeChargeSpeedScale,0
class,SkillGuageDOWN,PreSparkingGaugeDecreaseSpeedScale,0
class,SkillGuageDOWN,SparkingModeGaugeDecreaseSpeedScale,0
class,SkillGuageDOWN,BlastRecoverSpeedScale,-0.5
class,SkillGuageDOWN,BulletExpendEnergyScale,0
class,SpiritLess,RushDamageScale,0
class,SpiritLess,SmashDamageScale,0
class,SpiritLess,ComboAttackDamageScale,0
class,SpiritLess,ThrowDamageScale,0
class,SpiritLess,ParryDamageScale,0
class,SpiritLess,PursuitDamageScale,0
class,SpiritLess,RushBulletDamageScale,0
class,SpiritLess,SmashBulletDamageScale,0
class,SpiritLess,BlastForteDamageScale,0
class,SpiritLess,BlastDamageScale,0
class,SpiritLess,BlastUltimateDamageScale,0
class,SpiritLess,CombativesDamageResist,0
class,SpiritLess,EnergyDamageResist,0
class,SpiritLess,BlastDamageResist,0
class,SpiritLess,CombativesChargeScale,0
class,SpiritLess,BulletChargeScale,0
class,SpiritLess,SPAutoRecoveryScale,0
class,SpiritLess,SPChargeSpeedScale,0
class,SpiritLess,AttackEnergyGainScale,0
class,SpiritLess,SparkingGaugeChargeSpeedScale,0
class,SpiritLess,PreSparkingGaugeDecreaseSpeedScale,0
class,SpiritLess,SparkingModeGaugeDecreaseSpeedScale,0
class,SpiritLess,BlastRecoverSpeedScale,0
class,SpiritLess,BulletExpendEnergyScale,-0.5
class,SpiritChargeUP,RushDamageScale,0
class,SpiritChargeUP,SmashDamageScale,0
class,SpiritChargeUP,ComboAttackDamageScale,0
class,SpiritChargeUP,ThrowDamageScale,0
class,SpiritChargeUP,ParryDamageScale,0
class,SpiritChargeUP,PursuitDamageScale,0
class,SpiritChargeUP,RushBulletDamageScale,0
class,SpiritChargeUP,SmashBulletDamageScale,0
class,SpiritChargeUP,BlastForteDamageScale,0
class,SpiritChargeUP,BlastDamageScale,0
class,SpiritChargeUP,BlastUltimateDamageScale,0
class,SpiritChargeUP,CombativesDamageResist,0
class,SpiritChargeUP,EnergyDamageResist,0
class,SpiritChargeUP,BlastDamageResist,0
class,SpiritChargeUP,CombativesChargeScale,0
class,SpiritChargeUP,BulletChargeScale,0
class,SpiritChargeUP,SPAutoRecoveryScale,0
class,SpiritChargeUP,SPChargeSpeedScale,0.5
class,SpiritChargeUP,AttackEnergyGainScale,0
class,SpiritChargeUP,SparkingGaugeChargeSpeedScale,0
class,SpiritChargeUP,PreSparkingGaugeDecreaseSpeedScale,0
class,SpiritChargeUP,SparkingModeGaugeDecreaseSpeedScale,0
class,SpiritChargeUP,BlastRecoverSpeedScale,0
class,SpiritChargeUP,BulletExpendEnergyScale,0
class,SkillGuageUP_SpiritChargeDOWN,RushDamageScale,0
class,SkillGuageUP_SpiritChargeDOWN,SmashDamageScale,0
class,SkillGuageUP_SpiritChargeDOWN,ComboAttackDamageScale,0
class,SkillGuageUP_SpiritChargeDOWN,ThrowDamageScale,0
class,SkillGuageUP_SpiritChargeDOWN,ParryDamageScale,0
class,SkillGuageUP_SpiritChargeDOWN,PursuitDamageScale,0
class,SkillGuageUP_SpiritChargeDOWN,RushBulletDamageScale,0
class,SkillGuageUP_SpiritChargeDOWN,SmashBulletDamageScale,0
class,SkillGuageUP_SpiritChargeDOWN,BlastForteDamageScale,0
class,SkillGuageUP_SpiritChargeDOWN,BlastDamageScale,0
class,SkillGuageUP_SpiritChargeDOWN,BlastUltimateDamageScale,0
class,SkillGuageUP_SpiritChargeDOWN,CombativesDamageResist,0
class,SkillGuageUP_SpiritChargeDOWN,EnergyDamageResist,0
class,SkillGuageUP_SpiritChargeDOWN,BlastDamageResist,0
class,SkillGuageUP_SpiritChargeDOWN,CombativesChargeScale,0
class,SkillGuageUP_SpiritChargeDOWN,BulletChargeScale,0
class,SkillGuageUP_SpiritChargeDOWN,SPAutoRecoveryScale,0
class,SkillGuageUP_SpiritChargeDOWN,SPChargeSpeedScale,-0.5
class,SkillGuageUP_SpiritChargeDOWN,AttackEnergyGainScale,0
class,SkillGuageUP_SpiritChargeDOWN,SparkingGaugeChargeSpeedScale,0
class,SkillGuageUP_SpiritChargeDOWN,PreSparkingGaugeDecreaseSpeedScale,0
class,SkillGuageUP_SpiritChargeDOWN,SparkingModeGaugeDecreaseSpeedScale,0
class,SkillGuageUP_SpiritChargeDOWN,BlastRecoverSpeedScale,0.5
class,SkillGuageUP_SpiritChargeDOWN,BulletExpendEnergyScale,0
class,Normal,RushDamageScale,0
class,Normal,SmashDamageScale,0
class,Normal,ComboAttackDamageScale,0
class,Normal,ThrowDamageScale,0
class,Normal,ParryDamageScale,0
class,Normal,PursuitDamageScale,0
class,Normal,RushBulletDamageScale,0
class,Normal,SmashBulletDamageScale,0
class,Normal,BlastForteDamageScale,0
class,Normal,BlastDamageScale,0
class,Normal,BlastUltimateDamageScale,0
class,Normal,CombativesDamageResist,0
class,Normal,EnergyDamageResist,0
class,Normal,BlastDamageResist,0
class,Normal,CombativesChargeScale,0
class,Normal,BulletChargeScale,0
class,Normal,SPAutoRecoveryScale,0
class,Normal,SPChargeSpeedScale,0
class,Normal,AttackEnergyGainScale,0
class,Normal,SparkingGaugeChargeSpeedScale,0
class,Normal,PreSparkingGaugeDecreaseSpeedScale,0
class,Normal,SparkingModeGaugeDecreaseSpeedScale,0
class,Normal,BlastRecoverSpeedScale,0
class,Normal,BulletExpendEnergyScale,0
class,Power,RushDamageScale,0.15
class,Power,SmashDamageScale,0.15
class,Power,ComboAttackDamageScale,0.15
class,Power,ThrowDamageScale,0.15
class,Power,ParryDamageScale,0.15
class,Power,PursuitDamageScale,0.15
class,Power,RushBulletDamageScale,-0.15
class,Power,SmashBulletDamageScale,-0.15
class,Power,BlastForteDamageScale,-0.05
class,Power,BlastDamageScale,-0.05
class,Power,BlastUltimateDamageScale,-0.05
class,Power,CombativesDamageResist,0.05
class,Power,EnergyDamageResist,0.05
class,Power,BlastDamageResist,0
class,Power,CombativesChargeScale,0.3
class,Power,BulletChargeScale,-0.15
class,Power,SPAutoRecoveryScale,-0.1
class,Power,SPChargeSpeedScale,-0.1
class,Power,AttackEnergyGainScale,0
class,Power,SparkingGaugeChargeSpeedScale,0.2
class,Power,PreSparkingGaugeDecreaseSpeedScale,0
class,Power,SparkingModeGaugeDecreaseSpeedScale,0
class,Power,BlastRecoverSpeedScale,0
class,Power,BulletExpendEnergyScale,0.1
class,Speed,RushDamageScale,-0.05
class,Speed,SmashDamageScale,-0.2
class,Speed,ComboAttackDamageScale,-0.2
class,Speed,ThrowDamageScale,-0.1
class,Speed,ParryDamageScale,-0.1
class,Speed,PursuitDamageScale,-0.1
class,Speed,RushBulletDamageScale,0
class,Speed,SmashBulletDamageScale,0
class,Speed,BlastForteDamageScale,0
class,Speed,BlastDamageScale,0
class,Speed,BlastUltimateDamageScale,0
class,Speed,CombativesDamageResist,-0.1
class,Speed,EnergyDamageResist,-0.1
class,Speed,BlastDamageResist,0
class,Speed,CombativesChargeScale,-0.25
class,Speed,BulletChargeScale,0.1
class,Speed,SPAutoRecoveryScale,0
class,Speed,SPChargeSpeedScale,0
class,Speed,AttackEnergyGainScale,0
class,Speed,SparkingGaugeChargeSpeedScale,0
class,Speed,PreSparkingGaugeDecreaseSpeedScale,0
class,Speed,SparkingModeGaugeDecreaseSpeedScale,0.05
class,Speed,BlastRecoverSpeedScale,0.05
class,Speed,BulletExpendEnergyScale,0.2
class,Shoot,RushDamageScale,-0.1
class,Shoot,SmashDamageScale,-0.1
class,Shoot,ComboAttackDamageScale,-0.1
class,Shoot,ThrowDamageScale,-0.1
class,Shoot,ParryDamageScale,-0.1
class,Shoot,PursuitDamageScale,-0.1
class,Shoot,RushBulletDamageScale,0.15
class,Shoot,SmashBulletDamageScale,0.15
class,Shoot,BlastForteDamageScale,0
class,Shoot,BlastDamageScale,0
class,Shoot,BlastUltimateDamageScale,0
class,Shoot,CombativesDamageResist,-0.05
class,Shoot,EnergyDamageResist,-0.05
class,Shoot,BlastDamageResist,0
class,Shoot,CombativesChargeScale,-0.25
class,Shoot,BulletChargeScale,0.1
class,Shoot,SPAutoRecoveryScale,0.1
class,Shoot,SPChargeSpeedScale,0.1
class,Shoot,AttackEnergyGainScale,0
class,Shoot,SparkingGaugeChargeSpeedScale,-0.1
class,Shoot,PreSparkingGaugeDecreaseSpeedScale,0
class,Shoot,SparkingModeGaugeDecreaseSpeedScale,0.05
class,Shoot,BlastRecoverSpeedScale,0
class,Shoot,BulletExpendEnergyScale,-0.2
class,Almighty,RushDamageScale,0.1
class,Almighty,SmashDamageScale,0.1
class,Almighty,ComboAttackDamageScale,0.1
class,Almighty,ThrowDamageScale,0.1
class,Almighty,ParryDamageScale,0.1
class,Almighty,PursuitDamageScale,0.1
class,Almighty,RushBulletDamageScale,0.1
class,Almighty,SmashBulletDamageScale,0.1
class,Almighty,BlastForteDamageScale,0.1
class,Almighty,BlastDamageScale,0.1
class,Almighty,BlastUltimateDamageScale,0.1
class,Almighty,CombativesDamageResist,0
class,Almighty,EnergyDamageResist,0
class,Almighty,BlastDamageResist,0
class,Almighty,CombativesChargeScale,0.15
class,Almighty,BulletChargeScale,0
class,Almighty,SPAutoRecoveryScale,0
class,Almighty,SPChargeSpeedScale,-0.1
class,Almighty,AttackEnergyGainScale,0
class,Almighty,SparkingGaugeChargeSpeedScale,0.1
class,Almighty,PreSparkingGaugeDecreaseSpeedScale,0
class,Almighty,SparkingModeGaugeDecreaseSpeedScale,0.1
class,Almighty,BlastRecoverSpeedScale,0
class,Almighty,BulletExpendEnergyScale,0
class,Mecha Normal,RushDamageScale,0
class,Mecha Normal,SmashDamageScale,0
class,Mecha Normal,ComboAttackDamageScale,0
class,Mecha Normal,ThrowDamageScale,0
class,Mecha Normal,ParryDamageScale,0
class,Mecha Normal,PursuitDamageScale,0
class,Mecha Normal,RushBulletDamageScale,0
class,Mecha Normal,SmashBulletDamageScale,0
class,Mecha Normal,BlastForteDamageScale,0
class,Mecha Normal,BlastDamageScale,0
class,Mecha Normal,BlastUltimateDamageScale,0
class,Mecha Normal,CombativesDamageResist,0
class,Mecha Normal,EnergyDamageResist,0
class,Mecha Normal,BlastDamageResist,0
class,Mecha Normal,CombativesChargeScale,0
class,Mecha Normal,BulletChargeScale,0
class,Mecha Normal,SPAutoRecoveryScale,0
class,Mecha Normal,SPChargeSpeedScale,0
class,Mecha Normal,AttackEnergyGainScale,1.134
class,Mecha Normal,SparkingGaugeChargeSpeedScale,0
class,Mecha Normal,PreSparkingGaugeDecreaseSpeedScale,0
class,Mecha Normal,SparkingModeGaugeDecreaseSpeedScale,0
class,Mecha Normal,BlastRecoverSpeedScale,0
class,Mecha Normal,BulletExpendEnergyScale,0
class,Mecha Power,RushDamageScale,0.15
class,Mecha Power,SmashDamageScale,0.15
class,Mecha Power,ComboAttackDamageScale,0.15
class,Mecha Power,ThrowDamageScale,0.15
class,Mecha Power,ParryDamageScale,0.15
class,Mecha Power,PursuitDamageScale,0.15
class,Mecha Power,RushBulletDamageScale,-0.15
class,Mecha Power,SmashBulletDamageScale,-0.15
class,Mecha Power,BlastForteDamageScale,-0.05
class,Mecha Power,BlastDamageScale,-0.05
class,Mecha Power,BlastUltimateDamageScale,-0.05
class,Mecha Power,CombativesDamageResist,0.05
class,Mecha Power,EnergyDamageResist,0.05
class,Mecha Power,BlastDamageResist,0
class,Mecha Power,CombativesChargeScale,0.3
class,Mecha Power,BulletChargeScale,-0.15
class,Mecha Power,SPAutoRecoveryScale,-0.1
class,Mecha Power,SPChargeSpeedScale,-0.1
class,Mecha Power,AttackEnergyGainScale,1.134
class,Mecha Power,SparkingGaugeChargeSpeedScale,0.2
class,Mecha Power,PreSparkingGaugeDecreaseSpeedScale,0
class,Mecha Power,SparkingModeGaugeDecreaseSpeedScale,0
class,Mecha Power,BlastRecoverSpeedScale,0
class,Mecha Power,BulletExpendEnergyScale,0.1
class,Android Normal,RushDamageScale,0
class,Android Normal,SmashDamageScale,0
class,Android Normal,ComboAttackDamageScale,0
class,Android Normal,ThrowDamageScale,0
class,Android Normal,ParryDamageScale,0
class,Android Normal,PursuitDamageScale,0
class,Android Normal,RushBulletDamageScale,0
class,Android Normal,SmashBulletDamageScale,0
class,Android Normal,BlastForteDamageScale,0
class,Android Normal,BlastDamageScale,0
class,Android Normal,BlastUltimateDamageScale,0
class,Android Normal,CombativesDamageResist,0
class,Android Normal,EnergyDamageResist,0
class,Android Normal,BlastDamageResist,0
class,Android Normal,CombativesChargeScale,0
class,Android Normal,BulletChargeScale,0
class,Android Normal,SPAutoRecoveryScale,0
class,Android Normal,SPChargeSpeedScale,0
class,Android Normal,AttackEnergyGainScale,0.3
class,Android Normal,SparkingGaugeChargeSpeedScale,0
class,Android Normal,PreSparkingGaugeDecreaseSpeedScale,0
class,Android Normal,SparkingModeGaugeDecreaseSpeedScale,0
class,Android Normal,BlastRecoverSpeedScale,0
class,Android Normal,BulletExpendEnergyScale,0
class,Android Power,RushDamageScale,0.15
class,Android Power,SmashDamageScale,0.15
class,Android Power,ComboAttackDamageScale,0.15
class,Android Power,ThrowDamageScale,0.15
class,Android Power,ParryDamageScale,0.15
class,Android Power,PursuitDamageScale,0.15
class,Android Power,RushBulletDamageScale,-0.15
class,Android Power,SmashBulletDamageScale,-0.15
class,Android Power,BlastForteDamageScale,-0.05
class,Android Power,BlastDamageScale,-0.05
class,Android Power,BlastUltimateDamageScale,-0.05
class,Android Power,CombativesDamageResist,0.05
class,Android Power,EnergyDamageResist,0.05
class,Android Power,BlastDamageResist,0
class,Android Power,CombativesChargeScale,0.3
class,Android Power,BulletChargeScale,-0.15
class,Android Power,SPAutoRecoveryScale,-0.1
class,Android Power,SPChargeSpeedScale,-0.1
class,Android Power,AttackEnergyGainScale,0.3
class,Android Power,SparkingGaugeChargeSpeedScale,0.2
class,Android Power,PreSparkingGaugeDecreaseSpeedScale,0
class,Android Power,SparkingModeGaugeDecreaseSpeedScale,0
class,Android Power,BlastRecoverSpeedScale,0
class,Android Power,BulletExpendEnergyScale,0.1
class,Android Shoot,RushDamageScale,-0.1
class,Android Shoot,SmashDamageScale,-0.1
class,Android Shoot,ComboAttackDamageScale,-0.1
class,Android Shoot,ThrowDamageScale,-0.1
class,Android Shoot,ParryDamageScale,-0.1
class,Android Shoot,PursuitDamageScale,-0.1
class,Android Shoot,RushBulletDamageScale,0.15
class,Android Shoot,SmashBulletDamageScale,0.15
class,Android Shoot,BlastForteDamageScale,0
class,Android Shoot,BlastDamageScale,0
class,Android Shoot,BlastUltimateDamageScale,0
class,Android Shoot,CombativesDamageResist,-0.05
class,Android Shoot,EnergyDamageResist,-0.05
class,Android Shoot,BlastDamageResist,0
class,Android Shoot,CombativesChargeScale,-0.25
class,Android Shoot,BulletChargeScale,0.1
class,Android Shoot,SPAutoRecoveryScale,0.1
class,Android Shoot,SPChargeSpeedScale,0.1
class,Android Shoot,AttackEnergyGainScale,0.3
class,Android Shoot,SparkingGaugeChargeSpeedScale,-0.1
class,Android Shoot,PreSparkingGaugeDecreaseSpeedScale,0
class,Android Shoot,SparkingModeGaugeDecreaseSpeedScale,0.05
class,Android Shoot,BlastRecoverSpeedScale,0
class,Android Shoot,BulletExpendEnergyScale,-0.2
class,Saiyan,RushDamageScale,0.12
class,Saiyan,SmashDamageScale,0.12
class,Saiyan,ComboAttackDamageScale,0.12
class,Saiyan,ThrowDamageScale,0.1
class,Saiyan,ParryDamageScale,0.1
class,Saiyan,PursuitDamageScale,0.1
class,Saiyan,RushBulletDamageScale,0.12
class,Saiyan,SmashBulletDamageScale,0.12
class,Saiyan,BlastForteDamageScale,0.1
class,Saiyan,BlastDamageScale,0.1
class,Saiyan,BlastUltimateDamageScale,0.1
class,Saiyan,CombativesDamageResist,0
class,Saiyan,EnergyDamageResist,0
class,Saiyan,BlastDamageResist,0
class,Saiyan,CombativesChargeScale,0.1
class,Saiyan,BulletChargeScale,0.1
class,Saiyan,SPAutoRecoveryScale,-0.1
class,Saiyan,SPChargeSpeedScale,0.1
class,Saiyan,AttackEnergyGainScale,-0.1
class,Saiyan,SparkingGaugeChargeSpeedScale,0
class,Saiyan,PreSparkingGaugeDecreaseSpeedScale,-0.1
class,Saiyan,SparkingModeGaugeDecreaseSpeedScale,0
class,Saiyan,BlastRecoverSpeedScale,0
class,Saiyan,BulletExpendEnergyScale,0
class,union,RushDamageScale,0.13
class,union,SmashDamageScale,0.13
class,union,ComboAttackDamageScale,0.13
class,union,ThrowDamageScale,0.1
class,union,ParryDamageScale,0.1
class,union,PursuitDamageScale,0.1
class,union,RushBulletDamageScale,0.13
class,union,SmashBulletDamageScale,0.13
class,union,BlastForteDamageScale,0.1
class,union,BlastDamageScale,0.1
class,union,BlastUltimateDamageScale,0.1
class,union,CombativesDamageResist,0.05
class,union,EnergyDamageResist,0.05
class,union,BlastDamageResist,0
class,union,CombativesChargeScale,0.15
class,union,BulletChargeScale,0.15
class,union,SPAutoRecoveryScale,-0.15
class,union,SPChargeSpeedScale,0.1
class,union,AttackEnergyGainScale,-0.15
class,union,SparkingGaugeChargeSpeedScale,0.1
class,union,PreSparkingGaugeDecreaseSpeedScale,-0.15
class,union,SparkingModeGaugeDecreaseSpeedScale,0.1
class,union,BlastRecoverSpeedScale,0
class,union,BulletExpendEnergyScale,0.1
class,god,RushDamageScale,0.15
class,god,SmashDamageScale,0.15
class,god,ComboAttackDamageScale,0.15
class,god,ThrowDamageScale,0
class,god,ParryDamageScale,0.15
class,god,PursuitDamageScale,0.15
class,god,RushBulletDamageScale,0.1
class,god,SmashBulletDamageScale,0.1
class,god,BlastForteDamageScale,0.1
class,god,BlastDamageScale,0.1
class,god,BlastUltimateDamageScale,0.1
class,god,CombativesDamageResist,0.1
class,god,EnergyDamageResist,0.1
class,god,BlastDamageResist,0
class,god,CombativesChargeScale,0.15
class,god,BulletChargeScale,0.15
class,god,SPAutoRecoveryScale,0
class,god,SPChargeSpeedScale,0
class,god,AttackEnergyGainScale,0
class,god,SparkingGaugeChargeSpeedScale,0
class,god,PreSparkingGaugeDecreaseSpeedScale,0
class,god,SparkingModeGaugeDecreaseSpeedScale,0
class,god,BlastRecoverSpeedScale,-0.2
class,god,BulletExpendEnergyScale,0
class,Secret,RushDamageScale,0.15
class,Secret,SmashDamageScale,0.15
class,Secret,ComboAttackDamageScale,0.15
class,Secret,ThrowDamageScale,0.15
class,Secret,ParryDamageScale,0.15
class,Secret,PursuitDamageScale,0.15
class,Secret,RushBulletDamageScale,0
class,Secret,SmashBulletDamageScale,0
class,Secret,BlastForteDamageScale,0
class,Secret,BlastDamageScale,0.15
class,Secret,BlastUltimateDamageScale,0.15
class,Secret,CombativesDamageResist,0
class,Secret,EnergyDamageResist,0
class,Secret,BlastDamageResist,0
class,Secret,CombativesChargeScale,0.2
class,Secret,BulletChargeScale,0.2
class,Secret,SPAutoRecoveryScale,-0.1
class,Secret,SPChargeSpeedScale,0.1
class,Secret,AttackEnergyGainScale,0
class,Secret,SparkingGaugeChargeSpeedScale,0.2
class,Secret,PreSparkingGaugeDecreaseSpeedScale,-0.05
class,Secret,SparkingModeGaugeDecreaseSpeedScale,0
class,Secret,BlastRecoverSpeedScale,-0.05
class,Secret,BulletExpendEnergyScale,0
class,rival,RushDamageScale,0.1
class,rival,SmashDamageScale,0
class,rival,ComboAttackDamageScale,0.1
class,rival,ThrowDamageScale,-0.05
class,rival,ParryDamageScale,0.1
class,rival,PursuitDamageScale,-0.05
class,rival,RushBulletDamageScale,0.1
class,rival,SmashBulletDamageScale,0
class,rival,BlastForteDamageScale,0.1
class,rival,BlastDamageScale,0.1
class,rival,BlastUltimateDamageScale,0
class,rival,CombativesDamageResist,0
class,rival,EnergyDamageResist,0
class,rival,BlastDamageResist,0
class,rival,CombativesChargeScale,-0.05
class,rival,BulletChargeScale,-0.05
class,rival,SPAutoRecoveryScale,0
class,rival,SPChargeSpeedScale,0.1
class,rival,AttackEnergyGainScale,0
class,rival,SparkingGaugeChargeSpeedScale,0
class,rival,PreSparkingGaugeDecreaseSpeedScale,0
class,rival,SparkingModeGaugeDecreaseSpeedScale,0
class,rival,BlastRecoverSpeedScale,0
class,rival,BulletExpendEnergyScale,0
class,villain,RushDamageScale,0
class,villain,SmashDamageScale,0
class,villain,ComboAttackDamageScale,0
class,villain,ThrowDamageScale,0.15
class,villain,ParryDamageScale,0
class,villain,PursuitDamageScale,0.15
class,villain,RushBulletDamageScale,0
class,villain,SmashBulletDamageScale,0
class,villain,BlastForteDamageScale,0.1
class,villain,BlastDamageScale,0.175
class,villain,BlastUltimateDamageScale,0.175
class,villain,CombativesDamageResist,0
class,villain,EnergyDamageResist,0
class,villain,BlastDamageResist,0
class,villain,CombativesChargeScale,0
class,villain,BulletChargeScale,0
class,villain,SPAutoRecoveryScale,-0.1
class,villain,SPChargeSpeedScale,0.1
class,villain,AttackEnergyGainScale,-0.1
class,villain,SparkingGaugeChargeSpeedScale,0
class,villain,PreSparkingGaugeDecreaseSpeedScale,-0.1
class,villain,SparkingModeGaugeDecreaseSpeedScale,0
class,villain,BlastRecoverSpeedScale,0
class,villain,BulletExpendEnergyScale,0
class,legend Saiyan,RushDamageScale,0.35
class,legend Saiyan,SmashDamageScale,0.35
class,legend Saiyan,ComboAttackDamageScale,0.35
class,legend Saiyan,ThrowDamageScale,0.35
class,legend Saiyan,ParryDamageScale,0
class,legend Saiyan,PursuitDamageScale,0.35
class,legend Saiyan,RushBulletDamageScale,0.1
class,legend Saiyan,SmashBulletDamageScale,0.1
class,legend Saiyan,BlastForteDamageScale,0.1
class,legend Saiyan,BlastDamageScale,0.05
class,legend Saiyan,BlastUltimateDamageScale,0.05
class,legend Saiyan,CombativesDamageResist,-0.13
class,legend Saiyan,EnergyDamageResist,-0.13
class,legend Saiyan,BlastDamageResist,0
class,legend Saiyan,CombativesChargeScale,0.15
class,legend Saiyan,BulletChargeScale,0
class,legend Saiyan,SPAutoRecoveryScale,0
class,legend Saiyan,SPChargeSpeedScale,0
class,legend Saiyan,AttackEnergyGainScale,0
class,legend Saiyan,SparkingGaugeChargeSpeedScale,0
class,legend Saiyan,PreSparkingGaugeDecreaseSpeedScale,0
class,legend Saiyan,SparkingModeGaugeDecreaseSpeedScale,0
class,legend Saiyan,BlastRecoverSpeedScale,0
class,legend Saiyan,BulletExpendEnergyScale,0
class,giant,RushDamageScale,0.1
class,giant,SmashDamageScale,1.5
class,giant,ComboAttackDamageScale,-0.1
class,giant,ThrowDamageScale,2.5
class,giant,ParryDamageScale,-0.1
class,giant,PursuitDamageScale,0.15
class,giant,RushBulletDamageScale,-0.1
class,giant,SmashBulletDamageScale,-0.1
class,giant,BlastForteDamageScale,0
class,giant,BlastDamageScale,0.1
class,giant,BlastUltimateDamageScale,0.1
class,giant,CombativesDamageResist,0.15
class,giant,EnergyDamageResist,-0.1
class,giant,BlastDamageResist,0
class,giant,CombativesChargeScale,-0.25
class,giant,BulletChargeScale,-0.15
class,giant,SPAutoRecoveryScale,0
class,giant,SPChargeSpeedScale,0
class,giant,AttackEnergyGainScale,0.05
class,giant,SparkingGaugeChargeSpeedScale,0
class,giant,PreSparkingGaugeDecreaseSpeedScale,0
class,giant,SparkingModeGaugeDecreaseSpeedScale,0
class,giant,BlastRecoverSpeedScale,0
class,giant,BulletExpendEnergyScale,0
class,Skill,RushDamageScale,-0.12
class,Skill,SmashDamageScale,-0.12
class,Skill,ComboAttackDamageScale,-0.12
class,Skill,ThrowDamageScale,-0.12
class,Skill,ParryDamageScale,-0.12
class,Skill,PursuitDamageScale,-0.12
class,Skill,RushBulletDamageScale,-0.12
class,Skill,SmashBulletDamageScale,-0.12
class,Skill,BlastForteDamageScale,0
class,Skill,BlastDamageScale,-0.12
class,Skill,BlastUltimateDamageScale,-0.1
class,Skill,CombativesDamageResist,0
class,Skill,EnergyDamageResist,0
class,Skill,BlastDamageResist,0
class,Skill,CombativesChargeScale,-0.15
class,Skill,BulletChargeScale,0
class,Skill,SPAutoRecoveryScale,0.35
class,Skill,SPChargeSpeedScale,0.05
class,Skill,AttackEnergyGainScale,0
class,Skill,SparkingGaugeChargeSpeedScale,0.05
class,Skill,PreSparkingGaugeDecreaseSpeedScale,0
class,Skill,SparkingModeGaugeDecreaseSpeedScale,0
class,Skill,BlastRecoverSpeedScale,0.3
class,Skill,BulletExpendEnergyScale,0
class,Skill2,RushDamageScale,-0.12
class,Skill2,SmashDamageScale,-0.12
class,Skill2,ComboAttackDamageScale,-0.12
class,Skill2,ThrowDamageScale,-0.12
class,Skill2,ParryDamageScale,-0.12
class,Skill2,PursuitDamageScale,-0.12
class,Skill2,RushBulletDamageScale,-0.12
class,Skill2,SmashBulletDamageScale,-0.12
class,Skill2,BlastForteDamageScale,0
class,Skill2,BlastDamageScale,-0.12
class,Skill2,BlastUltimateDamageScale,-0.1
class,Skill2,CombativesDamageResist,0
class,Skill2,EnergyDamageResist,0
class,Skill2,BlastDamageResist,0
class,Skill2,CombativesChargeScale,-0.15
class,Skill2,BulletChargeScale,0
class,Skill2,SPAutoRecoveryScale,0.35
class,Skill2,SPChargeSpeedScale,0.05
class,Skill2,AttackEnergyGainScale,0
class,Skill2,SparkingGaugeChargeSpeedScale,0.05
class,Skill2,PreSparkingGaugeDecreaseSpeedScale,0
class,Skill2,SparkingModeGaugeDecreaseSpeedScale,0
class,Skill2,BlastRecoverSpeedScale,0
class,Skill2,BulletExpendEnergyScale,0
class,Satan,RushDamageScale,-0.37
class,Satan,SmashDamageScale,-0.37
class,Satan,ComboAttackDamageScale,-0.37
class,Satan,ThrowDamageScale,-0.37
class,Satan,ParryDamageScale,-0.37
class,Satan,PursuitDamageScale,-0.37
class,Satan,RushBulletDamageScale,-0.37
class,Satan,SmashBulletDamageScale,-0.37
class,Satan,BlastForteDamageScale,0
class,Satan,BlastDamageScale,-0.2
class,Satan,BlastUltimateDamageScale,-0.155
class,Satan,CombativesDamageResist,0
class,Satan,EnergyDamageResist,0
class,Satan,BlastDamageResist,0
class,Satan,CombativesChargeScale,-0.15
class,Satan,BulletChargeScale,0
class,Satan,SPAutoRecoveryScale,0.35
class,Satan,SPChargeSpeedScale,0.05
class,Satan,AttackEnergyGainScale,0
class,Satan,SparkingGaugeChargeSpeedScale,0.05
class,Satan,PreSparkingGaugeDecreaseSpeedScale,0
class,Satan,SparkingModeGaugeDecreaseSpeedScale,0
class,Satan,BlastRecoverSpeedScale,0.3
class,Satan,BulletExpendEnergyScale,0
class,Saiyan_Shoot,RushDamageScale,0.12
class,Saiyan_Shoot,SmashDamageScale,0.12
class,Saiyan_Shoot,ComboAttackDamageScale,0.12
class,Saiyan_Shoot,ThrowDamageScale,0.1
class,Saiyan_Shoot,ParryDamageScale,0.1
class,Saiyan_Shoot,PursuitDamageScale,0.1
class,Saiyan_Shoot,RushBulletDamageScale,-0.08
class,Saiyan_Shoot,SmashBulletDamageScale,0.12
class,Saiyan_Shoot,BlastForteDamageScale,0.1
class,Saiyan_Shoot,BlastDamageScale,0.1
class,Saiyan_Shoot,BlastUltimateDamageScale,0.1
class,Saiyan_Shoot,CombativesDamageResist,0
class,Saiyan_Shoot,EnergyDamageResist,0
class,Saiyan_Shoot,BlastDamageResist,0
class,Saiyan_Shoot,CombativesChargeScale,0.1
class,Saiyan_Shoot,BulletChargeScale,0.1
class,Saiyan_Shoot,SPAutoRecoveryScale,-0.1
class,Saiyan_Shoot,SPChargeSpeedScale,0.1
class,Saiyan_Shoot,AttackEnergyGainScale,-0.1
class,Saiyan_Shoot,SparkingGaugeChargeSpeedScale,0
class,Saiyan_Shoot,PreSparkingGaugeDecreaseSpeedScale,-0.1
class,Saiyan_Shoot,SparkingModeGaugeDecreaseSpeedScale,0
class,Saiyan_Shoot,BlastRecoverSpeedScale,0
class,Saiyan_Shoot,BulletExpendEnergyScale,0
class,Almighty_Shoot,RushDamageScale,0.1
class,Almighty_Shoot,SmashDamageScale,0.1
class,Almighty_Shoot,ComboAttackDamageScale,0.1
class,Almighty_Shoot,ThrowDamageScale,0.1
class,Almighty_Shoot,ParryDamageScale,0.1
class,Almighty_Shoot,PursuitDamageScale,0.1
class,Almighty_Shoot,RushBulletDamageScale,-0.1
class,Almighty_Shoot,SmashBulletDamageScale,0.1
class,Almighty_Shoot,BlastForteDamageScale,0.1
class,Almighty_Shoot,BlastDamageScale,0.1
class,Almighty_Shoot,BlastUltimateDamageScale,0.1
class,Almighty_Shoot,CombativesDamageResist,0
class,Almighty_Shoot,EnergyDamageResist,0
class,Almighty_Shoot,BlastDamageResist,0
class,Almighty_Shoot,CombativesChargeScale,0.15
class,Almighty_Shoot,BulletChargeScale,0
class,Almighty_Shoot,SPAutoRecoveryScale,0
class,Almighty_Shoot,SPChargeSpeedScale,-0.1
class,Almighty_Shoot,AttackEnergyGainScale,0
class,Almighty_Shoot,SparkingGaugeChargeSpeedScale,0.1
class,Almighty_Shoot,PreSparkingGaugeDecreaseSpeedScale,0
class,Almighty_Shoot,SparkingModeGaugeDecreaseSpeedScale,0.1
class,Almighty_Shoot,BlastRecoverSpeedScale,0
class,Almighty_Shoot,BulletExpendEnergyScale,0
class,Vegeta_Shoot,RushDamageScale,-0.1
class,Vegeta_Shoot,SmashDamageScale,-0.1
class,Vegeta_Shoot,ComboAttackDamageScale,-0.1
class,Vegeta_Shoot,ThrowDamageScale,-0.1
class,Vegeta_Shoot,ParryDamageScale,-0.1
class,Vegeta_Shoot,PursuitDamageScale,-0.1
class,Vegeta_Shoot,RushBulletDamageScale,-0.1
class,Vegeta_Shoot,SmashBulletDamageScale,0.15
class,Vegeta_Shoot,BlastForteDamageScale,0
class,Vegeta_Shoot,BlastDamageScale,0
class,Vegeta_Shoot,BlastUltimateDamageScale,0
class,Vegeta_Shoot,CombativesDamageResist,-0.05
class,Vegeta_Shoot,EnergyDamageResist,-0.05
class,Vegeta_Shoot,BlastDamageResist,0
class,Vegeta_Shoot,CombativesChargeScale,-0.25
class,Vegeta_Shoot,BulletChargeScale,0.1
class,Vegeta_Shoot,SPAutoRecoveryScale,0.1
class,Vegeta_Shoot,SPChargeSpeedScale,0.1
class,Vegeta_Shoot,AttackEnergyGainScale,0
class,Vegeta_Shoot,SparkingGaugeChargeSpeedScale,-0.1
class,Vegeta_Shoot,PreSparkingGaugeDecreaseSpeedScale,0
class,Vegeta_Shoot,SparkingModeGaugeDecreaseSpeedScale,0.05
class,Vegeta_Shoot,BlastRecoverSpeedScale,0
class,Vegeta_Shoot,BulletExpendEnergyScale,-0.2
dp,1,LifePointScale,1
dp,1,DamageScale,0.6
dp,1,SingleBattleDamageScale,0.6
dp,1,ChangeCharacterCooldown,5
dp,2,LifePointScale,1
dp,2,DamageScale,0.9
dp,2,SingleBattleDamageScale,0.9
dp,2,ChangeCharacterCooldown,24
dp,3,LifePointScale,1
dp,3,DamageScale,0.95
dp,3,SingleBattleDamageScale,0.925
dp,3,ChangeCharacterCooldown,26
dp,4,LifePointScale,1
dp,4,DamageScale,1
dp,4,SingleBattleDamageScale,0.95
dp,4,ChangeCharacterCooldown,28
dp,5,LifePointScale,1
dp,5,DamageScale,1.05
dp,5,SingleBattleDamageScale,0.975
dp,5,ChangeCharacterCooldown,30
dp,6,LifePointScale,1
dp,6,DamageScale,1.1
dp,6,SingleBattleDamageScale,1
dp,6,ChangeCharacterCooldown,32
dp,7,LifePointScale,1
dp,7,DamageScale,1.15
dp,7,SingleBattleDamageScale,1.025
dp,7,ChangeCharacterCooldown,34
dp,8,LifePointScale,1
dp,8,DamageScale,1.2
dp,8,SingleBattleDamageScale,1.05
dp,8,ChangeCharacterCooldown,36
dp,9,LifePointScale,1
dp,9,DamageScale,1.25
dp,9,SingleBattleDamageScale,1.075
dp,9,ChangeCharacterCooldown,38
dp,10,LifePointScale,1
dp,10,DamageScale,1.3
dp,10,SingleBattleDamageScale,1.1
dp,10,ChangeCharacterCooldown,40
battle,CommonParameter,DamageRate,1.25
battle,CommonParameter,SPAutoRecoverySpeedSuperZCounter,-3000
battle,CommonParameter,SuperAscertainSPCost,3500
battle,CommonParameter,PossibleAscertainAngle,100
battle,CommonParameter,BlastRecoverSpeed,0.063
battle,CommonParameter,StunReactionMaxRecoverySP,10000
battle,CommonParameter,StunReactionRecoverySpeed,0.15
battle,CommonParameter,LimitBoostRecoverySpeed,2500
battle,CommonParameter,LiftRecoveryWaitTime,0.5
battle,CommonParameter,FallRecoveryToLandingBorderDistance,500
battle,CommonParameter,TeleportationCounterInputTime,0.35
battle,CommonParameter,TeleportationCounterWaitTime,0.4
battle,CommonParameter,TeleportationCounterStopRequestTime,0.2
battle,CommonParameter,LifeHealMaxAtBench,5000
battle,CommonParameter,RushHighSpeedMoveExpendSp,5000
battle,CommonParameter,RushHighSpeedMoveRevengeExpendSp,5000
battle,CommonParameter,SuperZCounterCatchBlastCost,1
battle,CommonParameter,BodyPitchAngleMinForGiant,-15
battle,CommonParameter,BodyPitchAngleMaxForGiant,15
battle,CommonParameter,ShortDashSpeedDownDistance,225
battle,CommonParameter,ShortDashSpeedDownDistanceForGiant,325
battle,CommonParameter,DragonDashInterval,0.333333
battle,CommonParameter,ComboAttackActionCategory[0],EKoratActionCategoryType::Rush
battle,CommonParameter,ComboAttackActionCategory[1],EKoratActionCategoryType::RushDerivative
battle,CommonParameter,ComboAttackActionCategory[2],EKoratActionCategoryType::Kiadn
battle,CommonParameter,ComboAttackActionCategory[3],EKoratActionCategoryType::UniqueAttack
battle,CommonParameter,ComboAttackActionCategory[4],EKoratActionCategoryType::Smash
battle,CommonParameter,BlastDamageScaleInCombo,0.7
battle,CommonParameter,BlastDamageScaleEachBlastHit,0.5
battle,CommonParameter,SmashLevelGaugeThresholds[0],0.3
battle,CommonParameter,SmashLevelGaugeThresholds[1],0.7
battle,CommonParameter,SmashLevelGaugeMax,1
battle,CommonParameter,SmashLevelGaugeDecrementSpeed,0.15
battle,CommonParameter,PursuitPossibleTime,0.55
battle,CommonParameter,DragonHomingDecelerationDistance,900
battle,CommonParameter,DragonHomingKeepDistance,750
battle,CommonParameter,DragonHomingInputInfluence,0.25
battle,CommonParameter,DragonHomingInputInfluenceAttenuationDistance,1500
battle,CommonParameter,DragonHomingKeepDistanceInputInfluence,0.2
battle,CommonParameter,DragonSmashTransitionDistance,800
battle,CommonParameter,DragonSmashInputPositionMoveSpeed,35
battle,CommonParameter,DragonDashAttackInputPositionMoveSpeed,35
battle,CommonParameter,SmashBulletShotDynamicMontageSections[0],CG
battle,CommonParameter,BlastBoostNormalMagnification,1.2
battle,CommonParameter,BlastBoostSparkingMagnification,1.3
battle,CommonParameter,NearVanishingAssaultExpendSp,10000
battle,CommonParameter,MidVanishingAssaultExpendSp,10000
battle,CommonParameter,FarVanishingAssaultExpendSp,10000
battle,CommonParameter,CostumeDamageLvSettings[0].Key,1
battle,CommonParameter,CostumeDamageLvSettings[0].Value,0
battle,CommonParameter,CostumeDamageLvSettings[1].Key,3
battle,CommonParameter,CostumeDamageLvSettings[1].Value,1
battle,CommonParameter,MapChangeDestructStartHp,25000
battle,CommonParameter,MapChangeDestructFloorDistance,300
battle,CommonParameter,CollisionBones[0],SHOULDER_R
battle,CommonParameter,CollisionBones[1],ELBOW_R
battle,CommonParameter,CollisionBones[2],WRIST_R
battle,CommonParameter,CollisionBones[3],SHOULDER_L
battle,CommonParameter,CollisionBones[4],ELBOW_L
battle,CommonParameter,CollisionBones[5],WRIST_L
battle,CommonParameter,CollisionBones[6],CLANK_R
battle,CommonParameter,CollisionBones[7],TOE2_R
battle,CommonParameter,CollisionBones[8],CLANK_L
battle,CommonParameter,CollisionBones[9],TOE2_L
battle,CommonParameter,CollisionBones[10],HAIR
battle,CommonParameter,CollisionBones[11],socket_HEAD_Aura
battle,CommonParameter,CollisionAxisBone,socket_WAIST_Reserve
battle,CommonParameter,DamageCollisionBones[0],SHOULDER_R
battle,CommonParameter,DamageCollisionBones[1],ELBOW_R
battle,CommonParameter,DamageCollisionBones[2],WRIST_R
battle,CommonParameter,DamageCollisionBones[3],SHOULDER_L
battle,CommonParameter,DamageCollisionBones[4],ELBOW_L
battle,CommonParameter,DamageCollisionBones[5],WRIST_L
battle,CommonParameter,DamageCollisionBones[6],CLANK_R
battle,CommonParameter,DamageCollisionBones[7],TOE2_R
battle,CommonParameter,DamageCollisionBones[8],CLANK_L
battle,CommonParameter,DamageCollisionBones[9],TOE2_L
battle,CommonParameter,DamageCollisionBones[10],HAIR
battle,CommonParameter,DamageCollisionBones[11],socket_HEAD_Aura
battle,CommonParameter,DamageCollisionAxisBone,socket_WAIST_Reserve
battle,CommonParameter,TransitionPossibleTimeFromDashAttackToShortDash,0.5
battle,CommonParameter,RevengeCounterShortAttackTransitionRangeGiant,1000
battle,CommonParameter,RevengeCounterMediumUpAttackTransitionRange,100
battle,CommonParameter,RevengeCounterMediumUpAttackTransitionRangeGiant,100
battle,CommonParameter,RevengeCounterMediumAttackStartRange,500
battle,CommonParameter,RevengeCounterMediumAttackStartRangeGiant,800
battle,CommonParameter,RevengeCounterLongAttackStartRange,650
battle,CommonParameter,RevengeCounterLongAttackStartRangeGiant,800
battle,CommonParameter,DestructionObjectTypeListForDestructedDamage[0],EKoratDestructionObjectType::SwitchMObject
battle,CommonParameter,DestructionObjectTypeListForDestructedDamage[1],EKoratDestructionObjectType::SwitchBObject
battle,CommonParameter,DestructionObjectTypeListForDestructedDamage[2],EKoratDestructionObjectType::AfterEvacuationSwitchBObject
battle,CommonParameter,DestructionObjectTypeListForDestructedDamage[3],EKoratDestructionObjectType::AfterEvacuationSwitchGOject
battle,CommonParameter,DestructedDamage,500
battle,CommonParameter,DestructedDamageCoolTime,0.5
battle,CommonParameter,DestructedToMapDamageCoolTime,0.5
battle,CommonParameter,SelfishnessHitBackLimitDuration,0.1
battle,CommonParameter,SelfishnessHitBackLimitInitialSpeed,750
battle,CommonParameter,SelfishnessHitBackLimitBrakingDeceleration,1000
battle,CommonParameter,MoveParameterChangingLimit.NormalMove.MaxSpeedScale,0.5
battle,CommonParameter,MoveParameterChangingLimit.NormalMove.AccelScale,0.5
battle,CommonParameter,MoveParameterChangingLimit.NormalMove.BrakeScale,0.5
battle,CommonParameter,MoveParameterChangingLimit.JumpScale,0.5
battle,CommonParameter,MoveParameterChangingLimit.HighSpeedMove.MaxSpeedScale,0.5
battle,CommonParameter,MoveParameterChangingLimit.HighSpeedMove.AccelScale,0.5
battle,CommonParameter,MoveParameterChangingLimit.HighSpeedMove.BrakeScale,0.5
battle,CommonParameter,MoveParameterChangingLimit.SuperHighSpeedMoveScale,0.5
battle,CommonParameter,MoveParameterChangingLimit.ShortDashMove.MaxSpeedScale,0.5
battle,CommonParameter,MoveParameterChangingLimit.ShortDashMove.AccelScale,0.5
battle,CommonParameter,MoveParameterChangingLimit.ShortDashMove.BrakeScale,0.5
battle,CommonParameter,MoveParameterChangingLimit.DragonDashMove.MaxSpeedScale,0.5
battle,CommonParameter,MoveParameterChangingLimit.DragonDashMove.AccelScale,0.5
battle,CommonParameter,MoveParameterChangingLimit.DragonDashMove.BrakeScale,0.5
battle,CommonParameter,SingleBattleStyleChangeBuff[0],Buff_Common_FormChange
battle,CommonParameter,SingleBattleStyleChangeBuff[1],Buff_Common_FormChange02
battle,CommonParameter,SingleBattleStyleChangeBuff[2],Buff_Common_FormChange03
battle,CommonParameter,SingleBattleStyleChangeBuff[3],Buff_Common_FormChange04
battle,CommonParameter,SingleBattleStyleChangeBuff[4],Buff_Common_FormChange05
battle,CommonParameter,AimAngleLimit.Pitch,60
battle,CommonParameter,AimAngleLimit.Yaw,40
battle,CommonParameter,AimAngleLimit.Roll,360
battle,CommonParameter,ZCounterInputTime[0],0.1
battle,CommonParameter,ZCounterInputTime[1],0.066667
battle,CommonParameter,ZCounterPlayRate[0],1
battle,CommonParameter,ZCounterPlayRate[1],1.25
battle,CommonParameter,ZCounterPlayRate[2],1.5
battle,CommonParameter,ZCounterPlayRate[3],2
battle,CommonParameter,ZCounterPlayRate[4],2.333333
battle,CommonParameter,SuperCounterInputCoolTime,0.5
battle,CommonParameter,SparkingBoostCost,1
battle,CommonParameter,bIsConsumeSparkingBoostCostInReservation,false
battle,CommonParameter,SparkingBoostBuff[0],Buff_Common_SPBoost
battle,CommonParameter,SparkingBoostEndBuff,Buff_Common_SPBoostEnd
battle,CommonParameter,TaketurnBlastDamageSacle,0.7
battle,CommonParameter,TaketurnBlastCostClass,BP_CharacterTaketurnBlastCost
battle,CommonParameter,TaketurnBlastBuff,Buff_Common_102_collaboration
